Date,"VOC, ppm",AQS,"Temperature, °C","Humidity, %","Pressure, mbar","PM1, ug/m3","PM2.5, ug/m3","PM10, ug/m3",Latitude,Longitude
01/11/2021 00:00:00,0.167,93,10.0,43,990.1,1,1,2,53.81516650058869,-1.8078977338242685
01/11/2021 00:01:00,0.088,96,10.0,45,990.26,1,1,2,53.81544452881384,-1.8079229381869248
01/11/2021 00:02:00,0.128,95,9.9,44,990.27,2,2,3,53.81567272349001,-1.8077758546776408
01/11/2021 00:03:00,0.167,93,9.9,44,990.05,1,2,2,53.81601384466606,-1.8080510693780656
01/11/2021 00:04:00,0.159,94,9.9,44,990.12,1,1,2,53.81615235321766,-1.808158972812776
01/11/2021 00:05:00,0.203,92,9.8,45,990.21,1,2,3,53.815971474079625,-1.808642910563895
01/11/2021 00:06:00,0.121,95,9.8,45,990.97,1,1,2,53.81591489780071,-1.808516197609152
01/11/2021 00:07:00,0.096,96,9.7,45,990.93,1,2,3,53.81580146242046,-1.8086016085488406
01/11/2021 00:08:00,0.16,93,9.9,45,991.12,1,1,2,53.81618402612717,-1.8083929040454405
01/11/2021 00:09:00,0.222,91,9.8,46,991.34,1,2,3,53.81609518259092,-1.808793076223256
01/11/2021 00:10:00,0.177,93,9.9,46,991.4,1,1,3,53.81620550212873,-1.8083967504977174
01/11/2021 00:11:00,0.136,94,9.7,46,991.31,1,2,3,53.81633426571259,-1.8082774058668043
01/11/2021 00:12:00,0.191,92,9.9,46,990.99,2,2,4,53.81620622180011,-1.8077448752887864
01/11/2021 00:13:00,0.217,91,10.1,46,990.72,2,2,4,53.81624331598547,-1.807867487087427
01/11/2021 00:14:00,0.137,94,10.1,46,990.66,1,2,4,53.815942017799195,-1.808030735254629
01/11/2021 00:15:00,0.154,94,10.1,47,990.87,2,2,4,53.81610475740024,-1.8077408563460295
01/11/2021 00:16:00,0.166,93,10.0,48,990.9,1,2,3,53.816348342173804,-1.807363503411696
01/11/2021 00:17:00,0.198,92,10.1,47,990.65,2,2,4,53.81642670749143,-1.8070898325907665
01/11/2021 00:18:00,0.201,92,10.0,47,990.52,2,3,5,53.816346558067885,-1.8076653270022074
01/11/2021 00:19:00,0.124,95,10.0,47,990.26,3,3,5,53.81639026290805,-1.8075860069859697
01/11/2021 00:20:00,0.066,97,10.2,47,990.48,2,3,4,53.81609568027816,-1.8077717743541672
01/11/2021 00:21:00,0.054,97,10.0,47,990.56,2,3,4,53.815996790015085,-1.807630109760416
01/11/2021 00:22:00,0.138,94,9.9,47,990.69,2,3,4,53.815845601508805,-1.8073031820812104
01/11/2021 00:23:00,0.102,96,9.9,46,991.16,2,3,4,53.81604721089291,-1.8072520685928803
01/11/2021 00:24:00,0.141,94,9.8,46,991.09,3,3,5,53.81591363327186,-1.807523323201136
01/11/2021 00:25:00,0.141,94,9.8,46,991.13,3,4,6,53.816049622378706,-1.8075422288572733
01/11/2021 00:26:00,0.119,95,9.9,47,991.24,4,5,7,53.816128446394195,-1.8075391908064489
01/11/2021 00:27:00,0.081,96,9.7,47,991.21,3,4,6,53.816051012495585,-1.8075315607177143
01/11/2021 00:28:00,0.021,99,9.7,47,991.55,3,3,5,53.81633319541261,-1.8079713193016602
01/11/2021 00:29:00,0.075,97,9.8,47,991.48,2,3,5,53.81630381707575,-1.808234538106434
01/11/2021 00:30:00,0.133,94,9.7,46,991.47,2,3,4,53.81625984813344,-1.808249545017383
01/11/2021 00:31:00,0.16,93,9.6,46,991.38,2,2,4,53.81624970281136,-1.8082363942347577
01/11/2021 00:32:00,0.163,93,9.6,45,991.39,2,3,5,53.81590402687473,-1.8084243822530275
01/11/2021 00:33:00,0.142,94,9.6,44,991.33,2,3,6,53.8158821037445,-1.808386538345065
01/11/2021 00:34:00,0.121,95,9.6,45,991.57,2,3,6,53.81608796992587,-1.8090033322971402
01/11/2021 00:35:00,0.128,95,9.8,45,991.18,2,3,6,53.81616159428239,-1.8093216298697485
01/11/2021 00:36:00,0.121,95,9.9,44,991.25,2,3,7,53.81592120868854,-1.8092378246053766
01/11/2021 00:37:00,0.113,95,10.2,44,991.18,2,3,7,53.815849429436874,-1.8092748861015784
01/11/2021 00:38:00,0.091,96,10.1,45,991.27,2,3,8,53.815470966141696,-1.80967762356534
01/11/2021 00:39:00,0.139,94,10.2,45,991.39,3,4,10,53.81561814967846,-1.810197745083198
01/11/2021 00:40:00,0.121,95,10.1,45,991.1,3,4,10,53.815810783007734,-1.8098222585057966
01/11/2021 00:41:00,0.148,94,10.1,46,991.17,3,4,11,53.815733343510274,-1.8095846496896166
01/11/2021 00:42:00,0.077,97,10.0,46,990.86,3,4,10,53.81572263879987,-1.8096883828794532
01/11/2021 00:43:00,0.053,98,10.1,46,991.03,3,5,11,53.8157204408191,-1.8096869471328512
01/11/2021 00:44:00,0.167,93,10.1,46,991.44,3,4,10,53.81554871223787,-1.8101463165565053
01/11/2021 00:45:00,0.137,94,10.0,46,991.04,3,4,10,53.815542352985155,-1.8107976873920033
01/11/2021 00:46:00,0.142,94,9.9,47,990.51,3,4,11,53.81546252793982,-1.81015788388454
01/11/2021 00:47:00,0.117,95,9.8,48,990.78,3,4,11,53.81578709106535,-1.8104586003501004
01/11/2021 00:48:00,0.226,91,9.8,48,990.64,4,6,12,53.81576821328455,-1.8103869680128988
01/11/2021 00:49:00,0.15,94,9.8,47,990.91,4,5,11,53.81588180552531,-1.810975512971639
01/11/2021 00:50:00,0.19,92,9.8,48,991.04,3,4,9,53.81570704473591,-1.8111173048894225
01/11/2021 00:51:00,0.194,92,9.7,49,991.13,3,4,9,53.815630973845664,-1.8117783824936664
01/11/2021 00:52:00,0.095,96,9.7,48,991.45,3,5,10,53.8154377604131,-1.811953405231269
01/11/2021 00:53:00,0.175,93,9.6,48,991.29,4,5,10,53.815185302450146,-1.812441107997004
01/11/2021 00:54:00,0.243,90,9.4,50,991.16,4,6,10,53.81518405010025,-1.8121500072343615
01/11/2021 00:55:00,0.28,89,9.4,49,991.38,4,6,10,53.814978927177734,-1.8118824989916817
01/11/2021 00:56:00,0.413,84,9.4,49,991.18,4,5,9,53.814987417666586,-1.8118904204196342
01/11/2021 00:57:00,0.375,85,9.3,50,991.47,3,5,8,53.81497226282564,-1.8122799164846797
01/11/2021 00:58:00,0.428,83,9.2,52,991.86,3,5,8,53.815269192222246,-1.812629362665003
01/11/2021 00:59:00,0.344,87,9.1,51,991.7,3,4,8,53.81538021672055,-1.8124260595808388
01/11/2021 01:00:00,0.311,88,9.1,52,991.82,4,5,8,53.815313940963605,-1.8128805090878681
01/11/2021 01:01:00,0.304,88,9.0,52,991.99,4,5,8,53.81531298487107,-1.812844231599653
01/11/2021 01:02:00,0.342,87,9.3,53,991.91,4,4,8,53.81535449750686,-1.812802381203072
01/11/2021 01:03:00,0.293,88,9.3,52,991.93,4,4,8,53.81574948148051,-1.813018687361072
01/11/2021 01:04:00,0.226,91,9.3,52,992.19,3,4,7,53.81579028516586,-1.8128853898208348
01/11/2021 01:05:00,0.224,91,9.3,53,992.21,3,4,8,53.815722520692084,-1.8124801033142022
01/11/2021 01:06:00,0.197,92,9.3,52,992.39,3,4,7,53.81605779773514,-1.8124104698804915
01/11/2021 01:07:00,0.201,92,9.2,51,992.47,3,4,7,53.816122386668994,-1.8131233412852799
01/11/2021 01:08:00,0.23,91,9.2,52,992.36,3,4,7,53.8158738526422,-1.8125918457633314
01/11/2021 01:09:00,0.23,91,9.2,52,992.16,2,4,7,53.815851325694894,-1.8118604474175013
01/11/2021 01:10:00,0.299,88,9.2,52,992.16,2,3,7,53.815828797215765,-1.8117126949704259
01/11/2021 01:11:00,0.353,86,9.0,51,992.13,2,3,7,53.81583707432317,-1.8121468265763916
01/11/2021 01:12:00,0.371,86,9.1,51,991.7,2,3,8,53.81560521747097,-1.8122028460551909
01/11/2021 01:13:00,0.346,87,9.1,52,991.8,2,3,7,53.81589070740134,-1.812210399441657
01/11/2021 01:14:00,0.413,84,9.0,51,991.67,2,4,8,53.816052186254026,-1.8119185346241213
01/11/2021 01:15:00,0.391,85,9.0,53,991.49,2,4,9,53.81608213572172,-1.8119460525722113
01/11/2021 01:16:00,0.39,85,9.0,52,991.21,2,4,8,53.81620813680462,-1.8114592023728144
01/11/2021 01:17:00,0.407,84,9.1,52,991.02,2,4,9,53.81632872290014,-1.8111123250393286
01/11/2021 01:18:00,0.441,83,9.2,52,991.72,2,4,9,53.81638038928506,-1.8111778671059138
01/11/2021 01:19:00,0.449,83,9.1,52,991.39,2,4,9,53.81647370016806,-1.8107063219096904
01/11/2021 01:20:00,0.407,84,9.1,53,991.29,2,3,9,53.81664157530277,-1.810723694759751
01/11/2021 01:21:00,0.404,84,9.3,52,991.36,2,4,10,53.81704009173707,-1.8107045516181752
01/11/2021 01:22:00,0.429,83,9.4,52,991.18,2,3,9,53.81745478092383,-1.8107342455874154
01/11/2021 01:23:00,0.49,81,9.4,53,991.22,2,4,10,53.81726556051141,-1.8104249895948896
01/11/2021 01:24:00,0.442,83,9.3,52,991.27,2,3,9,53.81760149759166,-1.8103914318843626
01/11/2021 01:25:00,0.395,85,9.2,52,991.11,2,4,9,53.817552762015325,-1.8103498632748327
01/11/2021 01:26:00,0.407,84,9.3,53,991.53,3,4,10,53.81787058840545,-1.8104655086064547
01/11/2021 01:27:00,0.449,83,9.4,53,991.4,2,3,9,53.8181606372586,-1.8106336257667106
01/11/2021 01:28:00,0.39,85,9.3,53,991.9,3,4,11,53.81829691439358,-1.8106884135651655
01/11/2021 01:29:00,0.379,85,9.4,53,992.06,2,4,12,53.81829337142187,-1.8106881374137616
01/11/2021 01:30:00,0.4,85,9.2,51,992.05,2,4,12,53.818077660438114,-1.810301379054488
01/11/2021 01:31:00,0.277,89,9.2,51,991.85,2,4,12,53.81815352741977,-1.8102826472298874
01/11/2021 01:32:00,0.265,90,9.2,50,992.45,2,5,12,53.81829523815063,-1.8102313876073501
01/11/2021 01:33:00,0.259,90,9.1,49,992.28,2,7,13,53.81816167989964,-1.810090436516073
01/11/2021 01:34:00,0.251,90,9.1,50,992.4,2,6,14,53.81804299453012,-1.81075829818813
01/11/2021 01:35:00,0.242,90,9.2,49,992.8,2,6,13,53.81798808748547,-1.8106350456963678
01/11/2021 01:36:00,0.256,90,9.3,50,992.97,2,6,12,53.818098525165894,-1.8107544983354968
01/11/2021 01:37:00,0.278,89,9.3,51,992.16,1,5,12,53.81847766669272,-1.8104815940442756
01/11/2021 01:38:00,0.217,91,9.3,49,992.54,1,6,11,53.81826994270283,-1.8104107417475244
01/11/2021 01:39:00,0.248,90,9.1,49,992.55,2,7,12,53.818275832999845,-1.8106987790112823
01/11/2021 01:40:00,0.195,92,9.1,49,992.39,2,6,11,53.81825927260947,-1.8107873033185353
01/11/2021 01:41:00,0.188,92,9.2,49,992.35,1,6,11,53.8182317961413,-1.8108670246615057
01/11/2021 01:42:00,0.218,91,9.4,49,992.32,2,6,12,53.81848675529338,-1.8105791341439983
01/11/2021 01:43:00,0.245,90,9.2,49,991.81,2,6,11,53.81847615927696,-1.8106443520934865
01/11/2021 01:44:00,0.255,90,9.3,49,992.34,2,7,12,53.81838624339273,-1.8106815719873792
01/11/2021 01:45:00,0.201,92,9.5,48,992.46,2,6,12,53.8185669429374,-1.8106806134374893
01/11/2021 01:46:00,0.283,89,9.7,48,992.14,2,6,12,53.818591704006444,-1.810517341007915
01/11/2021 01:47:00,0.27,89,9.6,47,991.87,3,8,12,53.81860433951418,-1.8107944833101612
01/11/2021 01:48:00,0.324,87,9.8,47,991.89,3,8,12,53.81876633681917,-1.8107059569736055
01/11/2021 01:49:00,0.317,88,9.9,46,992.41,3,8,12,53.81855055874339,-1.8105149422208953
01/11/2021 01:50:00,0.253,90,10.0,45,992.45,4,9,13,53.818931688609965,-1.8108111781871978
01/11/2021 01:51:00,0.25,90,9.9,46,992.75,4,9,13,53.819125240290525,-1.8113917170631502
01/11/2021 01:52:00,0.25,90,10.1,45,992.75,4,8,14,53.81907608162624,-1.8110570971895297
01/11/2021 01:53:00,0.19,92,10.0,44,992.91,4,8,14,53.818687834192055,-1.8109554826492156
01/11/2021 01:54:00,0.15,94,10.0,45,993.36,4,8,13,53.818901417097926,-1.810566955113557
01/11/2021 01:55:00,0.078,97,10.1,45,993.38,4,8,13,53.81911447534799,-1.8101516944717535
01/11/2021 01:56:00,0.057,97,10.1,44,993.34,4,8,13,53.81899513236453,-1.8103285776480327
01/11/2021 01:57:00,0.047,98,10.2,44,993.5,4,8,13,53.819075230206415,-1.8099543716721127
01/11/2021 01:58:00,0.032,98,10.0,44,993.69,4,9,14,53.81888941796259,-1.809582918119589
01/11/2021 01:59:00,0.091,96,10.1,43,993.31,5,11,15,53.81892308513154,-1.8101867396468847
01/11/2021 02:00:00,0.057,97,10.1,43,993.51,5,11,15,53.81891298288427,-1.8101641144009708
01/11/2021 02:01:00,0.1,96,10.2,44,993.32,,,,53.81935197574572,-1.810300203306985
01/11/2021 02:02:00,0.083,96,9.9,44,993.29,5,11,17,53.81938662295046,-1.8103562415453016
01/11/2021 02:03:00,0.123,95,10.0,45,993.35,5,11,17,53.819275651960346,-1.810269887666275
01/11/2021 02:04:00,0.269,89,9.8,45,993.33,5,11,17,53.8190459505468,-1.8103357626530912
01/11/2021 02:05:00,0.239,91,9.8,45,993.33,5,10,16,53.81879156530146,-1.8106406476602688
01/11/2021 02:06:00,0.193,92,9.8,44,993.73,5,9,15,53.81849106625998,-1.8108318509275054
01/11/2021 02:07:00,0.133,95,9.8,45,993.34,4,10,15,53.81838693656971,-1.8103092179368674
01/11/2021 02:08:00,0.12,95,9.9,45,992.94,4,9,15,53.818178948368434,-1.810007078089812
01/11/2021 02:09:00,0.077,97,9.9,44,992.85,4,8,15,53.818090350296025,-1.8099445118283881
01/11/2021 02:10:00,0.117,95,9.8,43,992.96,3,8,14,53.81784146018255,-1.809568231469635
01/11/2021 02:11:00,0.108,95,9.7,45,992.94,4,9,14,53.81794188306844,-1.80994887681771
01/11/2021 02:12:00,0.117,95,9.9,45,992.89,3,9,15,53.8182637564411,-1.8094211395754434
01/11/2021 02:13:00,0.09,96,10.0,45,992.7,3,10,15,53.818477230696715,-1.8098327273833714
01/11/2021 02:14:00,0.038,98,10.0,45,992.88,3,10,15,53.81848755520809,-1.8100420669765511
01/11/2021 02:15:00,0.094,96,10.0,45,992.71,4,11,16,53.8182591464363,-1.8099562660040844
01/11/2021 02:16:00,0.077,97,9.9,44,992.64,5,10,15,53.8183881872546,-1.8095821340843632
01/11/2021 02:17:00,0.086,96,9.7,42,992.55,4,9,14,53.81862846741036,-1.8095947448304297
01/11/2021 02:18:00,0.059,97,9.6,43,992.73,4,9,14,53.81844611609633,-1.809376475353613
01/11/2021 02:19:00,0.133,95,9.6,43,992.95,3,9,14,53.81846034687878,-1.8095493623325252
01/11/2021 02:20:00,0.055,97,9.5,44,993.23,3,9,16,53.81834559016782,-1.8094346149240799
01/11/2021 02:21:00,0.058,97,9.5,45,994.09,3,10,15,53.818082900034796,-1.8089894261453072
01/11/2021 02:22:00,0.013,99,9.5,44,994.0,3,11,16,53.81808546122205,-1.8096660256649444
01/11/2021 02:23:00,0.071,97,9.6,45,994.07,4,10,15,53.817964034010785,-1.80937616509608
01/11/2021 02:24:00,0.173,93,9.6,44,994.41,4,12,16,53.81793069798103,-1.809375068167319
01/11/2021 02:25:00,0.167,93,9.6,44,993.93,5,13,16,53.818088755450475,-1.8097096856721164
01/11/2021 02:26:00,0.126,95,9.5,44,993.97,4,12,15,53.818140312541686,-1.8097860580114717
01/11/2021 02:27:00,0.24,90,9.4,43,993.75,4,12,17,53.81805230888944,-1.8103770202550706
01/11/2021 02:28:00,0.248,90,9.3,44,993.76,4,12,17,53.81798245667764,-1.81086882082672
01/11/2021 02:29:00,0.231,91,9.5,43,994.02,4,13,17,53.818140519042515,-1.8106947728201186
01/11/2021 02:30:00,0.185,93,9.5,43,993.64,3,12,16,53.818001130153654,-1.8109894720699582
01/11/2021 02:31:00,0.229,91,9.4,43,993.53,4,14,18,53.81762771410612,-1.810912001024576
01/11/2021 02:32:00,0.179,93,9.5,43,993.67,4,15,18,53.81796080322256,-1.8109130550207242
01/11/2021 02:33:00,0.21,92,9.5,43,992.92,4,15,18,53.817934072660194,-1.8112817304585687
01/11/2021 02:34:00,0.236,91,9.6,42,992.97,4,14,17,53.81778667874789,-1.811579929164273
01/11/2021 02:35:00,0.243,90,9.5,42,993.14,4,15,18,53.81786143606943,-1.811621806113215
01/11/2021 02:36:00,0.229,91,9.5,42,993.24,4,16,19,53.817625280495534,-1.811750416587723
01/11/2021 02:37:00,0.239,91,9.6,41,993.03,4,15,19,53.81768875875162,-1.8117411039844395
01/11/2021 02:38:00,0.32,87,9.7,40,992.83,4,16,19,53.81759340939499,-1.8116957453238356
01/11/2021 02:39:00,0.391,85,9.7,40,993.13,4,14,18,53.81743391854499,-1.811380385199329
01/11/2021 02:40:00,0.427,83,9.7,41,992.84,4,15,18,53.8173383645473,-1.8116132046188858
01/11/2021 02:41:00,0.477,82,9.7,40,992.72,4,14,18,53.81713348152621,-1.812255644177473
01/11/2021 02:42:00,0.461,82,9.7,40,992.75,3,12,17,53.81710794123602,-1.8122547785375704
01/11/2021 02:43:00,0.56,79,9.7,40,993.14,2,12,17,53.8168029271897,-1.812364322387059
01/11/2021 02:44:00,0.644,75,9.8,40,992.85,2,12,16,53.81662190693079,-1.8128212327400255
01/11/2021 02:45:00,0.748,71,9.6,40,993.13,2,10,15,53.81628010176922,-1.8128300197929965
01/11/2021 02:46:00,0.716,73,9.5,40,993.46,2,11,16,53.81619771205015,-1.8128654917372642
01/11/2021 02:47:00,0.793,70,9.5,40,993.78,2,10,16,53.81591915200658,-1.8124521849510025
01/11/2021 02:48:00,0.833,68,9.4,40,994.07,3,11,17,53.815639391611064,-1.8125898024082394
01/11/2021 02:49:00,0.88,67,9.6,39,994.37,2,10,16,53.81573941744418,-1.813171240536575
01/11/2021 02:50:00,0.876,67,9.5,40,994.49,2,10,17,53.815989103342474,-1.8130471786930573
01/11/2021 02:51:00,0.886,66,9.4,40,994.58,3,12,17,53.81588816513953,-1.812875983858421
01/11/2021 02:52:00,0.81,69,9.6,41,994.82,3,11,16,53.81598963131653,-1.813292631680056
01/11/2021 02:53:00,0.841,68,9.5,39,995.07,3,12,17,53.81594389678892,-1.8128954217056255
01/11/2021 02:54:00,0.774,70,9.8,38,995.08,4,12,16,53.8159774028474,-1.8127962949911747
01/11/2021 02:55:00,0.767,71,9.9,37,994.91,5,11,16,53.816025734335824,-1.8130970553417638
01/11/2021 02:56:00,0.749,71,10.0,37,994.66,5,12,17,53.81601084462035,-1.8132308779717818
01/11/2021 02:57:00,0.753,71,10.2,38,994.49,6,13,16,53.81603539157762,-1.8134396825683616
01/11/2021 02:58:00,0.758,71,10.1,39,994.64,6,13,16,53.81612948403073,-1.8131998200316761
01/11/2021 02:59:00,0.759,71,10.0,39,994.9,6,12,17,53.81599968536953,-1.8136625270070228
01/11/2021 03:00:00,0.79,70,10.1,40,994.9,7,12,17,53.815994793833944,-1.8137106455468894
01/11/2021 03:01:00,0.802,69,10.1,41,994.95,7,13,17,53.815888052120854,-1.8138986123551444
01/11/2021 03:02:00,0.841,68,10.0,41,994.77,8,14,18,53.8158899475636,-1.814347172588416
01/11/2021 03:03:00,0.867,67,10.0,41,994.64,7,13,18,53.816063097756846,-1.8142004924241675
01/11/2021 03:04:00,0.936,64,10.1,41,994.24,7,12,18,53.816231692967314,-1.8147474117877587
01/11/2021 03:05:00,0.941,64,10.2,42,994.34,7,12,17,53.81622520981308,-1.8147603644103083
01/11/2021 03:06:00,1.046,60,10.2,42,994.51,6,9,17,53.81616154979238,-1.8147673279145338
01/11/2021 03:07:00,1.045,60,10.1,43,994.0,6,10,17,53.81631496294537,-1.814153992183044
01/11/2021 03:08:00,1.032,61,10.1,44,994.19,6,10,17,53.81612907475324,-1.8144538013648146
01/11/2021 03:09:00,1.043,60,10.2,43,993.84,8,12,18,53.816131559585244,-1.8151736542348547
01/11/2021 03:10:00,0.953,64,10.1,43,993.97,8,12,19,53.81630227872591,-1.8157965054577936
01/11/2021 03:11:00,1.039,61,10.1,43,994.17,7,11,18,53.816394836986845,-1.8152205251352411
01/11/2021 03:12:00,1.064,60,10.1,43,994.04,6,11,18,53.8162862082935,-1.8153249681940733
01/11/2021 03:13:00,1.027,61,9.9,44,993.77,6,12,19,53.8159476567698,-1.815371686240195
01/11/2021 03:14:00,1.017,61,9.8,43,993.64,7,12,19,53.81568476789844,-1.815188806048697
01/11/2021 03:15:00,1.08,59,9.8,44,993.47,7,11,18,53.81601497994063,-1.815387972349496
01/11/2021 03:16:00,1.101,58,9.9,44,993.69,8,13,19,53.815912568224284,-1.8147426374128752
01/11/2021 03:17:00,1.129,57,9.9,45,993.56,8,13,20,53.81588304481924,-1.814599247396878
01/11/2021 03:18:00,1.173,56,9.8,44,993.43,9,15,21,53.81624701964536,-1.8141685316335203
01/11/2021 03:19:00,1.178,55,9.9,43,993.47,8,14,21,53.81642180359948,-1.8142917317522582
01/11/2021 03:20:00,1.148,56,10.0,42,993.94,7,13,19,53.8164223029871,-1.813586755711613
01/11/2021 03:21:00,1.207,54,10.1,42,994.33,8,13,19,53.816424287475456,-1.8136342201714328
01/11/2021 03:22:00,1.2,55,10.1,44,994.08,9,13,19,53.81621585336681,-1.8140526653755906
01/11/2021 03:23:00,1.238,53,10.1,43,993.87,10,13,19,53.8165422228989,-1.8142866193634617
01/11/2021 03:24:00,1.252,53,10.1,44,993.73,9,12,19,53.816604761801294,-1.8143413984547794
01/11/2021 03:25:00,1.23,53,10.1,45,993.72,10,15,20,53.81663729047509,-1.8139402641519602
01/11/2021 03:26:00,1.121,57,10.0,45,993.67,10,16,21,53.81678852970446,-1.813725503472991
01/11/2021 03:27:00,1.063,60,10.1,45,993.42,11,18,21,53.8168495854719,-1.8131151504955045
01/11/2021 03:28:00,1.033,61,9.9,46,993.74,,,,53.816999282915205,-1.8134274708546432
01/11/2021 03:29:00,1.02,61,9.9,46,993.58,12,18,21,53.817359738833986,-1.8135207299055314
01/11/2021 03:30:00,1.031,61,9.7,47,993.72,11,16,21,53.81717030935184,-1.8138663791255927
01/11/2021 03:31:00,0.94,64,9.6,48,993.23,11,17,22,53.81716835311637,-1.814221436190373
01/11/2021 03:32:00,1.018,61,9.6,48,993.13,10,15,22,53.81723680105226,-1.8142470222071316
01/11/2021 03:33:00,1.071,59,9.7,47,992.82,9,15,21,53.81710524749711,-1.8142315128711473
01/11/2021 03:34:00,1.07,59,9.6,47,992.63,8,14,20,53.817099607348304,-1.8142390848979444
01/11/2021 03:35:00,1.133,57,9.5,47,992.55,9,15,21,53.81728467958753,-1.8142104699031518
01/11/2021 03:36:00,1.217,54,9.3,47,992.3,9,14,21,53.81767882701973,-1.813948374516427
01/11/2021 03:37:00,1.327,50,9.4,47,992.4,9,16,22,53.81780424820772,-1.8142451326741273
01/11/2021 03:38:00,1.289,51,9.4,47,992.57,8,15,22,53.817997134326696,-1.8142555582796889
01/11/2021 03:39:00,1.293,51,9.3,47,992.04,8,15,22,53.81800417238527,-1.8142383575127947
01/11/2021 03:40:00,1.237,53,9.1,48,992.01,7,16,21,53.81801432950774,-1.814052578508606
01/11/2021 03:41:00,1.335,49,8.9,48,992.14,7,15,20,53.81786636339693,-1.8140589033777477
01/11/2021 03:42:00,1.385,48,9.1,49,992.17,10,17,20,53.81756833450498,-1.813856533893695
01/11/2021 03:43:00,1.398,47,9.1,48,992.06,11,16,20,53.81761525280275,-1.8135182145937843
01/11/2021 03:44:00,1.395,47,9.1,49,991.86,10,15,18,53.81755444628602,-1.813442245318366
01/11/2021 03:45:00,1.418,46,9.1,49,992.37,10,15,18,53.81725792697836,-1.813002449746117
01/11/2021 03:46:00,1.497,43,9.2,49,992.51,9,14,16,53.81704250633431,-1.8129900154150254
01/11/2021 03:47:00,1.569,41,9.1,48,992.63,10,16,18,53.81686400109163,-1.8129134160764813
01/11/2021 03:48:00,1.574,40,9.3,48,992.69,9,14,19,53.81681106513945,-1.8127092983343036
01/11/2021 03:49:00,1.518,43,9.3,49,992.49,9,15,19,53.816779787936454,-1.812934276223448
01/11/2021 03:50:00,1.589,40,9.4,49,992.56,9,15,21,53.81681976959638,-1.8126759469943379
01/11/2021 03:51:00,1.579,40,9.3,50,992.57,9,16,20,53.81681667132247,-1.8120120291712611
01/11/2021 03:52:00,1.596,40,9.3,51,992.6,8,14,19,53.81681963041447,-1.811654057088069
01/11/2021 03:53:00,1.661,37,9.2,51,992.63,7,12,18,53.816996522886456,-1.8115704651617772
01/11/2021 03:54:00,1.674,37,9.1,52,992.71,8,12,19,53.8171418968667,-1.8114703403243047
01/11/2021 03:55:00,1.776,33,9.2,52,992.72,8,12,18,53.81716257453583,-1.8114721133792588
01/11/2021 03:56:00,1.741,34,9.1,53,992.73,7,12,18,53.817275116276946,-1.811303380266088
01/11/2021 03:57:00,1.774,33,9.1,53,992.53,9,15,19,53.81725754665272,-1.8113255821613259
01/11/2021 03:58:00,1.754,34,9.0,53,992.87,9,15,20,53.81730741772803,-1.8113902720229729
01/11/2021 03:59:00,1.774,33,8.9,53,992.81,9,13,20,53.81731173136169,-1.8113231932806046
01/11/2021 04:00:00,1.74,34,8.9,53,992.79,10,14,20,53.817248440999045,-1.8114799457870618
01/11/2021 04:01:00,1.792,32,8.9,53,992.87,8,13,19,53.817281851979715,-1.8112477140639454
01/11/2021 04:02:00,1.713,35,8.9,52,992.79,10,15,19,53.8175515652154,-1.8116516073779592
01/11/2021 04:03:00,1.666,37,8.9,52,992.66,10,15,18,53.81782484651852,-1.8116440201258526
01/11/2021 04:04:00,1.742,34,8.9,52,992.69,12,17,19,53.81761041693217,-1.8118354921421194
01/11/2021 04:05:00,1.76,34,9.0,53,992.02,11,17,20,53.817643636865625,-1.8119854990075737
01/11/2021 04:06:00,1.751,34,9.0,53,992.09,11,16,20,53.8176853103378,-1.8121530102278642
01/11/2021 04:07:00,1.731,35,9.2,52,992.02,10,16,20,53.81777597089908,-1.8115259795834058
01/11/2021 04:08:00,1.818,31,9.1,53,991.98,10,16,20,53.81753788479464,-1.8114556385152936
01/11/2021 04:09:00,1.873,29,8.9,52,992.09,9,16,20,53.81745783617965,-1.8114534619966653
01/11/2021 04:10:00,1.796,32,8.9,51,991.91,9,17,19,53.817423656509476,-1.8111061522765854
01/11/2021 04:11:00,1.739,34,8.9,50,991.96,9,18,21,53.81741930318712,-1.8112837036508938
01/11/2021 04:12:00,1.673,37,9.0,50,991.63,9,17,21,53.81699002046568,-1.8111745737028717
01/11/2021 04:13:00,1.724,35,9.0,49,991.85,8,16,21,53.81686853207932,-1.8115857893072727
01/11/2021 04:14:00,1.623,39,9.1,50,991.73,8,18,22,53.816698624286396,-1.8115519751624451
01/11/2021 04:15:00,1.605,39,9.1,49,991.61,8,17,22,53.81677447065889,-1.811628489906409
01/11/2021 04:16:00,1.687,36,9.1,48,991.39,9,16,21,53.817142082654776,-1.811554943502498
01/11/2021 04:17:00,1.631,38,9.1,48,991.79,8,15,21,53.81699274945163,-1.8113839461354588
01/11/2021 04:18:00,1.623,39,9.0,47,991.63,7,15,22,53.81707760317957,-1.812012559606159
01/11/2021 04:19:00,1.609,39,9.1,47,991.38,6,13,22,53.81689327097429,-1.811753695583542
01/11/2021 04:20:00,1.627,38,9.1,47,991.31,6,14,22,53.81705388937615,-1.8121128737079215
01/11/2021 04:21:00,1.735,34,9.0,47,991.2,5,13,21,53.817051668408155,-1.8118344466594127
01/11/2021 04:22:00,1.706,36,8.8,46,990.89,4,14,22,53.817044117963356,-1.8117863336022995
01/11/2021 04:23:00,1.679,37,8.8,45,991.04,4,13,21,53.81708082904113,-1.8114210691769952
01/11/2021 04:24:00,1.636,38,8.8,45,990.71,3,14,21,53.816884605849225,-1.8110367564790513
01/11/2021 04:25:00,1.633,38,8.9,45,990.7,2,13,21,53.816895735863916,-1.8114918121463068
01/11/2021 04:26:00,1.635,38,9.0,46,990.74,3,13,22,53.81686935511405,-1.8113312002049142
01/11/2021 04:27:00,1.632,38,8.9,45,990.45,3,14,23,53.81671323633852,-1.8110865902566518
01/11/2021 04:28:00,1.623,39,8.9,43,990.39,4,15,24,53.81686974234149,-1.8113509222132282
01/11/2021 04:29:00,1.538,42,8.8,43,990.88,4,14,25,53.81712302812586,-1.810786461293068
01/11/2021 04:30:00,1.546,42,8.8,44,990.6,4,14,24,53.81708288934508,-1.8114648234745454
01/11/2021 04:31:00,1.625,39,8.9,45,990.27,4,15,23,53.81720653263286,-1.8114066238623814
01/11/2021 04:32:00,1.729,35,8.9,45,990.22,3,15,23,53.8169360765888,-1.811960168475486
01/11/2021 04:33:00,1.76,34,9.0,46,989.98,3,14,22,53.81688255086921,-1.8117888705952296
01/11/2021 04:34:00,1.732,35,9.0,45,989.78,2,13,22,53.816972360056035,-1.8120625405456883
01/11/2021 04:35:00,1.689,36,9.2,45,989.98,2,12,22,53.81703221246459,-1.81202553111811
01/11/2021 04:36:00,1.661,37,9.0,45,990.06,4,12,23,53.817413187898055,-1.8118826302006403
01/11/2021 04:37:00,1.689,36,8.9,47,989.63,4,12,23,53.81780348595458,-1.811561028330123
01/11/2021 04:38:00,1.699,36,8.9,48,989.62,5,12,24,53.81789710731277,-1.812174923545587
01/11/2021 04:39:00,1.637,38,9.1,49,989.29,6,13,24,53.81778118293703,-1.8123819100666543
01/11/2021 04:40:00,1.695,36,9.1,50,989.55,5,13,24,53.81797604640957,-1.8130337275535104
01/11/2021 04:41:00,1.633,38,9.2,50,989.94,4,11,24,53.818147040986524,-1.8128649762724267
01/11/2021 04:42:00,1.684,36,9.1,50,990.22,5,11,22,53.81810508213505,-1.8127064177669556
01/11/2021 04:43:00,1.699,36,8.9,50,989.92,5,11,22,53.81785534526925,-1.8126135350343588
01/11/2021 04:44:00,1.693,36,9.0,50,989.7,4,9,23,53.81794940252239,-1.812655183299426
01/11/2021 04:45:00,1.651,38,8.9,49,989.83,4,9,23,53.81762722753918,-1.8131010057693577
01/11/2021 04:46:00,1.643,38,9.0,49,990.07,3,7,23,53.81782912810643,-1.8136071609701458
01/11/2021 04:47:00,1.654,37,8.9,49,989.65,4,10,24,53.81767822439307,-1.8142238589157307
01/11/2021 04:48:00,1.657,37,8.7,49,989.88,4,10,23,53.81805931160155,-1.814179070209459
01/11/2021 04:49:00,1.638,38,8.8,49,989.67,5,9,24,53.81822359404312,-1.814110835324263
01/11/2021 04:50:00,1.644,38,8.7,49,989.53,5,10,25,53.818409424687545,-1.8143029631286118
01/11/2021 04:51:00,1.67,37,8.6,49,989.95,6,10,24,53.81854030831925,-1.8137300446414384
01/11/2021 04:52:00,1.621,39,8.7,48,990.13,7,11,24,53.818646126824994,-1.8142606996919868
01/11/2021 04:53:00,1.552,41,8.6,49,990.06,7,10,24,53.81828023593266,-1.814196291390008
01/11/2021 04:54:00,1.627,38,8.8,50,990.05,5,8,24,53.81801254029781,-1.81361642188565
01/11/2021 04:55:00,1.713,35,8.7,51,990.1,5,8,24,53.81759695205849,-1.8138864541017723
01/11/2021 04:56:00,1.729,35,8.7,51,990.11,7,10,24,53.81739614416991,-1.814354041990373
01/11/2021 04:57:00,1.812,32,8.8,51,990.26,5,8,24,53.81724927359303,-1.8144970994207454
01/11/2021 04:58:00,1.822,31,8.8,50,990.17,5,10,26,53.81747442681509,-1.8147481109556853
01/11/2021 04:59:00,1.826,31,8.8,51,989.99,,,,53.81763906574788,-1.8143647197994583
01/11/2021 05:00:00,1.876,29,8.9,51,990.16,4,7,27,53.81744757827107,-1.8140002623844274
01/11/2021 05:01:00,1.856,30,8.9,51,990.38,4,9,27,53.81719489439102,-1.8139491683127844
01/11/2021 05:02:00,1.863,30,8.9,51,990.45,3,8,27,53.81707507369179,-1.8139747298086661
01/11/2021 05:03:00,1.93,27,8.9,51,990.9,4,9,27,53.81668564628645,-1.8137924031855315
01/11/2021 05:04:00,1.869,29,8.7,51,990.77,3,9,26,53.81667288035071,-1.813932341536913
01/11/2021 05:05:00,1.897,28,8.7,52,990.88,3,10,25,53.81695101801365,-1.8136207006653164
01/11/2021 05:06:00,1.921,27,8.7,52,991.08,3,10,24,53.81711377994213,-1.8134028327964178
01/11/2021 05:07:00,1.945,27,8.5,52,990.97,3,10,23,53.81715442187087,-1.8135412831210207
01/11/2021 05:08:00,1.958,26,8.4,52,990.53,3,10,23,53.81712570193018,-1.8136685796497576
01/11/2021 05:09:00,1.975,25,8.6,52,990.44,3,9,22,53.81709180955875,-1.8135820476360187
01/11/2021 05:10:00,1.915,28,8.8,52,990.27,3,8,21,53.81700192776651,-1.8139441033597419
01/11/2021 05:11:00,1.897,28,8.8,54,990.19,3,9,21,53.81722703499309,-1.8145093379663315
01/11/2021 05:12:00,1.778,33,8.7,54,990.26,3,8,21,53.817311851855315,-1.8148472982537784
01/11/2021 05:13:00,1.733,35,8.8,55,990.24,3,6,20,53.81739380233298,-1.8147992871770333
01/11/2021 05:14:00,1.695,36,8.9,55,990.02,3,8,21,53.81723151124123,-1.8148137266440554
01/11/2021 05:15:00,1.73,35,8.9,54,990.0,3,9,21,53.81700897825422,-1.8142297726934167
01/11/2021 05:16:00,1.786,33,8.8,53,989.89,4,10,20,53.816951374114076,-1.8139731118139493
01/11/2021 05:17:00,1.765,33,8.6,54,990.02,4,10,21,53.81681696133149,-1.8133436665220084
01/11/2021 05:18:00,1.815,31,8.6,52,989.97,5,11,21,53.817043912821504,-1.8132801415942177
01/11/2021 05:19:00,1.787,32,8.7,52,990.42,6,11,22,53.81726534607541,-1.8132882268257056
01/11/2021 05:20:00,1.923,27,8.8,51,990.15,6,11,21,53.81727065868003,-1.8140320082812436
01/11/2021 05:21:00,1.971,26,8.8,51,990.52,6,11,22,53.8172384152692,-1.8140100996731592
01/11/2021 05:22:00,1.914,28,8.8,52,990.65,5,11,22,53.81702245251416,-1.8141077210950076
01/11/2021 05:23:00,1.998,25,8.8,54,990.73,4,9,22,53.81725489572081,-1.814666193241298
01/11/2021 05:24:00,1.877,29,8.9,54,990.99,4,7,23,53.817438517968185,-1.8153219743639806
01/11/2021 05:25:00,1.791,32,8.9,55,990.79,5,9,23,53.817339283345575,-1.8152406655778854
01/11/2021 05:26:00,1.749,34,8.8,53,990.85,5,8,24,53.817694947205084,-1.8155710315781397
01/11/2021 05:27:00,1.733,35,8.9,52,991.08,6,10,23,53.817681634227554,-1.8154893392680556
01/11/2021 05:28:00,1.7,36,8.9,52,990.83,,,,53.81772710988259,-1.815379507351828
01/11/2021 05:29:00,1.815,31,8.9,52,991.5,6,10,21,53.81782795505084,-1.8160952354165443
01/11/2021 05:30:00,1.78,33,9.0,52,991.57,6,11,22,53.81779775355003,-1.8158379053920353
01/11/2021 05:31:00,1.745,34,9.1,52,991.65,6,11,23,53.817481659612575,-1.8162248995847465
01/11/2021 05:32:00,1.752,34,9.1,52,991.46,6,12,23,53.81722724879251,-1.8161623141961343
01/11/2021 05:33:00,1.724,35,9.0,52,991.56,5,14,23,53.81723964138281,-1.8161936883709942
01/11/2021 05:34:00,1.7,36,8.9,51,991.3,4,12,23,53.81740767316784,-1.8166593537661977
01/11/2021 05:35:00,1.698,36,9.0,51,991.27,3,12,24,53.817434202433425,-1.8163684474778634
01/11/2021 05:36:00,1.668,37,9.1,51,991.21,5,13,24,53.81738797443328,-1.816430824113102
01/11/2021 05:37:00,1.69,36,9.2,49,991.0,6,13,24,53.817217338472844,-1.816288320205866
01/11/2021 05:38:00,1.602,39,9.3,48,991.29,7,12,24,53.816997539204415,-1.816741793859377
01/11/2021 05:39:00,1.586,40,9.5,48,991.9,6,12,24,53.816885258748194,-1.8160351426264343
01/11/2021 05:40:00,1.638,38,9.6,49,992.1,7,12,23,53.81659380850126,-1.8165312939050087
01/11/2021 05:41:00,1.677,37,9.5,50,992.25,5,9,23,53.81666356392181,-1.8166156471845436
01/11/2021 05:42:00,1.595,40,9.5,50,991.99,4,8,23,53.816389204763034,-1.8163011402027187
01/11/2021 05:43:00,1.529,42,9.5,50,992.33,4,7,22,53.81674220519584,-1.8162853332515347
01/11/2021 05:44:00,1.547,42,9.5,50,992.48,3,8,22,53.81678983684463,-1.8167675610910934
01/11/2021 05:45:00,1.551,41,9.3,51,992.75,5,10,22,53.81673080533548,-1.8167020074158522
01/11/2021 05:46:00,1.527,42,9.6,52,992.87,6,12,22,53.816479988661136,-1.8165566315330575
01/11/2021 05:47:00,1.568,41,9.6,53,992.37,5,9,21,53.816600416889706,-1.8171727725380442
01/11/2021 05:48:00,1.521,42,9.6,53,992.2,4,8,21,53.81657536769077,-1.8172745450809937
01/11/2021 05:49:00,1.535,42,9.5,53,992.39,3,10,22,53.81669228691389,-1.8171065211463941
01/11/2021 05:50:00,1.541,42,9.6,54,992.31,3,10,21,53.816382485937204,-1.8168751399779708
01/11/2021 05:51:00,1.48,44,9.7,54,992.55,3,10,20,53.816316899389655,-1.816248966964631
01/11/2021 05:52:00,1.406,47,9.6,53,992.53,4,10,21,53.81659510438464,-1.8160403281180506
01/11/2021 05:53:00,1.41,47,9.6,54,992.31,4,12,21,53.816548661870115,-1.816100140060229
01/11/2021 05:54:00,1.279,52,9.5,55,992.37,4,10,20,53.816684965026404,-1.8162348922066955
01/11/2021 05:55:00,1.301,51,9.5,56,992.27,3,11,20,53.81643149939755,-1.8158086605269141
01/11/2021 05:56:00,1.294,51,9.4,56,992.26,4,13,20,53.81668629129978,-1.8157480163027646
01/11/2021 05:57:00,1.276,52,9.5,57,992.35,4,13,21,53.816667237129025,-1.8157559641538192
01/11/2021 05:58:00,1.194,55,9.4,56,992.28,3,13,21,53.81658202526555,-1.815741719491257
01/11/2021 05:59:00,1.111,58,9.4,57,992.53,3,13,20,53.81667426537389,-1.8159752430370457
01/11/2021 06:00:00,1.128,57,9.2,56,992.86,3,13,19,53.81664346609387,-1.8159657649962595
01/11/2021 06:01:00,1.195,55,9.2,55,993.01,3,12,19,53.81659169137622,-1.816185585634333
01/11/2021 06:02:00,1.247,53,9.2,55,993.01,4,13,19,53.81665907817838,-1.8158656271023663
01/11/2021 06:03:00,1.231,53,9.2,54,993.05,3,12,18,53.81643416280372,-1.815271365092831
01/11/2021 06:04:00,1.16,56,9.4,54,992.99,2,11,17,53.81599257247428,-1.8153843539831829
01/11/2021 06:05:00,1.169,56,9.6,53,992.29,2,11,16,53.816080671338504,-1.8150069773880446
01/11/2021 06:06:00,1.146,57,9.8,53,992.46,3,12,16,53.81596249479568,-1.815089945941698
01/11/2021 06:07:00,1.168,56,9.7,54,992.42,2,11,15,53.81565416495024,-1.815090798965409
01/11/2021 06:08:00,1.107,58,9.7,53,992.18,4,11,15,53.815515353580075,-1.8145423786816142
01/11/2021 06:09:00,1.144,57,9.8,53,992.32,3,11,15,53.81532185818735,-1.8149072878186359
01/11/2021 06:10:00,1.131,57,9.8,53,992.57,2,11,16,53.8155907365365,-1.8148195094590776
01/11/2021 06:11:00,1.203,54,9.8,52,992.28,3,13,17,53.81521309697217,-1.8151092871839507
01/11/2021 06:12:00,1.271,52,9.7,51,992.19,3,13,16,53.81508628050746,-1.8149535512292767
01/11/2021 06:13:00,1.273,52,9.7,51,991.83,5,14,17,53.814949987886045,-1.8151587767505823
01/11/2021 06:14:00,1.249,53,10.0,51,991.62,7,15,17,53.814950751618554,-1.8151556725770386
01/11/2021 06:15:00,1.183,55,9.9,51,991.76,9,15,17,53.81510482392205,-1.814449143592455
01/11/2021 06:16:00,1.169,56,10.0,51,991.7,9,14,18,53.8149462399675,-1.8138417841449435
01/11/2021 06:17:00,1.084,59,9.9,52,991.49,8,15,19,53.814878920551706,-1.8133291826891078
01/11/2021 06:18:00,1.075,59,9.9,52,991.57,9,14,19,53.81480654831312,-1.8140611274611567
01/11/2021 06:19:00,1.124,57,9.9,51,991.92,9,15,20,53.81466797154129,-1.8142229621532353
01/11/2021 06:20:00,1.125,57,9.8,51,992.23,9,15,19,53.81493655725126,-1.8138853767320742
01/11/2021 06:21:00,1.111,58,9.8,49,992.37,9,14,19,53.814801268442366,-1.8140432939263256
01/11/2021 06:22:00,1.125,57,9.8,52,991.86,10,16,19,53.81480888915201,-1.8142210091612834
01/11/2021 06:23:00,1.134,57,9.9,51,992.18,10,15,19,53.81479523896863,-1.8142915691736201
01/11/2021 06:24:00,1.118,58,9.9,51,992.66,10,15,20,53.81451177763423,-1.8145257211359842
01/11/2021 06:25:00,1.205,54,10.0,52,992.64,8,14,19,53.81473823705113,-1.814520183901526
01/11/2021 06:26:00,1.196,55,9.9,52,992.76,8,15,20,53.81445634054235,-1.8140516059311265
01/11/2021 06:27:00,1.193,55,9.9,51,992.99,8,15,20,53.814196056406516,-1.813613070873291
01/11/2021 06:28:00,1.247,53,9.9,50,993.33,8,16,21,53.814548454793915,-1.8138287206790094
01/11/2021 06:29:00,1.334,49,9.9,50,993.39,10,18,22,53.81460813666574,-1.8138918072473798
01/11/2021 06:30:00,1.312,50,9.9,50,993.19,11,19,22,53.81482629869873,-1.8142337821264067
01/11/2021 06:31:00,1.247,53,10.0,51,993.68,11,17,21,53.81487904647745,-1.8141458015433662
01/11/2021 06:32:00,1.227,54,9.9,51,993.84,13,18,21,53.81483987258734,-1.8141689836841683
01/11/2021 06:33:00,1.258,52,9.9,52,993.87,11,16,20,53.81492033325822,-1.8148909484543054
01/11/2021 06:34:00,1.282,51,10.0,51,994.03,12,16,20,53.81514352346455,-1.814372654501495
01/11/2021 06:35:00,1.299,51,9.9,52,994.39,12,17,20,53.815210609078655,-1.8145324322527077
01/11/2021 06:36:00,1.238,53,10.0,51,994.42,10,16,20,53.815270238272504,-1.814545795629012
01/11/2021 06:37:00,1.208,54,10.2,51,994.63,11,17,21,53.81487615060815,-1.814519649842746
01/11/2021 06:38:00,1.123,57,10.1,51,994.5,12,18,21,53.81495885973984,-1.8140131370880672
01/11/2021 06:39:00,1.138,57,10.1,51,994.75,11,17,20,53.81481099390704,-1.814500882933704
01/11/2021 06:40:00,1.09,59,10.1,53,994.65,12,17,20,53.81480579127153,-1.81515902314758
01/11/2021 06:41:00,1.025,61,10.4,52,994.43,10,16,19,53.81457041573053,-1.815578660316327
01/11/2021 06:42:00,1.058,60,10.3,52,994.22,9,14,18,53.8148670262401,-1.8161179804842507
01/11/2021 06:43:00,1.043,60,10.2,52,993.97,10,14,17,53.81487306267482,-1.8161023598996884
01/11/2021 06:44:00,0.988,62,10.1,51,994.17,10,13,16,53.81503338975033,-1.8159084133019114
01/11/2021 06:45:00,1.129,57,10.1,51,994.31,10,14,16,53.81502943792012,-1.8161269831236628
01/11/2021 06:46:00,1.164,56,10.2,51,994.29,9,13,16,53.81524705915369,-1.8167134344425198
01/11/2021 06:47:00,1.202,54,10.3,50,994.14,8,12,16,53.81531591320779,-1.8164611738298346
01/11/2021 06:48:00,1.143,57,10.2,49,994.33,6,12,16,53.815644560400116,-1.8163845734636788
01/11/2021 06:49:00,1.129,57,10.4,50,994.15,6,11,16,53.815667976120835,-1.8164313411404152
01/11/2021 06:50:00,1.168,56,10.5,49,993.94,6,11,16,53.81557735893908,-1.8160333298572842
01/11/2021 06:51:00,1.163,56,10.4,48,993.72,6,9,14,53.815861287243024,-1.81558003548067
01/11/2021 06:52:00,1.194,55,10.4,48,993.64,6,10,14,53.81575265170266,-1.8156443065947392
01/11/2021 06:53:00,1.131,57,10.3,49,993.89,7,10,14,53.81576856827528,-1.8156333855397997
01/11/2021 06:54:00,1.141,57,10.2,49,993.95,8,11,14,53.8158221153837,-1.8157962809365071
01/11/2021 06:55:00,1.142,57,10.1,49,993.97,10,13,16,53.815874016402134,-1.8161068341179851
01/11/2021 06:56:00,1.106,58,10.1,48,993.96,8,11,15,53.81579576710925,-1.815443163809102
01/11/2021 06:57:00,1.076,59,10.0,49,994.2,8,12,16,53.815918077013436,-1.8151072731756077
01/11/2021 06:58:00,1.06,60,10.1,48,993.74,,,,53.81574770696615,-1.8147271765150372
01/11/2021 06:59:00,1.13,57,10.0,48,994.21,7,10,17,53.81602831161257,-1.8151839974609019
01/11/2021 07:00:00,1.203,54,10.0,47,994.03,7,10,18,53.81615557535695,-1.8151889530646428
01/11/2021 07:01:00,1.218,54,10.1,46,993.74,6,8,19,53.815934930281806,-1.8148878640849098
01/11/2021 07:02:00,1.221,54,9.9,47,993.84,6,9,18,53.815974585197054,-1.8142721127642538
01/11/2021 07:03:00,1.24,53,10.0,47,993.93,7,9,19,53.81573825594494,-1.814469519445639
01/11/2021 07:04:00,1.23,53,10.1,46,993.93,7,8,19,53.81567282997586,-1.8142702154274473
01/11/2021 07:05:00,1.135,57,10.1,45,993.71,8,10,19,53.81565541531638,-1.8144596426573758
01/11/2021 07:06:00,1.094,58,10.1,45,993.74,8,10,19,53.815659683325414,-1.8141593670758438
01/11/2021 07:07:00,1.06,60,10.1,45,993.91,8,11,19,53.81541017055726,-1.8138054478847094
01/11/2021 07:08:00,1.013,62,10.1,45,993.64,9,11,20,53.8154833440214,-1.8139259929789278
01/11/2021 07:09:00,1.121,57,10.2,45,993.81,8,11,20,53.815563761935636,-1.8136362097769203
01/11/2021 07:10:00,1.17,56,10.4,46,993.89,8,11,21,53.81563603251677,-1.8132082647579708
01/11/2021 07:11:00,1.183,55,10.4,47,993.59,9,11,21,53.815654055237104,-1.8132357103236003
01/11/2021 07:12:00,1.202,54,10.4,49,993.88,8,10,20,53.81566084528621,-1.8132422804412094
01/11/2021 07:13:00,1.193,55,10.4,51,993.86,9,11,19,53.815489284291694,-1.812917957474814
01/11/2021 07:14:00,1.139,57,10.3,53,993.74,8,11,18,53.815509573581686,-1.8128553658165707
01/11/2021 07:15:00,1.158,56,10.3,53,993.93,10,13,19,53.81553467410835,-1.8122473930334058
01/11/2021 07:16:00,1.17,56,10.4,53,993.88,10,13,19,53.815600434225246,-1.8123012674818122
01/11/2021 07:17:00,1.123,57,10.4,54,993.45,11,13,19,53.81570047034296,-1.8116999997173058
01/11/2021 07:18:00,1.151,56,10.5,54,993.38,10,12,18,53.81570381023961,-1.811626495829494
01/11/2021 07:19:00,1.126,57,10.5,54,993.48,9,13,19,53.81603065835304,-1.8115102860128374
01/11/2021 07:20:00,1.162,56,10.5,54,993.12,,,,53.81607942705449,-1.811861324731005
01/11/2021 07:21:00,1.122,57,10.6,54,993.39,10,15,18,53.81640714323616,-1.811859999300064
01/11/2021 07:22:00,1.106,58,10.6,53,993.18,9,14,18,53.816557585638186,-1.812311140917095
01/11/2021 07:23:00,1.22,54,10.6,53,993.13,9,13,17,53.81658377702852,-1.8123734444293704
01/11/2021 07:24:00,1.284,51,10.6,54,992.99,8,13,17,53.81661615007524,-1.8122875149962134
01/11/2021 07:25:00,1.259,52,10.7,53,993.29,9,14,18,53.81690757488187,-1.8124005551290228
01/11/2021 07:26:00,1.265,52,10.7,54,993.35,8,16,19,53.816689580745894,-1.8125680329640739
01/11/2021 07:27:00,1.21,54,10.5,54,993.0,9,17,20,53.816329629741574,-1.812549106805842
01/11/2021 07:28:00,1.22,54,10.5,54,992.43,8,16,20,53.81613773991427,-1.8119213919289774
01/11/2021 07:29:00,1.183,55,10.5,54,992.45,9,16,20,53.81582320523238,-1.8118235686665667
01/11/2021 07:30:00,1.057,60,10.4,54,992.26,9,16,20,53.81596052767078,-1.8119852667999303
01/11/2021 07:31:00,0.986,63,10.4,54,992.14,9,16,21,53.81624584142011,-1.8116936810344981
01/11/2021 07:32:00,0.915,65,10.3,55,992.22,10,17,20,53.81610142679018,-1.8116460593891546
01/11/2021 07:33:00,0.893,66,10.3,53,992.08,10,16,20,53.816438688482535,-1.811384820790726
01/11/2021 07:34:00,0.901,66,10.2,54,992.32,11,16,20,53.81674760501189,-1.8110356113935364
01/11/2021 07:35:00,0.816,69,10.1,53,992.57,12,18,21,53.81676037738976,-1.8108792697813152
01/11/2021 07:36:00,0.731,72,10.0,54,992.32,12,18,21,53.8166608674795,-1.8103051882727028
01/11/2021 07:37:00,0.771,71,10.1,53,992.08,10,17,21,53.816691890493985,-1.8102723964741232
01/11/2021 07:38:00,0.781,70,10.0,54,992.39,10,16,22,53.816934990920366,-1.8103393110670678
01/11/2021 07:39:00,0.758,71,10.1,53,992.4,9,16,21,53.81697324703615,-1.8102747034060427
01/11/2021 07:40:00,0.719,73,10.0,53,992.74,10,16,21,53.81691908832735,-1.8097564452127717
01/11/2021 07:41:00,0.685,74,10.1,54,992.52,10,15,20,53.816913295393164,-1.809745671004094
01/11/2021 07:42:00,0.607,77,10.2,52,992.74,10,16,20,53.81701107131416,-1.8092038250472426
01/11/2021 07:43:00,0.617,76,10.2,50,992.39,11,16,19,53.81681779847748,-1.80978603742477
01/11/2021 07:44:00,0.605,77,10.0,49,992.17,10,16,19,53.81668309195847,-1.8100410879261288
01/11/2021 07:45:00,0.546,79,10.1,49,992.13,10,14,18,53.816749277910155,-1.810275471972808
01/11/2021 07:46:00,0.559,79,10.1,49,992.03,14,17,20,53.817119507875134,-1.810194794550367
01/11/2021 07:47:00,0.574,78,10.1,48,991.58,12,16,19,53.81710124320133,-1.8101594492799937
01/11/2021 07:48:00,0.638,76,10.2,48,991.3,13,17,20,53.816892599062754,-1.8097447086835527
01/11/2021 07:49:00,0.703,73,10.3,48,991.78,13,17,20,53.816516671144605,-1.8097006037493324
01/11/2021 07:50:00,0.689,74,10.1,48,991.76,13,17,21,53.816678988031626,-1.81038414172443
01/11/2021 07:51:00,0.732,72,10.1,49,991.79,12,17,21,53.816571973482,-1.8107025275023985
01/11/2021 07:52:00,0.726,72,10.2,49,991.69,13,17,21,53.8162784124136,-1.81127472199896
01/11/2021 07:53:00,0.782,70,10.1,50,991.48,11,15,20,53.81654581513054,-1.8109539986190748
01/11/2021 07:54:00,0.693,73,10.0,49,991.33,12,14,20,53.816577707774336,-1.8104431615736878
01/11/2021 07:55:00,0.799,70,10.1,49,991.69,11,15,21,53.81657331395746,-1.8102207657527798
01/11/2021 07:56:00,0.801,69,10.2,49,991.15,11,15,22,53.81672759178673,-1.8107088510503306
01/11/2021 07:57:00,0.757,71,10.1,49,990.75,8,14,20,53.816708662166775,-1.8107444321534494
01/11/2021 07:58:00,0.736,72,10.1,48,990.36,8,14,20,53.816990703710516,-1.8103954478985644
01/11/2021 07:59:00,0.718,73,10.1,49,990.42,8,13,20,53.816841522622006,-1.8102512661459471
01/11/2021 08:00:00,0.624,76,10.1,49,990.55,8,13,19,53.81683634719515,-1.8102029582991621
01/11/2021 08:01:00,0.706,73,10.1,47,990.88,8,15,20,53.8167588451671,-1.8099677484981755
01/11/2021 08:02:00,0.585,78,10.3,48,991.05,8,13,19,53.816651529329135,-1.8098668268622247
01/11/2021 08:03:00,0.64,75,10.2,49,991.29,9,14,20,53.81683414645556,-1.8094742721922983
01/11/2021 08:04:00,0.646,75,10.3,49,991.4,10,15,21,53.81676977463003,-1.8099211088129363
01/11/2021 08:05:00,0.579,78,10.2,49,991.16,10,16,22,53.81663835635908,-1.8100431823666523
01/11/2021 08:06:00,0.625,76,10.2,51,990.91,9,17,22,53.816721848508486,-1.8100070174054486
01/11/2021 08:07:00,0.599,77,10.3,52,991.01,8,15,22,53.81656687346977,-1.8101140333350807
01/11/2021 08:08:00,0.593,77,10.3,52,990.93,6,14,22,53.816517970752905,-1.8099554570823633
01/11/2021 08:09:00,0.439,83,10.3,52,990.78,7,16,22,53.81623433626118,-1.8100349314761115
01/11/2021 08:10:00,0.433,83,10.2,51,990.44,6,16,23,53.8163475381603,-1.8093228560081722
01/11/2021 08:11:00,0.434,83,10.3,51,990.85,6,16,22,53.816467917467634,-1.8088959695338072
01/11/2021 08:12:00,0.382,85,10.3,50,991.1,6,16,22,53.81617402911792,-1.8091760880006145
01/11/2021 08:13:00,0.409,84,10.3,51,991.21,,,,53.81613604301605,-1.809191785114026
01/11/2021 08:14:00,0.364,86,10.3,51,991.6,4,15,22,53.81622313873649,-1.80973542516745
01/11/2021 08:15:00,0.481,81,10.3,51,991.48,4,16,22,53.81621974347278,-1.8097732152324668
01/11/2021 08:16:00,0.457,82,10.3,52,991.51,6,15,22,53.81617503548803,-1.809682884689693
01/11/2021 08:17:00,0.529,80,10.5,51,991.2,5,16,23,53.81639729217577,-1.809485203928671
01/11/2021 08:18:00,0.538,79,10.6,51,991.08,6,18,23,53.816643441692854,-1.8092351574716068
01/11/2021 08:19:00,0.602,77,10.4,52,990.94,5,18,23,53.816726047376804,-1.8092561549369026
01/11/2021 08:20:00,0.611,77,10.4,50,991.03,5,16,22,53.81642590206334,-1.809224418383477
01/11/2021 08:21:00,0.629,76,10.5,49,990.94,4,16,21,53.816550481396995,-1.8097970333891378
01/11/2021 08:22:00,0.589,77,10.4,50,991.45,4,16,20,53.81654810403032,-1.8097844309580269
01/11/2021 08:23:00,0.615,76,10.3,50,991.32,4,15,20,53.81659078043935,-1.8094624243361324
01/11/2021 08:24:00,0.611,77,10.3,48,991.26,5,14,20,53.816964941573545,-1.809302293780239
01/11/2021 08:25:00,0.594,77,10.3,50,991.09,5,13,19,53.8169890286884,-1.8095067615278702
01/11/2021 08:26:00,0.627,76,10.3,50,990.99,4,13,18,53.81675212286217,-1.8094651646309114
01/11/2021 08:27:00,0.705,73,10.3,50,990.79,4,13,18,53.816630786324104,-1.8095028153382005
01/11/2021 08:28:00,0.664,75,10.3,51,991.19,4,12,17,53.81641713740891,-1.810033356326554
01/11/2021 08:29:00,0.597,77,10.3,52,991.21,5,14,19,53.81621152052949,-1.8103686204361977
01/11/2021 08:30:00,0.574,78,10.4,52,991.28,5,14,19,53.81644648459212,-1.8104739866004942
01/11/2021 08:31:00,0.592,77,10.2,52,991.59,4,16,19,53.81642873376127,-1.8110762446212951
01/11/2021 08:32:00,0.616,76,10.3,52,991.5,5,16,19,53.81641192758904,-1.8110238717706844
01/11/2021 08:33:00,0.594,77,10.4,53,991.82,4,13,19,53.81651416472505,-1.811226181944903
01/11/2021 08:34:00,0.598,77,10.5,52,991.7,6,15,20,53.816346194577015,-1.811369777407835
01/11/2021 08:35:00,0.607,77,10.5,52,991.76,6,13,19,53.81634021516319,-1.8113696829747075
01/11/2021 08:36:00,0.635,76,10.5,53,991.74,5,13,18,53.81623092741128,-1.8117683438932528
01/11/2021 08:37:00,0.629,76,10.5,52,991.82,5,13,17,53.81617163718124,-1.8120408868549736
01/11/2021 08:38:00,0.652,75,10.5,53,992.25,5,12,17,53.81611475311752,-1.811932708893771
01/11/2021 08:39:00,0.658,75,10.5,53,992.57,6,14,17,53.81591053168868,-1.8125691453153387
01/11/2021 08:40:00,0.59,77,10.6,52,992.62,6,13,16,53.81611759941058,-1.8124924236748123
01/11/2021 08:41:00,0.561,78,10.5,53,992.66,6,13,17,53.816274046596874,-1.8125029031079873
01/11/2021 08:42:00,0.572,78,10.4,52,992.62,8,14,18,53.81616410013679,-1.8122229760864992
01/11/2021 08:43:00,0.583,78,10.6,52,992.64,9,13,18,53.81602938520759,-1.8121259117242086
01/11/2021 08:44:00,0.558,79,10.7,53,992.48,9,14,17,53.81586993826069,-1.8120804766369134
01/11/2021 08:45:00,0.548,79,10.9,53,992.64,11,15,18,53.815814229522346,-1.8125951640996627
01/11/2021 08:46:00,0.499,81,10.9,52,991.98,11,15,17,53.81555269753303,-1.8130026262539412
01/11/2021 08:47:00,0.419,84,10.9,52,992.27,11,14,16,53.81539246522063,-1.8125408686256317
01/11/2021 08:48:00,0.395,85,10.7,53,992.22,,,,53.81510952129157,-1.812666029839139
01/11/2021 08:49:00,0.425,84,10.8,53,992.32,10,13,16,53.81484196529317,-1.8121637021450216
01/11/2021 08:50:00,0.389,85,10.8,52,992.31,10,13,16,53.81445872467546,-1.8123394898105536
01/11/2021 08:51:00,0.35,86,10.7,53,992.37,10,13,16,53.814376995241155,-1.8123607565148163
01/11/2021 08:52:00,0.277,89,10.7,53,992.37,9,13,16,53.81416475855915,-1.8123432176630057
01/11/2021 08:53:00,0.295,88,10.8,52,992.68,8,12,16,53.81415597515161,-1.812541021401375
01/11/2021 08:54:00,0.286,89,10.9,51,992.76,8,11,16,53.81414233384587,-1.8125285006297642
01/11/2021 08:55:00,0.309,88,10.9,51,992.79,7,12,17,53.813788871381306,-1.8127579145777748
01/11/2021 08:56:00,0.307,88,10.7,52,992.38,8,12,16,53.81378598426915,-1.8123750575209319
01/11/2021 08:57:00,0.345,87,10.7,51,992.57,7,11,16,53.81380009181479,-1.8123030183013558
01/11/2021 08:58:00,0.357,86,10.8,50,992.82,6,9,16,53.813757405378425,-1.8123080367432214
01/11/2021 08:59:00,0.363,86,10.7,51,992.45,6,10,17,53.81383330309803,-1.8125851242785653
01/11/2021 09:00:00,0.322,87,10.7,52,991.96,6,10,15,53.8141309308673,-1.813108711901807
01/11/2021 09:01:00,0.335,87,10.7,53,992.07,8,12,17,53.8140338830162,-1.8130260159228078
01/11/2021 09:02:00,0.315,88,10.4,53,992.28,7,10,17,53.81411329735165,-1.8135668690891555
01/11/2021 09:03:00,0.331,87,10.4,54,992.45,7,11,17,53.813883770400125,-1.8139242882211606
01/11/2021 09:04:00,0.378,85,10.5,53,992.27,7,10,16,53.81392249033005,-1.8138594930687546
01/11/2021 09:05:00,0.448,83,10.5,54,992.32,9,11,17,53.81380884695572,-1.8142593526999513
01/11/2021 09:06:00,0.388,85,10.5,54,992.33,10,11,17,53.81381329350778,-1.8142692776150107
01/11/2021 09:07:00,0.447,83,10.5,55,992.36,9,11,17,53.813808334253345,-1.8143012514332946
01/11/2021 09:08:00,0.46,82,10.6,55,992.12,9,11,16,53.81356661465421,-1.814907513292875
01/11/2021 09:09:00,0.466,82,10.7,54,992.27,9,11,17,53.8135625843751,-1.8148961699013975
01/11/2021 09:10:00,0.509,80,10.7,54,992.07,7,10,15,53.81355044557996,-1.8144246064097744
01/11/2021 09:11:00,0.601,77,10.6,54,991.98,7,10,15,53.81319248074304,-1.8140201717706645
01/11/2021 09:12:00,0.617,76,10.7,54,991.98,6,10,15,53.813144189434865,-1.8136835695323852
01/11/2021 09:13:00,0.548,79,10.8,52,992.22,7,11,16,53.8130712142173,-1.8138029992161508
01/11/2021 09:14:00,0.463,82,10.7,52,991.93,5,9,16,53.813181667499535,-1.8142687140241696
01/11/2021 09:15:00,0.463,82,10.8,53,992.22,5,7,15,53.813124421745115,-1.8143814948314851
01/11/2021 09:16:00,0.401,84,10.6,53,992.31,4,7,15,53.81308990387077,-1.814387471573024
01/11/2021 09:17:00,0.368,86,10.5,52,992.39,5,6,15,53.81275446314756,-1.8144848477084334
01/11/2021 09:18:00,0.357,86,10.3,51,992.29,4,5,14,53.813087817933706,-1.8141308205742828
01/11/2021 09:19:00,0.292,89,10.5,52,992.14,5,6,15,53.813171182480346,-1.813857445689026
01/11/2021 09:20:00,0.35,86,10.4,52,991.95,6,7,15,53.81298749261681,-1.8141955025610723
01/11/2021 09:21:00,0.319,88,10.5,52,992.21,6,8,16,53.81340280392254,-1.814215854659853
01/11/2021 09:22:00,0.349,86,10.6,53,992.31,5,8,16,53.813503574516,-1.8141991375403392
01/11/2021 09:23:00,0.431,83,10.7,52,992.13,4,6,16,53.813345678467236,-1.8149043478878846
01/11/2021 09:24:00,0.507,81,10.6,53,991.73,4,7,16,53.81330248613421,-1.8145666499181592
01/11/2021 09:25:00,0.476,82,10.7,53,991.86,6,9,18,53.813322135941625,-1.8141545530583232
01/11/2021 09:26:00,0.483,81,10.7,53,991.69,7,10,17,53.81357110145582,-1.8145223876178012
01/11/2021 09:27:00,0.422,84,10.7,51,991.56,6,9,17,53.81335540956139,-1.8148647888569778
01/11/2021 09:28:00,0.393,85,10.7,51,991.3,5,9,16,53.81333167414555,-1.8148700046428123
01/11/2021 09:29:00,0.429,83,10.6,51,991.06,5,9,17,53.81333810310824,-1.8149040969580057
01/11/2021 09:30:00,0.464,82,10.5,50,990.97,5,8,17,53.813436444474256,-1.8154052489464947
01/11/2021 09:31:00,0.432,83,10.5,51,990.89,5,8,18,53.813417573669525,-1.8157006371088118
01/11/2021 09:32:00,0.389,85,10.6,49,990.68,5,8,18,53.81342632216732,-1.8156398106533382
01/11/2021 09:33:00,0.369,86,10.7,48,991.31,4,7,18,53.8134423430466,-1.8158084568951733
01/11/2021 09:34:00,0.377,85,10.7,47,991.17,4,7,18,53.81347511903356,-1.8163433525812742
01/11/2021 09:35:00,0.339,87,10.7,47,991.22,4,7,18,53.813387372722396,-1.815660980916662
01/11/2021 09:36:00,0.265,90,10.6,48,991.38,4,7,18,53.813602979639995,-1.8160499172802338
01/11/2021 09:37:00,0.266,90,10.5,49,991.52,4,9,20,53.813522886669865,-1.8160817217799357
01/11/2021 09:38:00,0.379,85,10.4,51,991.63,4,9,19,53.81364063074197,-1.8157787141506845
01/11/2021 09:39:00,0.427,83,10.4,52,991.77,4,9,20,53.81339152654292,-1.8164052085660538
01/11/2021 09:40:00,0.339,87,10.4,51,991.84,4,11,21,53.81333479322055,-1.8164547948034762
01/11/2021 09:41:00,0.266,90,10.3,50,991.79,5,11,21,53.813151142890725,-1.816452727194293
01/11/2021 09:42:00,0.25,90,10.2,49,991.62,5,11,21,53.81330985202224,-1.8165414813460863
01/11/2021 09:43:00,0.239,91,10.2,49,991.54,5,10,22,53.813003103974474,-1.8165919685931644
01/11/2021 09:44:00,0.244,90,10.4,50,991.44,5,9,21,53.81290281279508,-1.8166203505627425
01/11/2021 09:45:00,0.254,90,10.2,50,991.65,5,11,22,53.812906256444826,-1.816049483892945
01/11/2021 09:46:00,0.212,92,10.0,51,991.53,5,11,22,53.81310507823699,-1.816556427832136
01/11/2021 09:47:00,0.204,92,9.9,52,991.44,4,10,21,53.81335569778096,-1.816838004461448
01/11/2021 09:48:00,0.123,95,9.9,52,991.26,3,11,23,53.813214659159705,-1.8170901968671391
01/11/2021 09:49:00,0.113,95,9.9,51,991.37,3,10,23,53.81290935636652,-1.8175515965158675
01/11/2021 09:50:00,0.098,96,9.9,51,991.4,3,10,23,53.81313903024706,-1.8178458136171105
01/11/2021 09:51:00,0.116,95,9.9,51,991.31,4,12,24,53.81317907907006,-1.8177742859670718
01/11/2021 09:52:00,0.079,97,9.9,51,991.37,3,12,24,53.81341830134589,-1.8173206980926138
01/11/2021 09:53:00,0.068,97,9.9,50,991.51,4,11,24,53.81326469006857,-1.817528722947161
01/11/2021 09:54:00,0.13,95,9.9,51,991.48,4,13,25,53.81312714741229,-1.8177282662193133
01/11/2021 09:55:00,0.06,97,9.9,51,991.1,4,12,25,53.81312995145029,-1.8177683512188147
01/11/2021 09:56:00,0.141,94,9.8,50,991.06,3,11,25,53.813141157306355,-1.817783112996365
01/11/2021 09:57:00,0.214,91,9.8,50,991.32,3,10,23,53.81326939540746,-1.817695710048793
01/11/2021 09:58:00,0.222,91,9.8,50,990.82,3,8,23,53.812974729756306,-1.8179170383941938
01/11/2021 09:59:00,0.232,91,10.1,50,990.8,3,8,23,53.81324697627073,-1.8173710393531777
01/11/2021 10:00:00,0.15,94,10.1,50,990.72,,,,53.813030060618225,-1.8179218097681265
01/11/2021 10:01:00,0.216,91,10.2,50,990.9,3,8,23,53.813216516419175,-1.8176791277229047
01/11/2021 10:02:00,0.111,95,10.1,49,990.85,3,8,24,53.813135497527746,-1.8176362028588562
01/11/2021 10:03:00,0.084,96,10.1,50,990.48,4,10,23,53.81318442136613,-1.8178489462674827
01/11/2021 10:04:00,0.131,95,10.3,50,990.68,3,8,23,53.81315125408076,-1.8179843754764708
01/11/2021 10:05:00,0.124,95,10.3,50,991.06,3,7,22,53.81341175303899,-1.8181225784612323
01/11/2021 10:06:00,0.094,96,10.2,50,990.94,5,10,23,53.8135987265367,-1.818306208202441
01/11/2021 10:07:00,0.091,96,10.0,50,991.26,,,,53.81379893195734,-1.8184035372616567
01/11/2021 10:08:00,0.084,96,10.1,50,990.87,4,11,24,53.813849257508956,-1.8184650026159481
01/11/2021 10:09:00,0.078,97,10.2,49,990.89,4,9,23,53.81421817629926,-1.81870393921909
01/11/2021 10:10:00,0.099,96,10.1,49,990.59,3,7,22,53.8141267975993,-1.8187134053067333
01/11/2021 10:11:00,0.043,98,10.2,49,990.34,3,6,21,53.81395050603188,-1.8190013346484364
01/11/2021 10:12:00,0.017,99,10.2,50,990.53,3,7,21,53.81410515532605,-1.8193475678417947
01/11/2021 10:13:00,0.01,99,10.2,51,990.21,2,6,21,53.81404129855995,-1.8196877107975624
01/11/2021 10:14:00,0.07,97,10.3,51,989.54,3,8,22,53.81410725471448,-1.81979320696931
01/11/2021 10:15:00,0.113,95,10.2,52,989.58,3,8,23,53.81388828905849,-1.819857529154723
01/11/2021 10:16:00,0.069,97,10.1,54,989.22,3,8,22,53.81382425263623,-1.8205427249771078
01/11/2021 10:17:00,0.077,97,10.0,54,989.38,2,6,21,53.81385997360285,-1.8205465961732326
01/11/2021 10:18:00,0.012,99,10.0,55,989.72,3,6,21,53.81384227120835,-1.820544965597456
01/11/2021 10:19:00,0.03,98,10.1,55,989.92,3,7,21,53.813603328560276,-1.820965062409179
01/11/2021 10:20:00,0.115,95,10.0,56,990.14,2,6,21,53.81394470920815,-1.8205332482591376
01/11/2021 10:21:00,0.021,99,10.1,55,990.1,3,7,21,53.81390641694094,-1.820599546760175
01/11/2021 10:22:00,0.107,95,10.0,56,990.17,2,7,20,53.81419675333241,-1.8204123693841325
01/11/2021 10:23:00,0.154,94,10.1,54,990.35,2,7,20,53.81439748008704,-1.8201126421098728
01/11/2021 10:24:00,0.166,93,10.0,55,989.75,2,7,20,53.81445074766259,-1.8200018076528994
01/11/2021 10:25:00,0.16,93,10.1,54,989.83,2,6,19,53.81450309368117,-1.8206759537736585
01/11/2021 10:26:00,0.153,94,10.2,55,989.73,1,7,19,53.81457762048599,-1.8210723850102575
01/11/2021 10:27:00,0.112,95,10.2,56,989.77,2,8,18,53.814597854513465,-1.8211365689668024
01/11/2021 10:28:00,0.108,95,10.1,54,989.65,2,8,20,53.81443726194631,-1.8211687730404413
01/11/2021 10:29:00,0.122,95,10.1,55,989.97,2,7,21,53.81408366580484,-1.8209164655428647
01/11/2021 10:30:00,0.101,96,10.1,55,990.22,1,6,19,53.81415890276543,-1.8207570179709398
01/11/2021 10:31:00,0.07,97,10.2,55,990.26,2,8,19,53.814276387686576,-1.8203188776494748
01/11/2021 10:32:00,0.063,97,10.1,55,990.01,,,,53.81429663405642,-1.8203148270735143
01/11/2021 10:33:00,0.13,95,10.1,54,990.14,3,7,18,53.81390937607006,-1.8203045630864787
01/11/2021 10:34:00,0.171,93,10.1,53,989.89,2,7,18,53.81380737159233,-1.8202097359185552
01/11/2021 10:35:00,0.247,90,10.1,54,989.22,2,8,18,53.81374631914779,-1.8202539594927114
01/11/2021 10:36:00,0.269,89,10.4,53,989.2,3,9,18,53.81344030527079,-1.8203388076733256
01/11/2021 10:37:00,0.378,85,10.4,53,988.95,2,9,18,53.81335593110603,-1.819868229573895
01/11/2021 10:38:00,0.382,85,10.4,53,988.74,2,8,16,53.8129675647501,-1.8196126173596474
01/11/2021 10:39:00,0.288,89,10.5,53,988.46,2,8,16,53.81316208857815,-1.8196705855700628
01/11/2021 10:40:00,0.316,88,10.6,54,988.6,2,8,16,53.813154389405035,-1.8193396736399179
01/11/2021 10:41:00,0.352,86,10.7,55,988.43,3,9,17,53.81287699431384,-1.818930481913109
01/11/2021 10:42:00,0.409,84,10.7,55,988.6,4,9,17,53.81304740631894,-1.8183604615443925
01/11/2021 10:43:00,0.459,82,10.7,53,988.69,3,9,17,53.81321776888518,-1.818273457304395
01/11/2021 10:44:00,0.348,86,11.0,53,988.26,4,10,17,53.813256990377134,-1.8182019010773312
01/11/2021 10:45:00,0.434,83,11.0,53,988.56,4,10,17,53.81314223658306,-1.8182620938436342
01/11/2021 10:46:00,0.404,84,10.9,53,988.84,3,11,17,53.81327737920038,-1.8182046921646975
01/11/2021 10:47:00,0.433,83,11.0,52,988.63,3,10,18,53.81328409239533,-1.8181164469689024
01/11/2021 10:48:00,0.423,84,11.1,50,988.64,4,10,17,53.81368555942409,-1.8180524741848398
01/11/2021 10:49:00,0.449,83,11.1,51,988.74,4,11,17,53.81371044444508,-1.8180357629721955
01/11/2021 10:50:00,0.473,82,11.1,49,988.59,5,11,18,53.813676926792304,-1.8177507405982265
01/11/2021 10:51:00,0.466,82,11.1,50,988.78,5,11,19,53.81336164586001,-1.8176457559174617
01/11/2021 10:52:00,0.573,78,11.0,51,988.74,4,10,19,53.81323092890706,-1.817686205806798
01/11/2021 10:53:00,0.566,78,11.0,52,988.87,4,8,19,53.81350654168498,-1.8180583627037061
01/11/2021 10:54:00,0.572,78,11.0,52,988.88,3,6,18,53.81378238877388,-1.8179678445959864
01/11/2021 10:55:00,0.58,78,11.1,52,989.12,3,6,18,53.81372919523039,-1.8178674032498083
01/11/2021 10:56:00,0.651,75,11.0,51,989.26,4,7,19,53.813831312411885,-1.817653085495646
01/11/2021 10:57:00,0.64,76,11.0,52,988.66,5,8,20,53.813743077132926,-1.8169524465137565
01/11/2021 10:58:00,0.647,75,11.0,53,988.35,7,10,21,53.81388417732904,-1.817007910721359
01/11/2021 10:59:00,0.695,73,11.0,53,988.2,7,9,21,53.81366103274349,-1.8164257667794637
01/11/2021 11:00:00,0.691,74,10.8,54,988.15,7,9,20,53.813497450670596,-1.8164012917299515
01/11/2021 11:01:00,0.736,72,10.7,54,988.06,9,11,21,53.81349797902907,-1.8164034897551784
01/11/2021 11:02:00,0.688,74,10.8,53,987.94,9,12,22,53.81357929587183,-1.816719733018932
01/11/2021 11:03:00,0.679,74,10.8,53,988.02,9,13,20,53.81374989743577,-1.8165908656605185
01/11/2021 11:04:00,0.705,73,10.9,52,988.01,9,14,20,53.81349350872852,-1.816690153957995
01/11/2021 11:05:00,0.692,74,10.9,51,987.83,8,13,19,53.81343875821328,-1.8166417580145777
01/11/2021 11:06:00,0.672,74,11.0,50,988.4,7,11,19,53.81371443385953,-1.8166639588903246
01/11/2021 11:07:00,0.611,77,11.2,51,987.98,9,14,20,53.81358500047271,-1.8166299085910915
01/11/2021 11:08:00,0.68,74,11.1,52,987.77,10,16,21,53.813729176506456,-1.8167698824718488
01/11/2021 11:09:00,0.649,75,11.2,52,987.6,8,14,19,53.81365235737706,-1.8168747161206047
01/11/2021 11:10:00,0.74,72,11.1,52,987.55,6,12,18,53.81392411010939,-1.8174231102286653
01/11/2021 11:11:00,0.65,75,11.3,51,987.37,5,12,18,53.8139101906586,-1.8173912491716133
01/11/2021 11:12:00,0.586,78,11.1,51,987.45,5,11,18,53.81384492390493,-1.8172713589227274
01/11/2021 11:13:00,0.603,77,11.0,50,987.68,4,10,18,53.813612894967605,-1.817150177172446
01/11/2021 11:14:00,0.626,76,11.1,50,987.44,5,13,18,53.81347576082753,-1.817167393160164
01/11/2021 11:15:00,0.614,76,11.1,50,987.5,5,15,19,53.81349829433247,-1.8171622776511724
01/11/2021 11:16:00,0.57,78,11.2,50,987.89,4,14,18,53.81353795238636,-1.8171991131928442
01/11/2021 11:17:00,0.536,79,11.1,49,988.09,3,13,18,53.81344937396896,-1.8172135114646024
01/11/2021 11:18:00,0.536,79,11.1,48,988.5,3,12,17,53.81343094490388,-1.8170311742706056
01/11/2021 11:19:00,0.543,79,11.2,48,988.24,4,11,17,53.813397424210514,-1.8164422897062795
01/11/2021 11:20:00,0.578,78,11.0,49,988.75,,,,53.81382650976935,-1.8165759604002636
01/11/2021 11:21:00,0.503,81,11.0,49,988.23,3,11,16,53.813606397945,-1.8167077868219774
01/11/2021 11:22:00,0.55,79,11.0,48,988.59,3,11,17,53.81358878708626,-1.816222728786109
01/11/2021 11:23:00,0.584,78,11.1,46,988.64,3,9,16,53.81348907247629,-1.8166893641721347
01/11/2021 11:24:00,0.571,78,11.2,47,988.59,3,9,16,53.81353307887807,-1.8167784490122236
01/11/2021 11:25:00,0.538,79,11.0,47,988.37,3,9,18,53.81309886339588,-1.8168525631882015
01/11/2021 11:26:00,0.548,79,10.9,48,988.8,3,10,18,53.813045030160794,-1.8173189079407324
01/11/2021 11:27:00,0.561,78,11.0,48,988.5,4,10,18,53.81282977970264,-1.8174783711757356
01/11/2021 11:28:00,0.614,76,10.9,47,988.44,2,8,17,53.812735558899675,-1.8170337582541365
01/11/2021 11:29:00,0.65,75,11.0,47,988.37,2,8,18,53.81245020283587,-1.8164742786763683
01/11/2021 11:30:00,0.614,76,10.9,47,988.56,2,9,19,53.812597825816496,-1.8164707338530865
01/11/2021 11:31:00,0.621,76,10.9,45,988.29,3,10,19,53.8127109842373,-1.8164312290626516
01/11/2021 11:32:00,0.598,77,11.0,46,988.32,3,9,19,53.812763754224676,-1.816528807734647
01/11/2021 11:33:00,0.512,80,11.1,47,988.27,4,10,19,53.81238340390989,-1.8168064174006033
01/11/2021 11:34:00,0.523,80,11.1,46,988.57,4,10,19,53.81239877282246,-1.8163294573117936
01/11/2021 11:35:00,0.553,79,11.2,46,988.99,4,11,19,53.81222144856193,-1.81574447518292
01/11/2021 11:36:00,0.622,76,11.1,46,988.81,3,9,19,53.81208964293194,-1.8159823406795335
01/11/2021 11:37:00,0.619,76,10.9,46,988.59,3,10,19,53.81228499327028,-1.8161910513006112
01/11/2021 11:38:00,0.552,79,10.8,47,988.31,3,9,20,53.81230235107988,-1.8164270241890423
01/11/2021 11:39:00,0.593,77,10.9,47,988.07,3,8,19,53.8122760015615,-1.8164262898255343
01/11/2021 11:40:00,0.651,75,10.9,46,987.88,3,9,20,53.81231311783094,-1.816269062294173
01/11/2021 11:41:00,0.646,75,11.0,47,988.19,3,9,21,53.81267833571798,-1.8165119591393684
01/11/2021 11:42:00,0.579,78,11.1,46,987.95,3,8,20,53.812933924284174,-1.8163361624902992
01/11/2021 11:43:00,0.539,79,11.2,47,987.83,2,7,20,53.81310682752207,-1.8160673920322294
01/11/2021 11:44:00,0.608,77,11.3,46,987.89,3,8,20,53.81303121923332,-1.8161594644428398
01/11/2021 11:45:00,0.661,75,11.3,46,987.97,3,7,20,53.81302023700627,-1.8157488691320232
01/11/2021 11:46:00,0.704,73,11.3,45,987.62,3,8,20,53.813164190649715,-1.8150864442971384
01/11/2021 11:47:00,0.735,72,11.3,45,987.83,3,6,20,53.81304478182687,-1.8146852467258574
01/11/2021 11:48:00,0.833,68,11.3,45,987.32,3,8,20,53.8130153178854,-1.8148644213030831
01/11/2021 11:49:00,0.837,68,11.3,45,987.56,4,8,20,53.813079758881365,-1.8148607744525558
01/11/2021 11:50:00,0.873,67,11.3,44,987.37,4,9,20,53.81309843266466,-1.814706242825666
01/11/2021 11:51:00,0.821,69,11.2,42,987.0,5,9,20,53.81317659952988,-1.8144458817135423
01/11/2021 11:52:00,0.8,70,11.2,41,986.97,6,10,19,53.81328264700774,-1.815120124358334
01/11/2021 11:53:00,0.806,69,11.2,42,987.68,7,11,19,53.81304036509598,-1.8149173942453427
01/11/2021 11:54:00,0.858,67,11.1,41,987.66,7,12,18,53.81306659075473,-1.8146048641944497
01/11/2021 11:55:00,0.826,69,11.1,41,987.42,,,,53.81273627931375,-1.8147290321262304
01/11/2021 11:56:00,0.825,69,11.3,40,987.02,7,10,17,53.81308725855841,-1.8143707812234466
01/11/2021 11:57:00,0.834,68,11.2,40,987.13,6,9,17,53.813052580438615,-1.8141461607075478
01/11/2021 11:58:00,0.824,69,11.3,41,986.44,5,8,17,53.813039422885694,-1.8139345294591784
01/11/2021 11:59:00,0.844,68,11.3,39,986.69,6,9,17,53.81319270593787,-1.8140265240476874
01/11/2021 12:00:00,0.84,68,11.4,40,986.88,6,9,17,53.813179114960604,-1.8142852611224822
01/11/2021 12:01:00,0.91,65,11.3,39,987.24,6,11,17,53.81343485891024,-1.8144471735814474
01/11/2021 12:02:00,0.882,66,11.4,41,987.21,6,12,19,53.81372032344595,-1.814888909304257
01/11/2021 12:03:00,0.92,65,11.3,40,987.39,6,11,19,53.813901829869785,-1.814865264605345
01/11/2021 12:04:00,0.957,64,11.1,40,987.55,6,11,20,53.81381671582582,-1.8152022215505748
01/11/2021 12:05:00,0.9,66,11.3,40,987.26,7,11,20,53.813624478926215,-1.8151302483234102
01/11/2021 12:06:00,1.022,61,11.3,40,987.0,6,10,19,53.81373100739882,-1.8153692072476697
01/11/2021 12:07:00,1.074,59,11.5,40,986.78,6,9,18,53.81376821259151,-1.8150811159775007
01/11/2021 12:08:00,1.077,59,11.5,41,987.52,4,7,18,53.81375437456038,-1.814987800825415
01/11/2021 12:09:00,1.079,59,11.5,40,987.12,5,7,17,53.814035844155306,-1.8150926436807575
01/11/2021 12:10:00,1.106,58,11.5,40,987.31,5,8,17,53.814212698779095,-1.8157495995964985
01/11/2021 12:11:00,1.187,55,11.6,42,986.72,5,7,16,53.81395736954569,-1.8159033200242665
01/11/2021 12:12:00,1.177,55,11.5,41,986.54,4,8,17,53.813516538066885,-1.8159130718124172
01/11/2021 12:13:00,1.143,57,11.8,41,986.52,4,8,18,53.81356683355744,-1.8161602047631595
01/11/2021 12:14:00,1.089,59,11.7,41,986.94,5,9,17,53.81386550524935,-1.8163211881831616
01/11/2021 12:15:00,0.995,62,11.7,42,986.95,6,10,18,53.81420552574684,-1.8166774213969186
01/11/2021 12:16:00,0.974,63,11.7,42,987.08,7,11,19,53.814196265035925,-1.8174252557127561
01/11/2021 12:17:00,0.975,63,11.7,43,987.51,6,10,19,53.81420230749007,-1.8181471705601282
01/11/2021 12:18:00,0.995,62,11.8,42,987.62,6,11,18,53.81419293726062,-1.8181514210541803
01/11/2021 12:19:00,0.944,64,11.8,42,987.92,5,11,18,53.81454958236564,-1.8180228171711927
01/11/2021 12:20:00,0.927,65,11.9,42,987.33,5,10,18,53.81446524279434,-1.8180140289908484
01/11/2021 12:21:00,0.838,68,11.9,42,987.01,6,12,18,53.81446068551312,-1.8180127498970964
01/11/2021 12:22:00,0.837,68,11.9,42,987.21,7,14,20,53.81422722294239,-1.8174908705785349
01/11/2021 12:23:00,0.857,67,12.0,40,987.35,6,13,20,53.81415381624998,-1.8174525715403378
01/11/2021 12:24:00,0.85,68,12.0,40,987.25,6,16,20,53.814184647959365,-1.8174761862584097
01/11/2021 12:25:00,0.873,67,12.1,41,987.18,7,16,21,53.81404876794536,-1.817552553643755
01/11/2021 12:26:00,0.857,67,12.2,41,987.06,8,16,21,53.814039989168,-1.8175554722937803
01/11/2021 12:27:00,0.928,65,12.2,40,987.27,10,16,21,53.81404487607151,-1.8175825438013167
01/11/2021 12:28:00,0.971,63,12.3,40,987.21,10,17,21,53.814058475203396,-1.8176183816726383
01/11/2021 12:29:00,0.974,63,12.4,40,987.34,10,18,22,53.814004919395096,-1.8179324692038814
01/11/2021 12:30:00,0.989,62,12.5,41,987.29,10,17,22,53.81430394119515,-1.8183471470726134
01/11/2021 12:31:00,0.984,63,12.4,39,987.57,10,18,22,53.81438414659313,-1.818425240948189
01/11/2021 12:32:00,1.049,60,12.4,39,987.49,8,16,22,53.81436811807634,-1.8188208382919828
01/11/2021 12:33:00,1.028,61,12.3,40,987.34,8,15,21,53.814230414024266,-1.8181920093814132
01/11/2021 12:34:00,1.029,61,12.4,39,987.54,7,12,20,53.81448722653169,-1.8180530231609076
01/11/2021 12:35:00,1.011,62,12.3,40,987.93,5,11,20,53.81427754241144,-1.8177096980940535
01/11/2021 12:36:00,1.025,61,12.3,41,988.14,4,10,21,53.81414722221768,-1.8176599532483828
01/11/2021 12:37:00,1.012,62,12.2,40,988.34,4,9,21,53.814094968254146,-1.8177379758835057
01/11/2021 12:38:00,1.039,61,12.4,40,988.52,4,8,21,53.814114121748865,-1.8176838911783328
01/11/2021 12:39:00,1.039,61,12.3,40,988.43,3,8,21,53.81423879051783,-1.8176064534449696
01/11/2021 12:40:00,1.045,60,12.3,41,988.6,3,9,21,53.81423153495907,-1.8174431389033954
01/11/2021 12:41:00,1.001,62,12.3,43,988.51,3,9,20,53.814239128544294,-1.8174628435453453
01/11/2021 12:42:00,1.09,59,12.3,42,988.7,3,11,21,53.81400563250509,-1.8177144981063496
01/11/2021 12:43:00,1.111,58,12.3,42,988.67,3,10,20,53.813961174980015,-1.8172966327850468
01/11/2021 12:44:00,1.074,59,12.4,42,988.86,2,8,20,53.81392253066975,-1.81790992351848
01/11/2021 12:45:00,1.058,60,12.5,42,988.79,2,7,21,53.81374968630666,-1.8172623113620783
01/11/2021 12:46:00,1.006,62,12.5,42,988.71,3,8,21,53.813884890786035,-1.8173200095453892
01/11/2021 12:47:00,0.996,62,12.4,42,988.81,3,7,21,53.81349854028538,-1.8175648019375743
01/11/2021 12:48:00,1.032,61,12.4,43,989.09,3,6,22,53.813267309177505,-1.816957173252667
01/11/2021 12:49:00,1.021,61,12.5,42,988.61,3,6,21,53.81324112591468,-1.8175655987297938
01/11/2021 12:50:00,1.061,60,12.4,42,988.75,4,8,22,53.81337330728962,-1.8182407365104167
01/11/2021 12:51:00,1.023,61,12.3,41,988.52,3,8,23,53.81314025614741,-1.8178355026477167
01/11/2021 12:52:00,1.047,60,12.4,41,987.81,3,8,22,53.81325990900031,-1.8179043794734568
01/11/2021 12:53:00,1.021,61,12.4,40,987.98,5,10,22,53.81294375669695,-1.8182587655772153
01/11/2021 12:54:00,1.162,56,12.6,41,987.51,5,10,21,53.81322308984049,-1.818467698289001
01/11/2021 12:55:00,1.21,54,12.7,41,987.24,,,,53.81332870333526,-1.818064904700792
01/11/2021 12:56:00,1.22,54,12.7,42,987.44,4,9,22,53.81301142195279,-1.8183090782041564
01/11/2021 12:57:00,1.202,54,12.8,40,987.12,4,8,22,53.812780714369815,-1.8186871380133818
01/11/2021 12:58:00,1.143,57,12.8,39,987.26,3,7,21,53.81242670835389,-1.8182991049372974
01/11/2021 12:59:00,1.144,57,13.0,38,987.47,3,6,20,53.81242667796578,-1.8186147329180975
01/11/2021 13:00:00,1.098,58,12.8,38,987.32,3,7,20,53.81215061637306,-1.8185848290422553
01/11/2021 13:01:00,1.135,57,12.8,37,987.48,4,9,20,53.812212711887476,-1.819048145658302
01/11/2021 13:02:00,1.159,56,12.9,37,987.34,3,7,20,53.812199249985085,-1.8190630518073727
01/11/2021 13:03:00,1.163,56,12.8,37,987.62,3,8,19,53.81217383737479,-1.8185660482797468
01/11/2021 13:04:00,1.23,53,12.8,37,987.0,3,7,19,53.812132099113164,-1.8186236277723555
01/11/2021 13:05:00,1.283,51,12.9,36,986.4,3,8,19,53.812130975446834,-1.8186374434708303
01/11/2021 13:06:00,1.217,54,12.9,36,986.02,4,10,19,53.812086692800705,-1.81837976241801
01/11/2021 13:07:00,1.2,55,12.8,35,986.36,4,10,19,53.81225042831539,-1.8187929209237967
01/11/2021 13:08:00,1.224,54,12.7,36,986.07,4,10,18,53.81268948769642,-1.8187013246762853
01/11/2021 13:09:00,1.207,54,12.8,36,986.57,5,12,19,53.81229310837695,-1.818980895541182
01/11/2021 13:10:00,1.237,53,12.9,36,986.75,4,11,18,53.81230624665027,-1.8189344331849224
01/11/2021 13:11:00,1.234,53,13.1,37,987.17,5,11,18,53.81230160455189,-1.8182146937192716
01/11/2021 13:12:00,1.231,53,13.2,36,987.05,5,13,19,53.81271135481511,-1.8184079789370988
01/11/2021 13:13:00,1.173,56,13.1,35,987.24,5,13,18,53.812817025612915,-1.8181931116194454
01/11/2021 13:14:00,1.171,56,13.1,35,987.31,5,14,19,53.813039660755834,-1.8181970740964668
01/11/2021 13:15:00,1.093,58,12.8,34,987.34,6,14,20,53.81314216670248,-1.8181274239441974
01/11/2021 13:16:00,1.059,60,12.9,35,987.33,5,12,18,53.81324023964558,-1.8177451859903384
01/11/2021 13:17:00,1.025,61,13.0,34,987.58,5,13,19,53.812834677620515,-1.8177698521611887
01/11/2021 13:18:00,1.009,62,12.8,34,987.74,6,14,19,53.81303789640173,-1.817887765320023
01/11/2021 13:19:00,1.016,61,12.8,34,987.5,6,14,19,53.8130727350735,-1.8178885202528305
01/11/2021 13:20:00,1.051,60,12.8,34,987.77,6,14,19,53.8130972135646,-1.8179997474341194
01/11/2021 13:21:00,1.132,57,12.8,34,987.55,7,13,18,53.81285163913508,-1.8179611440367622
01/11/2021 13:22:00,1.093,59,12.8,33,987.23,6,12,19,53.81305055995292,-1.8176138164535955
01/11/2021 13:23:00,1.117,58,12.8,32,987.32,6,12,17,53.813024874283485,-1.8174012651574087
01/11/2021 13:24:00,1.195,55,13.0,31,987.1,5,10,17,53.812927955698555,-1.8174526096372896
01/11/2021 13:25:00,1.165,56,13.0,31,987.03,5,9,16,53.81311262119843,-1.8177293085645516
01/11/2021 13:26:00,1.146,57,13.0,30,987.13,6,10,17,53.81322629873003,-1.8177964453445765
01/11/2021 13:27:00,1.13,57,13.0,31,986.92,7,11,17,53.81345180979806,-1.8173515835141378
01/11/2021 13:28:00,1.107,58,12.9,31,987.41,6,9,16,53.81366227195307,-1.8177198822698704
01/11/2021 13:29:00,1.111,58,13.0,32,987.56,6,9,17,53.8136356577922,-1.8182200174622174
01/11/2021 13:30:00,1.097,58,13.0,33,987.37,5,8,16,53.81367861983507,-1.8180260109071333
01/11/2021 13:31:00,1.107,58,12.9,34,987.57,5,7,17,53.81363097503642,-1.817946980822358
01/11/2021 13:32:00,1.141,57,13.1,34,987.26,5,7,17,53.81361994434102,-1.8184533947520618
01/11/2021 13:33:00,1.106,58,13.1,33,987.08,4,7,18,53.813728195714475,-1.8191674338648167
01/11/2021 13:34:00,1.114,58,13.1,31,987.42,4,7,18,53.81403432420812,-1.8194051929477502
01/11/2021 13:35:00,1.186,55,13.0,33,987.49,4,8,19,53.81401702314296,-1.8189840520272422
01/11/2021 13:36:00,1.277,52,12.9,32,987.29,4,6,18,53.81368387586435,-1.819106818261143
01/11/2021 13:37:00,1.204,54,12.8,33,986.59,4,6,19,53.813619923268625,-1.8191643786687437
01/11/2021 13:38:00,1.204,54,12.9,34,986.78,4,6,19,53.813294632614834,-1.8187657214112707
01/11/2021 13:39:00,1.12,57,13.0,34,986.71,3,6,19,53.8133958889481,-1.8188519143852024
01/11/2021 13:40:00,1.15,56,13.1,35,986.55,4,6,19,53.813377904221554,-1.8188002112862176
01/11/2021 13:41:00,1.203,54,13.1,36,986.77,4,6,19,53.813300259837284,-1.8192058805483942
01/11/2021 13:42:00,1.187,55,13.2,35,986.9,5,7,19,53.81336391097771,-1.8185450026754455
01/11/2021 13:43:00,1.269,52,13.1,35,986.95,6,7,18,53.81361865638287,-1.8179985860079444
01/11/2021 13:44:00,1.235,53,13.0,35,987.3,6,7,18,53.81363591877016,-1.8177830273992595
01/11/2021 13:45:00,1.277,52,13.1,34,987.38,7,8,18,53.81398076806768,-1.8177631877575118
01/11/2021 13:46:00,1.305,51,13.3,34,987.44,6,7,18,53.81419776017958,-1.8179992283357371
01/11/2021 13:47:00,1.354,49,13.3,35,987.22,5,7,18,53.81417649216419,-1.8179696105879741
01/11/2021 13:48:00,1.305,51,13.1,35,987.27,5,6,18,53.814316657900534,-1.8179159440916457
01/11/2021 13:49:00,1.407,47,13.2,34,986.71,5,6,17,53.814293154819836,-1.8185275886045211
01/11/2021 13:50:00,1.537,42,13.2,34,986.63,5,6,17,53.814670203848486,-1.8182236081228107
01/11/2021 13:51:00,1.543,42,13.2,35,986.78,6,7,17,53.81451074867331,-1.818488603347997
01/11/2021 13:52:00,1.54,42,13.2,35,986.29,6,7,17,53.81458948973656,-1.8191409012685416
01/11/2021 13:53:00,1.574,40,13.1,34,986.04,4,5,16,53.81448331196448,-1.8193978814121472
01/11/2021 13:54:00,1.57,41,13.1,35,985.86,4,5,17,53.81434861314955,-1.8190122907019208
01/11/2021 13:55:00,1.607,39,13.1,35,985.6,5,7,17,53.813985679949816,-1.8185865733368063
01/11/2021 13:56:00,1.708,35,13.2,35,985.57,4,6,18,53.81402941547853,-1.81825264384167
01/11/2021 13:57:00,1.65,38,13.4,34,985.5,4,6,18,53.81387957942299,-1.8183349594300704
01/11/2021 13:58:00,1.743,34,13.3,33,985.23,5,6,17,53.81386251520102,-1.8182001930693783
01/11/2021 13:59:00,1.803,32,13.4,33,985.01,4,6,16,53.813587866001036,-1.8178905004478432
01/11/2021 14:00:00,1.718,35,13.3,33,984.82,5,6,16,53.81388664939503,-1.818046627518395
01/11/2021 14:01:00,1.8,32,13.4,33,985.17,6,7,17,53.813813717698174,-1.8174322276820987
01/11/2021 14:02:00,1.796,32,13.6,32,985.15,7,8,16,53.813822302356556,-1.8174988273842068
01/11/2021 14:03:00,1.738,34,13.7,33,984.98,7,9,15,53.813770973383235,-1.8173653416988929
01/11/2021 14:04:00,1.667,37,13.8,33,985.02,7,10,16,53.81383263129746,-1.817092114517325
01/11/2021 14:05:00,1.593,40,13.7,33,985.0,7,10,16,53.81368817292562,-1.8172545047253927
01/11/2021 14:06:00,1.607,39,13.5,33,985.18,8,10,16,53.813714905851256,-1.8175549080865898
01/11/2021 14:07:00,1.631,38,13.5,33,985.09,7,10,15,53.81390334357483,-1.8180105728998046
01/11/2021 14:08:00,1.686,36,13.6,32,984.92,7,9,15,53.813724933089496,-1.8179485439291994
01/11/2021 14:09:00,1.694,36,13.5,33,985.19,6,9,14,53.813690912399736,-1.8174188785422811
01/11/2021 14:10:00,1.686,36,13.5,33,985.21,7,10,15,53.813690227263244,-1.817504896711462
01/11/2021 14:11:00,1.724,35,13.6,34,985.25,8,12,15,53.813397229822044,-1.8171128032370478
01/11/2021 14:12:00,1.736,34,13.6,32,985.52,8,12,15,53.813156043167254,-1.8169491008277465
01/11/2021 14:13:00,1.724,35,13.5,32,985.46,8,12,15,53.81281543032877,-1.816708902241694
01/11/2021 14:14:00,1.693,36,13.6,31,985.61,8,13,15,53.81266542331688,-1.816324347613234
01/11/2021 14:15:00,1.689,36,13.4,30,985.77,7,12,15,53.81275551105117,-1.8163970981011515
01/11/2021 14:16:00,1.636,38,13.3,31,986.02,6,11,14,53.81262679957826,-1.8157735466079883
01/11/2021 14:17:00,1.608,39,13.4,31,986.15,5,10,14,53.812741391890164,-1.8161759764187078
01/11/2021 14:18:00,1.647,38,13.3,31,985.94,5,10,14,53.812743910189226,-1.8161840246298049
01/11/2021 14:19:00,1.674,37,13.3,32,985.96,5,9,14,53.81268519762654,-1.8157197712763655
01/11/2021 14:20:00,1.639,38,13.4,32,986.14,5,9,15,53.81258812296565,-1.815438090670083
01/11/2021 14:21:00,1.683,36,13.4,32,986.1,5,9,15,53.81266402233485,-1.8156775331253951
01/11/2021 14:22:00,1.672,37,13.3,34,985.75,5,10,15,53.81266422102159,-1.815858195270286
01/11/2021 14:23:00,1.693,36,13.3,33,986.07,4,9,16,53.812582487283244,-1.8158164016566871
01/11/2021 14:24:00,1.644,38,13.4,34,985.96,5,10,16,53.81299669438995,-1.816031077670455
01/11/2021 14:25:00,1.638,38,13.2,34,986.31,5,9,17,53.81297149724746,-1.8158962133067846
01/11/2021 14:26:00,1.573,41,13.3,33,986.11,5,9,16,53.81315507326292,-1.816267888486963
01/11/2021 14:27:00,1.507,43,13.3,35,985.9,5,11,17,53.81315334472094,-1.8162945427409989
01/11/2021 14:28:00,1.492,44,13.3,36,986.16,4,10,17,53.81310514057748,-1.8163159529790962
01/11/2021 14:29:00,1.529,42,13.1,35,986.29,4,12,17,53.812902434829894,-1.816651917099166
01/11/2021 14:30:00,1.511,43,13.2,35,985.94,4,13,17,53.812814981581255,-1.816704149235494
01/11/2021 14:31:00,1.412,47,13.1,36,986.16,4,11,17,53.812863049021935,-1.8168967061802104
01/11/2021 14:32:00,1.382,48,13.1,35,986.41,4,11,18,53.81321469530429,-1.8168698055440953
01/11/2021 14:33:00,1.441,45,13.2,34,986.27,5,11,17,53.81347387409082,-1.8162620221650803
01/11/2021 14:34:00,1.457,45,13.2,34,986.02,5,11,18,53.81363719493688,-1.8164630161433768
01/11/2021 14:35:00,1.451,45,13.2,34,985.98,4,11,18,53.81363549185311,-1.8164425458029225
01/11/2021 14:36:00,1.49,44,13.1,35,986.06,4,10,18,53.81371194839621,-1.8165998382222264
01/11/2021 14:37:00,1.57,41,13.1,35,986.01,4,11,18,53.813539324159905,-1.8162270875985136
01/11/2021 14:38:00,1.541,42,12.9,34,985.88,5,11,18,53.813835480706366,-1.8157178982704296
01/11/2021 14:39:00,1.571,41,13.0,35,985.6,5,11,19,53.81397358278259,-1.8160005535798405
01/11/2021 14:40:00,1.622,39,13.1,35,985.23,5,11,19,53.813944006703885,-1.8163270010812582
01/11/2021 14:41:00,1.633,38,13.2,35,984.86,6,12,19,53.81400153002209,-1.8163303488702762
01/11/2021 14:42:00,1.77,33,13.0,34,984.23,7,13,20,53.81383090769299,-1.8165614798713225
01/11/2021 14:43:00,1.791,32,13.1,34,984.34,7,11,20,53.81378862195035,-1.8165774067012952
01/11/2021 14:44:00,1.82,31,12.8,35,984.46,6,10,21,53.81360915109263,-1.8166540135589215
01/11/2021 14:45:00,1.808,32,12.8,36,984.78,6,10,22,53.81387464580905,-1.8160992026105758
01/11/2021 14:46:00,1.768,33,12.8,35,984.84,5,9,22,53.813906737715655,-1.8160017936717427
01/11/2021 14:47:00,1.806,32,12.7,34,985.2,4,8,21,53.813614877501024,-1.8157007120486992
01/11/2021 14:48:00,1.864,30,12.7,34,984.96,4,8,21,53.81373260701132,-1.8156124783393122
01/11/2021 14:49:00,1.924,27,12.8,33,984.91,6,10,20,53.81335906365777,-1.815593967870954
01/11/2021 14:50:00,1.896,28,12.8,34,984.88,5,9,20,53.81360781035455,-1.8157533365816945
01/11/2021 14:51:00,1.966,26,12.7,34,984.7,5,8,21,53.81374322183126,-1.8155371152121489
01/11/2021 14:52:00,1.919,28,12.8,33,984.91,5,9,21,53.81373889340402,-1.8155609050321873
01/11/2021 14:53:00,1.795,32,12.8,35,984.66,5,9,21,53.81372936621921,-1.8155955500296581
01/11/2021 14:54:00,1.855,30,12.7,36,985.16,5,9,20,53.81373106485236,-1.8155930439991905
01/11/2021 14:55:00,1.743,34,12.8,36,985.52,5,9,20,53.813631639084264,-1.8151514734342336
01/11/2021 14:56:00,1.75,34,12.7,36,985.67,5,9,20,53.81331098717109,-1.8147732333491584
01/11/2021 14:57:00,1.711,35,12.7,35,985.41,5,9,21,53.81289303429605,-1.814733865426858
01/11/2021 14:58:00,1.816,31,12.5,35,985.47,5,9,20,53.81288126682136,-1.8147219054895265
01/11/2021 14:59:00,1.881,29,12.5,37,985.23,4,8,19,53.81281193989539,-1.814305842321714
01/11/2021 15:00:00,1.923,27,12.4,37,985.21,3,6,19,53.81282821714098,-1.8141430600414545
01/11/2021 15:01:00,1.899,28,12.5,37,985.44,3,6,18,53.812416257093666,-1.814259157881904
01/11/2021 15:02:00,1.831,31,12.7,37,985.56,4,8,19,53.81248092510995,-1.814428612165809
01/11/2021 15:03:00,1.828,31,12.6,36,985.47,4,7,19,53.81266848548192,-1.8145807503764704
01/11/2021 15:04:00,1.824,31,12.7,36,985.81,4,7,20,53.8125972769866,-1.8149665852251011
01/11/2021 15:05:00,1.869,29,12.7,35,985.99,5,8,20,53.81223593379083,-1.8147772454572275
01/11/2021 15:06:00,1.84,30,12.7,36,985.9,4,7,20,53.81258835905251,-1.814747714920119
01/11/2021 15:07:00,1.839,31,12.8,36,985.48,4,8,20,53.81254733955588,-1.814759895812992
01/11/2021 15:08:00,1.761,33,12.9,36,985.48,4,9,20,53.812193947664376,-1.8145488602967896
01/11/2021 15:09:00,1.749,34,13.0,36,985.44,4,9,19,53.81219535854388,-1.8143541236887677
01/11/2021 15:10:00,1.757,34,13.0,36,985.41,4,10,20,53.812325424018915,-1.8149084214133118
01/11/2021 15:11:00,1.663,37,12.9,36,985.16,5,10,20,53.812528508885435,-1.815287682324567
01/11/2021 15:12:00,1.61,39,12.7,36,985.26,5,9,19,53.81246713938583,-1.815867735910024
01/11/2021 15:13:00,1.627,39,12.6,36,985.1,4,7,19,53.81252317488066,-1.8158727333948244
01/11/2021 15:14:00,1.666,37,12.5,35,984.92,3,6,18,53.81251538507493,-1.816240194166456
01/11/2021 15:15:00,1.747,34,12.6,34,985.35,4,7,18,53.812379633435036,-1.8167030712826364
01/11/2021 15:16:00,1.692,36,12.5,34,985.4,4,7,18,53.81230991016816,-1.8171714108775303
01/11/2021 15:17:00,1.757,34,12.6,34,985.31,3,6,17,53.812148861836185,-1.8170588365153146
01/11/2021 15:18:00,1.748,34,12.6,34,985.85,3,6,17,53.81219558037241,-1.8170435913296872
01/11/2021 15:19:00,1.786,33,12.6,34,985.92,2,5,16,53.812305336527814,-1.8167096939976535
01/11/2021 15:20:00,1.838,31,12.6,32,985.7,3,5,16,53.812172809092054,-1.8169962160446935
01/11/2021 15:21:00,1.796,32,12.7,32,986.13,3,5,16,53.81201152093803,-1.8172353171475017
01/11/2021 15:22:00,1.8,32,12.9,32,985.98,3,6,16,53.81243004352714,-1.81721112217291
01/11/2021 15:23:00,1.743,34,12.7,33,985.93,4,7,17,53.81270663614985,-1.8171135785777013
01/11/2021 15:24:00,1.78,33,12.8,33,986.55,5,8,17,53.81299685010256,-1.8175986202175625
01/11/2021 15:25:00,1.8,32,12.8,32,986.67,5,7,17,53.81298039658565,-1.817540458433492
01/11/2021 15:26:00,1.82,31,12.8,33,986.6,4,7,18,53.812978696225024,-1.8169998476583595
01/11/2021 15:27:00,1.838,31,12.8,33,987.03,5,9,17,53.81302709737638,-1.8167182801158688
01/11/2021 15:28:00,1.864,30,12.9,33,986.77,5,8,16,53.812996497523464,-1.816707056595063
01/11/2021 15:29:00,1.805,32,12.9,34,986.39,5,7,16,53.8128802403541,-1.8167496806895478
01/11/2021 15:30:00,1.756,34,12.9,34,986.76,5,7,16,53.81286695260513,-1.8160676721154805
01/11/2021 15:31:00,1.769,33,12.9,33,986.67,5,7,16,53.812807882171576,-1.8159291703335214
01/11/2021 15:32:00,1.703,36,12.9,33,986.62,5,8,15,53.81275510279629,-1.8158097793194972
01/11/2021 15:33:00,1.755,34,12.9,33,986.98,4,7,14,53.812631302038724,-1.8159619354164522
01/11/2021 15:34:00,1.77,33,12.8,33,986.8,5,7,14,53.81259147027323,-1.8161536827466214
01/11/2021 15:35:00,1.703,36,12.8,32,986.64,4,6,14,53.81273917645403,-1.816064913101127
01/11/2021 15:36:00,1.685,36,12.8,30,986.75,4,6,15,53.81272026760212,-1.8153076776964396
01/11/2021 15:37:00,1.727,35,12.8,30,986.18,4,6,15,53.81256961818462,-1.8150295061882284
01/11/2021 15:38:00,1.695,36,12.8,30,986.49,4,5,14,53.812620703909346,-1.8150336100260658
01/11/2021 15:39:00,1.826,31,12.7,31,986.56,5,7,14,53.812689783872464,-1.8149891613187983
01/11/2021 15:40:00,1.738,34,12.8,31,986.36,6,7,14,53.8122864951136,-1.815071742882657
01/11/2021 15:41:00,1.759,34,12.8,31,986.12,5,7,13,53.81231520271141,-1.8150700517793277
01/11/2021 15:42:00,1.801,32,12.9,32,986.22,5,7,14,53.81195486242471,-1.8151884364186062
01/11/2021 15:43:00,1.79,32,12.8,32,986.41,6,9,15,53.811918158182976,-1.8153959837449745
01/11/2021 15:44:00,1.781,33,12.9,31,986.61,5,8,15,53.81204617836304,-1.8148734794993768
01/11/2021 15:45:00,1.805,32,13.0,30,986.37,5,8,15,53.811878069385614,-1.814590110698491
01/11/2021 15:46:00,1.862,30,13.0,33,985.99,5,9,14,53.81195054880493,-1.8152197413143845
01/11/2021 15:47:00,1.87,29,13.0,32,986.0,6,11,16,53.81190499727634,-1.8149620522764178
01/11/2021 15:48:00,1.954,26,13.1,32,985.98,6,10,15,53.811901578315926,-1.815000718775948
01/11/2021 15:49:00,1.907,28,13.0,32,986.09,6,11,15,53.811977914470205,-1.8145654084885052
01/11/2021 15:50:00,1.893,29,13.0,31,985.88,6,11,14,53.81197106436829,-1.814544685662584
01/11/2021 15:51:00,1.864,30,13.1,33,985.86,5,10,14,53.812325128593656,-1.814223281518139
01/11/2021 15:52:00,1.845,30,13.1,32,985.91,,,,53.812288904032414,-1.8142355388875697
01/11/2021 15:53:00,1.874,29,13.0,32,986.32,5,9,13,53.81232608399801,-1.814464199788726
01/11/2021 15:54:00,1.917,28,12.9,32,986.38,5,9,13,53.81201493104204,-1.8142857137626562
01/11/2021 15:55:00,1.874,29,13.0,32,986.45,5,8,12,53.81167778931217,-1.8142498750659635
01/11/2021 15:56:00,1.962,26,12.9,32,986.36,6,10,13,53.81204843871542,-1.8142504874928287
01/11/2021 15:57:00,1.927,27,12.7,33,986.44,5,11,13,53.812037561198366,-1.8141045682573849
01/11/2021 15:58:00,1.949,26,12.7,34,986.23,7,12,14,53.81200872063624,-1.8140103471294744
01/11/2021 15:59:00,1.938,27,12.8,35,985.76,6,12,15,53.81224726377129,-1.8142117691850728
01/11/2021 16:00:00,1.879,29,12.7,36,985.97,6,12,15,53.812366497678376,-1.814491391969881
01/11/2021 16:01:00,1.863,30,12.6,37,986.76,5,11,14,53.81221262425319,-1.814575049519362
01/11/2021 16:02:00,1.816,31,12.6,37,986.53,5,10,13,53.812163581383665,-1.8139590164166093
01/11/2021 16:03:00,1.822,31,12.6,37,986.73,6,11,14,53.81216581369928,-1.8139550136464235
01/11/2021 16:04:00,1.855,30,12.6,37,986.71,7,12,14,53.81195304319796,-1.8140464561127165
01/11/2021 16:05:00,1.825,31,12.7,37,985.97,6,11,13,53.81193926937709,-1.8143844535259464
01/11/2021 16:06:00,1.852,30,12.9,39,986.4,6,11,13,53.81198164281496,-1.8140607172200702
01/11/2021 16:07:00,1.889,29,12.9,38,986.33,6,10,13,53.81219862925279,-1.814019606588237
01/11/2021 16:08:00,1.781,33,12.9,38,986.62,5,10,13,53.81217421076132,-1.8136865338763155
01/11/2021 16:09:00,1.826,31,12.8,38,986.76,6,11,13,53.81218429834939,-1.8136984514770185
01/11/2021 16:10:00,1.793,32,12.7,39,986.98,6,10,14,53.81217892888848,-1.8134134464907714
01/11/2021 16:11:00,1.773,33,12.6,38,986.96,6,10,14,53.812025396831835,-1.8129825596000995
01/11/2021 16:12:00,1.702,36,12.6,39,986.48,6,8,14,53.811797888518484,-1.8135635978532934
01/11/2021 16:13:00,1.713,35,12.7,39,986.51,7,10,15,53.812004696027984,-1.8134497569392105
01/11/2021 16:14:00,1.736,34,12.8,40,985.96,7,10,15,53.8117531884081,-1.8136219310456518
01/11/2021 16:15:00,1.841,30,12.7,40,986.14,7,9,14,53.811899701207025,-1.8140534682102718
01/11/2021 16:16:00,1.837,31,12.7,39,986.44,7,9,14,53.81190935832235,-1.8138820686185468
01/11/2021 16:17:00,1.891,29,12.7,39,986.52,,,,53.81199172844033,-1.8137722474995033
01/11/2021 16:18:00,1.943,27,12.8,39,986.13,7,9,15,53.811866213330056,-1.8130940957384614
01/11/2021 16:19:00,1.992,25,12.9,39,986.07,6,9,14,53.812070598235266,-1.8125561865783302
01/11/2021 16:20:00,1.99,25,12.9,38,986.24,6,9,15,53.81213107201944,-1.813076156268537
01/11/2021 16:21:00,1.946,27,12.7,37,986.48,6,9,14,53.81213503209813,-1.8130574073966166
01/11/2021 16:22:00,1.89,29,12.7,37,986.63,4,8,13,53.81190310758271,-1.8130508849598554
01/11/2021 16:23:00,1.94,27,12.6,37,986.74,4,8,12,53.811792745496255,-1.8133871342065633
01/11/2021 16:24:00,1.88,29,12.5,37,986.62,5,9,13,53.811859714336194,-1.813185525128453
01/11/2021 16:25:00,1.917,28,12.6,36,986.43,4,10,13,53.81193380600848,-1.8129816103764342
01/11/2021 16:26:00,1.941,27,12.8,36,986.52,5,9,13,53.81174574641839,-1.8133611903327316
01/11/2021 16:27:00,1.906,28,12.8,36,986.91,5,9,13,53.81208942425096,-1.813595318020692
01/11/2021 16:28:00,1.857,30,12.8,36,986.8,4,8,12,53.81183384563508,-1.8135255680616513
01/11/2021 16:29:00,1.881,29,12.7,36,986.7,5,10,13,53.81166388550217,-1.8135009855201947
01/11/2021 16:30:00,1.857,30,12.7,35,986.6,5,9,12,53.811305749993586,-1.813725436851598
01/11/2021 16:31:00,1.759,34,12.7,35,986.59,4,8,12,53.81146220187775,-1.813407604078963
01/11/2021 16:32:00,1.695,36,12.8,34,986.69,4,9,12,53.81170761566959,-1.8133325780179552
01/11/2021 16:33:00,1.693,36,12.9,33,986.61,5,10,12,53.811539556480135,-1.8136412609890247
01/11/2021 16:34:00,1.682,36,12.9,32,986.67,4,10,12,53.811542236488854,-1.8139522877816472
01/11/2021 16:35:00,1.666,37,13.0,32,986.61,3,9,11,53.81126393947158,-1.8135605463927058
01/11/2021 16:36:00,1.632,38,12.8,33,986.58,3,10,11,53.81148683447158,-1.8131778732658792
01/11/2021 16:37:00,1.631,38,12.8,32,986.77,2,8,10,53.811393834795815,-1.813317219125536
01/11/2021 16:38:00,1.659,37,12.8,32,986.9,2,10,12,53.81151206401726,-1.8140191454091517
01/11/2021 16:39:00,1.576,40,12.8,33,987.1,2,9,11,53.811898460042286,-1.8142858315708728
01/11/2021 16:40:00,1.572,41,12.8,33,986.67,3,9,11,53.812265767552525,-1.814444694914835
01/11/2021 16:41:00,1.601,39,12.9,33,986.61,3,8,10,53.81194248820594,-1.8146160024975062
01/11/2021 16:42:00,1.479,44,12.9,33,986.57,3,9,11,53.812362025983276,-1.814583726200082
01/11/2021 16:43:00,1.363,48,13.0,32,986.43,3,8,12,53.812463641492904,-1.8142383509019644
01/11/2021 16:44:00,1.302,51,13.0,32,986.48,3,8,12,53.81259243857739,-1.8144748016681285
01/11/2021 16:45:00,1.294,51,13.2,33,986.6,3,9,13,53.812590680940886,-1.8144844104572482
01/11/2021 16:46:00,1.26,52,13.4,33,986.52,4,9,13,53.81254007801104,-1.8147157844310222
01/11/2021 16:47:00,1.255,52,13.4,34,986.52,4,10,13,53.812364908853986,-1.8152927024261767
01/11/2021 16:48:00,1.173,56,13.4,32,986.55,3,10,12,53.81230510713584,-1.8151594625897147
01/11/2021 16:49:00,1.202,54,13.4,31,986.73,3,9,11,53.81226317008932,-1.8151279440584764
01/11/2021 16:50:00,1.147,56,13.4,32,986.94,3,9,12,53.812324932620506,-1.8152854684374768
01/11/2021 16:51:00,1.199,55,13.5,31,986.71,3,9,12,53.812243771699066,-1.8157604226239694
01/11/2021 16:52:00,1.195,55,13.6,31,986.76,3,9,13,53.81225732444593,-1.8158572859530324
01/11/2021 16:53:00,1.19,55,13.7,31,986.76,3,9,14,53.811863229359496,-1.815670941036001
01/11/2021 16:54:00,1.179,55,13.7,31,986.65,2,9,14,53.81203397447416,-1.8159696730260297
01/11/2021 16:55:00,1.21,54,13.6,30,987.09,2,9,14,53.81178692651564,-1.816305820096956
01/11/2021 16:56:00,1.192,55,13.6,31,986.95,1,6,13,53.811846427006714,-1.8157062717634471
01/11/2021 16:57:00,1.229,53,13.8,31,986.45,1,6,13,53.81163847434525,-1.8162962908463842
01/11/2021 16:58:00,1.271,52,13.8,31,986.59,1,7,14,53.81187581851595,-1.8165847333148455
01/11/2021 16:59:00,1.3,51,13.9,31,986.66,1,7,14,53.81224978456662,-1.8167850103101313
01/11/2021 17:00:00,1.325,50,13.8,31,986.67,1,7,15,53.8123320899919,-1.8168531551111202
01/11/2021 17:01:00,1.346,49,13.8,32,986.82,2,6,15,53.81226645814307,-1.8166009238178513
01/11/2021 17:02:00,1.25,53,13.9,33,987.03,1,7,15,53.81204875462627,-1.8162436913592848
01/11/2021 17:03:00,1.179,55,13.7,31,986.83,2,7,16,53.81210715671317,-1.8163035559154426
01/11/2021 17:04:00,1.215,54,13.8,32,986.62,2,6,16,53.812100184555476,-1.8161130915166341
01/11/2021 17:05:00,1.29,51,13.4,32,986.62,2,6,16,53.81229040042313,-1.816113498626544
01/11/2021 17:06:00,1.195,55,13.4,33,986.81,2,8,16,53.81216170932814,-1.8160404700530735
01/11/2021 17:07:00,1.264,52,13.4,32,987.13,2,6,15,53.81211565060573,-1.8156395697919017
01/11/2021 17:08:00,1.239,53,13.4,32,986.9,2,7,15,53.81175400576609,-1.8154481103614326
01/11/2021 17:09:00,1.225,54,13.4,34,986.95,3,8,17,53.811682406066154,-1.8157617348954613
01/11/2021 17:10:00,1.22,54,13.3,35,986.57,3,9,17,53.81163744923744,-1.8156765683906824
01/11/2021 17:11:00,1.116,58,13.3,35,986.07,4,8,17,53.81200934198815,-1.8156318716324074
01/11/2021 17:12:00,1.022,61,13.3,35,986.05,3,7,16,53.81201135469531,-1.815630784731901
01/11/2021 17:13:00,0.995,62,13.4,35,985.56,4,8,17,53.812019780941014,-1.8156476565818584
01/11/2021 17:14:00,0.937,64,13.3,35,985.48,3,8,18,53.81198259905043,-1.8158385714809266
01/11/2021 17:15:00,0.913,65,13.0,36,985.25,,,,53.812061078069334,-1.8158682777444484
01/11/2021 17:16:00,0.86,67,13.0,36,985.3,3,7,19,53.81221571499112,-1.816245607289601
01/11/2021 17:17:00,0.855,67,12.9,34,985.19,3,7,19,53.81224907924817,-1.8164791500139585
01/11/2021 17:18:00,0.855,67,13.1,34,984.76,3,7,19,53.81235812075117,-1.8163966378846534
01/11/2021 17:19:00,0.887,66,13.2,34,984.77,3,8,19,53.81229436775597,-1.8166586001111884
01/11/2021 17:20:00,0.856,67,13.2,34,984.45,3,7,19,53.811965569250646,-1.8170531902141873
01/11/2021 17:21:00,0.908,65,13.3,33,984.12,3,8,19,53.81219300003755,-1.8168907644331833
01/11/2021 17:22:00,0.995,62,13.2,33,984.62,2,8,18,53.81232664396719,-1.8168626496388058
01/11/2021 17:23:00,1.047,60,13.2,33,984.67,3,8,19,53.81203749085386,-1.8170455173336992
01/11/2021 17:24:00,1.043,60,13.1,32,984.64,3,8,20,53.81220475864017,-1.8176023073503391
01/11/2021 17:25:00,0.985,63,12.9,33,984.81,3,7,21,53.81199314085573,-1.8176695715741986
01/11/2021 17:26:00,1.007,62,13.0,33,984.88,4,8,20,53.81171125317385,-1.8176645655409562
01/11/2021 17:27:00,1.092,59,13.0,32,984.7,5,9,20,53.812115863803875,-1.8174054222711438
01/11/2021 17:28:00,1.05,60,13.0,31,985.1,4,8,20,53.8122678379317,-1.8173904654814836
01/11/2021 17:29:00,1.096,58,13.0,33,985.49,3,7,20,53.812443093026864,-1.818030779847167
01/11/2021 17:30:00,1.063,60,13.1,32,985.34,4,8,20,53.812447064410534,-1.8182190390851816
01/11/2021 17:31:00,1.038,61,12.9,32,985.77,3,7,20,53.81261693038504,-1.817532318393492
01/11/2021 17:32:00,1.019,61,12.9,31,985.27,3,6,20,53.8123526930047,-1.8177053737665627
01/11/2021 17:33:00,0.891,66,12.8,32,985.34,3,6,20,53.8123221534417,-1.8179455758638394
01/11/2021 17:34:00,0.812,69,12.9,32,985.39,3,8,18,53.81250722606463,-1.8185009299565336
01/11/2021 17:35:00,0.884,66,13.0,31,985.72,3,7,19,53.81269585603508,-1.8186968343540146
01/11/2021 17:36:00,0.904,66,13.1,30,985.55,3,7,19,53.812914412905556,-1.8191039804026754
01/11/2021 17:37:00,0.926,65,12.9,31,985.27,3,7,19,53.813257375593814,-1.8190388737439238
01/11/2021 17:38:00,0.889,66,13.0,30,985.48,4,8,20,53.812838931857854,-1.8189420620929897
01/11/2021 17:39:00,0.882,66,13.1,31,985.58,3,8,18,53.812804349637325,-1.8188989656461727
01/11/2021 17:40:00,0.86,67,13.1,31,986.0,2,6,17,53.812886838845564,-1.818717469047852
01/11/2021 17:41:00,0.853,68,13.2,31,985.9,2,6,16,53.81293723796943,-1.818800663914181
01/11/2021 17:42:00,0.861,67,13.0,32,985.79,3,7,15,53.81290780896345,-1.8187691849434988
01/11/2021 17:43:00,0.892,66,13.0,32,985.5,2,8,16,53.81311936956502,-1.819424122772997
01/11/2021 17:44:00,0.837,68,12.9,31,985.38,2,7,15,53.81317813906634,-1.819187696456242
01/11/2021 17:45:00,0.857,67,12.8,31,985.33,3,8,15,53.813300855076236,-1.819377867615915
01/11/2021 17:46:00,0.883,66,12.7,31,985.2,3,7,15,53.81344490663593,-1.8192665579518563
01/11/2021 17:47:00,0.854,67,12.7,31,985.64,3,8,16,53.813448875416206,-1.8186444912794875
01/11/2021 17:48:00,0.844,68,12.6,31,985.65,4,10,16,53.813123547583764,-1.8183202224082127
01/11/2021 17:49:00,0.784,70,12.5,30,985.6,4,9,17,53.81305231617642,-1.8181399318837685
01/11/2021 17:50:00,0.777,70,12.5,30,985.66,3,8,17,53.81316162487118,-1.817972369306124
01/11/2021 17:51:00,0.756,71,12.4,32,985.79,2,6,15,53.81318970547086,-1.8184441474869992
01/11/2021 17:52:00,0.705,73,12.2,31,986.0,2,6,16,53.81307711099588,-1.8178320071522753
01/11/2021 17:53:00,0.676,74,12.4,32,985.97,2,6,16,53.813256998484924,-1.817420810112075
01/11/2021 17:54:00,0.746,72,12.3,31,985.73,3,6,16,53.81298891607869,-1.817900493000075
01/11/2021 17:55:00,0.784,70,12.4,31,985.46,2,5,15,53.81323514538109,-1.8175563401674886
01/11/2021 17:56:00,0.798,70,12.5,32,985.34,2,5,14,53.81336268298968,-1.817571806106041
01/11/2021 17:57:00,0.812,69,12.5,33,985.23,2,5,15,53.813228376227315,-1.8173431368110324
01/11/2021 17:58:00,0.834,68,12.4,33,985.15,3,5,14,53.81332954371644,-1.817216801045767
01/11/2021 17:59:00,0.778,70,12.5,32,985.08,2,6,15,53.81332935842646,-1.8172170723908339
01/11/2021 18:00:00,0.812,69,12.4,31,984.97,2,6,14,53.81353734068997,-1.8170871025257256
01/11/2021 18:01:00,0.829,68,12.5,33,984.87,2,5,13,53.81320254295762,-1.8174326025076237
01/11/2021 18:02:00,0.813,69,12.6,33,984.83,2,6,13,53.813207323416975,-1.817422406041926
01/11/2021 18:03:00,0.836,68,12.6,33,984.91,2,5,13,53.81342458726367,-1.8171119192049567
01/11/2021 18:04:00,0.816,69,12.7,33,984.82,2,4,13,53.813424965270855,-1.8165444042935772
01/11/2021 18:05:00,0.791,70,12.7,33,984.8,2,5,13,53.8134040434474,-1.8165204467435394
01/11/2021 18:06:00,0.769,71,12.7,33,984.98,2,5,13,53.81299527465941,-1.8166449682614727
01/11/2021 18:07:00,0.77,71,12.9,33,985.04,2,4,13,53.81302987277769,-1.8167331897159695
01/11/2021 18:08:00,0.799,70,12.9,34,984.96,1,4,14,53.813252994123204,-1.8168869044101608
01/11/2021 18:09:00,0.788,70,12.8,33,984.75,2,5,14,53.813099967762625,-1.8169278154575474
01/11/2021 18:10:00,0.821,69,12.9,34,984.62,1,4,13,53.81309613412865,-1.8173207773385063
01/11/2021 18:11:00,0.831,68,12.8,35,984.64,1,4,14,53.81322742839886,-1.8176907113061556
01/11/2021 18:12:00,0.895,66,12.8,35,984.55,1,4,14,53.81323445118861,-1.817785942599765
01/11/2021 18:13:00,0.942,64,12.8,36,984.37,2,5,14,53.81328102030752,-1.8174159218453556
01/11/2021 18:14:00,0.848,68,12.8,37,984.39,2,6,14,53.81321642776852,-1.8175141277710918
01/11/2021 18:15:00,0.867,67,12.8,36,984.31,2,5,13,53.813216905716644,-1.81751419536872
01/11/2021 18:16:00,0.925,65,12.9,35,983.67,2,5,13,53.813218259507785,-1.8174623389714974
01/11/2021 18:17:00,0.921,65,12.8,35,983.56,2,5,13,53.812939051975725,-1.8170024700916698
01/11/2021 18:18:00,0.87,67,12.7,36,983.8,3,5,14,53.81294100258859,-1.8169679718919667
01/11/2021 18:19:00,1.0,62,12.7,37,983.69,3,5,14,53.81303112130803,-1.816225960318342
01/11/2021 18:20:00,0.984,63,12.8,36,983.97,2,4,13,53.81312822339316,-1.8165571928260422
01/11/2021 18:21:00,0.998,62,12.7,36,984.23,2,4,14,53.81312877537656,-1.8165249869327198
01/11/2021 18:22:00,0.955,64,12.7,36,984.32,3,5,14,53.813138127502725,-1.8165177268679158
01/11/2021 18:23:00,0.922,65,12.9,35,984.41,2,4,14,53.81329004475806,-1.8169254334017912
01/11/2021 18:24:00,0.994,62,12.9,35,984.58,2,5,14,53.81291515620131,-1.816789052871754
01/11/2021 18:25:00,0.986,63,12.8,35,984.71,2,5,14,53.81313810536632,-1.8162510769756381
01/11/2021 18:26:00,1.081,59,12.7,34,985.01,2,6,14,53.81301907732986,-1.8161532822225344
01/11/2021 18:27:00,1.012,62,12.8,34,985.15,2,6,15,53.81308505286406,-1.816469496576207
01/11/2021 18:28:00,1.031,61,12.9,33,985.41,2,5,15,53.812924615381334,-1.8170469657367039
01/11/2021 18:29:00,1.053,60,12.9,33,985.21,2,6,14,53.812979265683204,-1.8168695854405195
01/11/2021 18:30:00,1.119,58,12.7,34,984.95,3,7,15,53.81296640004419,-1.8169044010301696
01/11/2021 18:31:00,1.15,56,12.7,33,985.14,2,7,15,53.812862600063134,-1.8168250500074377
01/11/2021 18:32:00,1.165,56,12.6,34,984.64,3,8,15,53.81289230239737,-1.817183117432943
01/11/2021 18:33:00,1.181,55,12.6,33,984.81,3,8,15,53.81297900732652,-1.817056140394605
01/11/2021 18:34:00,1.153,56,12.6,33,984.86,4,8,16,53.813049136018485,-1.817268726819197
01/11/2021 18:35:00,1.179,55,12.5,33,984.46,4,8,16,53.81295901339324,-1.8175539629365407
01/11/2021 18:36:00,1.116,58,12.5,33,984.5,4,9,17,53.81322756991412,-1.8172903547560628
01/11/2021 18:37:00,1.095,58,12.5,33,984.51,5,9,17,53.81292061697335,-1.8174760374687486
01/11/2021 18:38:00,1.162,56,12.3,34,984.59,4,8,17,53.81274853991869,-1.8174940748425956
01/11/2021 18:39:00,1.192,55,12.4,35,984.78,5,9,17,53.81250350591684,-1.8172483650872187
01/11/2021 18:40:00,1.216,54,12.4,34,984.72,6,10,16,53.812136952342,-1.817341158330478
01/11/2021 18:41:00,1.267,52,12.4,34,984.84,5,9,15,53.811911755971224,-1.8177129503372962
01/11/2021 18:42:00,1.248,53,12.5,35,985.26,5,8,15,53.812092285030836,-1.8170204926396936
01/11/2021 18:43:00,1.271,52,12.4,35,985.65,5,8,14,53.81211737590216,-1.8169987336090447
01/11/2021 18:44:00,1.256,52,12.4,37,986.0,4,7,13,53.811995792153944,-1.8169274990665756
01/11/2021 18:45:00,1.212,54,12.5,36,985.99,5,8,13,53.811995417463216,-1.817494578860089
01/11/2021 18:46:00,1.154,56,12.4,36,986.09,4,7,12,53.81180406333808,-1.8181674714362155
01/11/2021 18:47:00,1.211,54,12.6,36,986.08,4,7,12,53.81172025040959,-1.8180719500231897
01/11/2021 18:48:00,1.186,55,12.5,36,986.1,4,7,13,53.811929514872205,-1.8177858986722677
01/11/2021 18:49:00,1.2,54,12.6,38,985.73,5,7,14,53.81161627896537,-1.8179914200753655
01/11/2021 18:50:00,1.183,55,12.6,39,985.77,5,7,15,53.81181943508451,-1.8174325701957417
01/11/2021 18:51:00,1.171,56,12.5,39,986.05,5,8,14,53.812126585036715,-1.8176528906375258
01/11/2021 18:52:00,1.185,55,12.3,40,985.82,6,8,15,53.81241988273689,-1.81731182924862
01/11/2021 18:53:00,1.233,53,12.3,40,985.51,6,8,15,53.81273265412219,-1.8168246572064657
01/11/2021 18:54:00,1.231,53,12.3,42,985.47,8,9,16,53.81270297817759,-1.816863783624262
01/11/2021 18:55:00,1.184,55,12.5,42,985.67,7,8,15,53.81274060254399,-1.8169183322990876
01/11/2021 18:56:00,1.16,56,12.6,42,985.6,7,10,16,53.81276157592182,-1.8168639417885846
01/11/2021 18:57:00,1.175,55,12.5,42,985.61,9,12,16,53.8125263817497,-1.8165140603110874
01/11/2021 18:58:00,1.279,52,12.5,42,985.35,7,10,15,53.81239402358428,-1.8163530590471222
01/11/2021 18:59:00,1.261,52,12.7,43,985.65,8,11,16,53.812341607596004,-1.8162264420524825
01/11/2021 19:00:00,1.238,53,12.6,43,985.3,7,10,16,53.81227853303661,-1.8161499271560122
01/11/2021 19:01:00,1.263,52,12.6,43,985.55,7,11,15,53.81227174177158,-1.8164584349060549
01/11/2021 19:02:00,1.281,51,12.6,43,985.43,7,11,15,53.812254573944536,-1.8166311582269261
01/11/2021 19:03:00,1.209,54,12.7,44,985.58,8,11,15,53.812062139788495,-1.816526042809599
01/11/2021 19:04:00,1.216,54,12.9,43,985.29,7,11,16,53.811967530324786,-1.8169156623915932
01/11/2021 19:05:00,1.257,52,13.0,44,985.54,6,9,14,53.81207987094034,-1.8167645357749123
01/11/2021 19:06:00,1.329,50,13.0,44,985.14,6,9,14,53.81194945880479,-1.8167139809946085
01/11/2021 19:07:00,1.341,49,13.0,45,985.22,6,9,14,53.81204222814171,-1.8169719888967357
01/11/2021 19:08:00,1.424,46,13.0,46,985.66,6,9,14,53.811789970713875,-1.8174731621798783
01/11/2021 19:09:00,1.419,46,13.1,45,986.11,7,11,15,53.81213451182507,-1.817091729871541
01/11/2021 19:10:00,1.433,46,13.1,45,986.11,7,11,15,53.81233265273923,-1.8167803877848165
01/11/2021 19:11:00,1.361,48,13.1,44,986.19,7,10,15,53.81231307782133,-1.8165006701504702
01/11/2021 19:12:00,1.349,49,13.0,44,986.32,7,11,16,53.81214310404955,-1.8169072262941421
01/11/2021 19:13:00,1.384,48,13.0,44,986.24,8,12,16,53.81231624241517,-1.8167777117560653
01/11/2021 19:14:00,1.275,52,13.1,44,986.53,8,12,15,53.812029779026176,-1.8168854121165459
01/11/2021 19:15:00,1.295,51,13.1,44,986.73,7,10,14,53.81221222053828,-1.8166470966876032
01/11/2021 19:16:00,1.293,51,13.1,45,986.71,7,10,14,53.8122615378278,-1.8162965641776727
01/11/2021 19:17:00,1.306,51,13.1,44,986.34,9,11,14,53.811865825490344,-1.8162036188397688
01/11/2021 19:18:00,1.308,50,13.3,44,986.64,10,12,14,53.811831423173125,-1.8162066186937007
01/11/2021 19:19:00,1.277,52,13.2,44,986.46,10,12,14,53.81183025056641,-1.816424286007188
01/11/2021 19:20:00,1.348,49,13.2,45,986.85,10,12,14,53.8116776095809,-1.8167686621321444
01/11/2021 19:21:00,1.399,47,13.3,44,986.5,9,11,13,53.81134398915705,-1.8168103443022783
01/11/2021 19:22:00,1.431,46,13.3,44,986.66,8,12,14,53.81095046432705,-1.8170278518133747
01/11/2021 19:23:00,1.406,47,13.2,44,986.46,8,12,14,53.81113175415657,-1.817523075148664
01/11/2021 19:24:00,1.374,48,13.1,44,986.45,8,12,15,53.81081021196749,-1.8172591678047119
01/11/2021 19:25:00,1.363,48,13.2,45,986.28,6,12,14,53.810859615462725,-1.8173169378276168
01/11/2021 19:26:00,1.378,48,13.1,45,986.45,5,9,13,53.81080240716193,-1.8171545444244737
01/11/2021 19:27:00,1.395,47,13.1,44,986.4,5,9,14,53.81107885626208,-1.8175522810218019
01/11/2021 19:28:00,1.366,48,13.1,44,986.29,5,8,14,53.81087307924179,-1.8171096222746714
01/11/2021 19:29:00,1.306,51,13.1,43,986.03,5,8,13,53.81088924216881,-1.8172846995084437
01/11/2021 19:30:00,1.385,48,13.1,43,985.78,5,7,12,53.81093807390573,-1.8176208624337946
01/11/2021 19:31:00,1.38,48,13.1,44,985.78,5,7,12,53.811225735934485,-1.8181625221116207
01/11/2021 19:32:00,1.454,45,13.1,44,986.03,5,6,12,53.811116962736705,-1.8180550553325407
01/11/2021 19:33:00,1.431,46,13.1,43,986.29,4,4,12,53.811116147094815,-1.8180516560150592
01/11/2021 19:34:00,1.507,43,13.4,42,986.51,3,4,12,53.81112715455627,-1.8180304733691202
01/11/2021 19:35:00,1.58,40,13.4,42,987.32,3,4,11,53.81100408760268,-1.8176473143898308
01/11/2021 19:36:00,1.546,42,13.4,42,987.39,3,4,10,53.81100855663826,-1.8176619380761052
01/11/2021 19:37:00,1.536,42,13.5,43,987.54,3,4,11,53.81063830437323,-1.817588553077071
01/11/2021 19:38:00,1.505,43,13.2,43,987.17,3,4,10,53.81070062845439,-1.8177921833579582
01/11/2021 19:39:00,1.531,42,13.3,43,987.31,3,4,9,53.81072471524502,-1.817818640686604
01/11/2021 19:40:00,1.525,42,13.4,44,987.42,2,3,9,53.810603659694294,-1.817808033579495
01/11/2021 19:41:00,1.6,39,13.3,44,987.36,2,3,8,53.810401603904864,-1.817682620674353
01/11/2021 19:42:00,1.659,37,13.3,46,987.52,2,3,7,53.81040459761975,-1.8177334728577115
01/11/2021 19:43:00,1.699,36,13.4,45,987.43,2,3,8,53.81037575705528,-1.8177420480148285
01/11/2021 19:44:00,1.781,33,13.3,44,987.63,2,3,7,53.8103641621661,-1.8177075511581224
01/11/2021 19:45:00,1.687,36,13.3,45,987.79,2,4,8,53.810504000003064,-1.8173425159315328
01/11/2021 19:46:00,1.708,35,13.2,45,987.73,2,4,8,53.81044630888264,-1.8170608800746242
01/11/2021 19:47:00,1.642,38,13.0,45,987.73,2,3,8,53.8103041195145,-1.8173808808825564
01/11/2021 19:48:00,1.723,35,12.9,45,987.42,2,4,8,53.81004902855111,-1.8174187480919595
01/11/2021 19:49:00,1.696,36,12.8,46,987.85,2,4,9,53.81009513593453,-1.8167145127728035
01/11/2021 19:50:00,1.7,36,12.9,45,987.61,2,3,8,53.81001444074446,-1.8170588606886817
01/11/2021 19:51:00,1.678,37,12.9,45,987.67,2,4,9,53.81001619933996,-1.817094898552797
01/11/2021 19:52:00,1.697,36,12.9,45,987.61,2,4,9,53.81010801187124,-1.8172821934293077
01/11/2021 19:53:00,1.625,39,13.0,45,987.24,2,4,8,53.8104420108672,-1.817498129843357
01/11/2021 19:54:00,1.553,41,12.9,44,987.2,3,5,11,53.81023369713001,-1.8174406295198298
01/11/2021 19:55:00,1.502,43,12.8,44,987.25,3,6,11,53.80996745017012,-1.8171766945298302
01/11/2021 19:56:00,1.449,45,12.8,44,986.92,3,5,10,53.81008932515679,-1.8168254750940467
01/11/2021 19:57:00,1.532,42,12.7,45,986.88,2,4,9,53.81004409906747,-1.8168673769896033
01/11/2021 19:58:00,1.539,42,12.6,45,986.8,2,4,9,53.810216877939084,-1.8167217333848897
01/11/2021 19:59:00,1.649,38,12.7,45,986.98,2,4,9,53.81014093767324,-1.8163616498848953
01/11/2021 20:00:00,1.655,37,12.9,45,987.04,2,4,10,53.81005034986759,-1.816725951355205
01/11/2021 20:01:00,1.635,38,13.0,44,987.31,3,5,10,53.810208981639455,-1.816346291750816
01/11/2021 20:02:00,1.631,38,13.0,44,987.64,2,4,10,53.81033570095896,-1.816804588907344
01/11/2021 20:03:00,1.551,41,13.0,45,987.93,2,4,10,53.810255975578485,-1.817539919830043
01/11/2021 20:04:00,1.635,38,13.0,46,987.8,2,3,10,53.81000622067148,-1.8173083811412731
01/11/2021 20:05:00,1.569,41,13.0,46,987.88,2,3,9,53.80994619610248,-1.8172459018099407
01/11/2021 20:06:00,1.548,41,13.2,47,987.97,3,4,10,53.81001503732786,-1.8176737579353666
01/11/2021 20:07:00,1.484,44,13.1,46,987.95,3,4,11,53.81021595711715,-1.8176748035054842
01/11/2021 20:08:00,1.514,43,13.2,47,988.28,3,4,11,53.81031225199624,-1.817402407720916
01/11/2021 20:09:00,1.446,45,13.1,47,988.47,3,4,11,53.81023848194516,-1.817264572567613
01/11/2021 20:10:00,1.501,43,12.9,47,988.76,2,3,10,53.810318168096586,-1.8168920037831626
01/11/2021 20:11:00,1.513,43,12.9,48,988.79,2,3,9,53.810522430943315,-1.8175173462856444
01/11/2021 20:12:00,1.544,42,13.0,46,988.88,2,4,9,53.810822211643014,-1.8174187101092214
01/11/2021 20:13:00,1.624,39,13.2,46,988.42,3,4,8,53.8109212723232,-1.8168418262062116
01/11/2021 20:14:00,1.628,38,13.2,47,988.69,2,3,7,53.811003074027305,-1.8175748345047267
01/11/2021 20:15:00,1.699,36,13.2,46,988.28,3,3,8,53.8109807775237,-1.8170162967796415
01/11/2021 20:16:00,1.734,34,13.1,44,988.27,3,3,8,53.81097656620084,-1.8169831936477316
01/11/2021 20:17:00,1.804,32,13.1,45,988.33,2,3,8,53.81092832610169,-1.816598251278557
01/11/2021 20:18:00,1.779,33,13.2,46,988.0,2,3,7,53.81073494804647,-1.816542457869969
01/11/2021 20:19:00,1.756,34,13.3,47,987.96,2,3,8,53.81101858824669,-1.816474922789476
01/11/2021 20:20:00,1.668,37,13.5,47,987.99,3,4,8,53.81101905586469,-1.8164514618586631
01/11/2021 20:21:00,1.608,39,13.4,47,988.2,2,2,6,53.81099325212628,-1.8168638529573493
01/11/2021 20:22:00,1.565,41,13.5,48,988.35,2,2,6,53.81117937399365,-1.8168317058609456
01/11/2021 20:23:00,1.564,41,13.3,49,987.82,2,2,6,53.81106179077313,-1.817306982656272
01/11/2021 20:24:00,1.599,40,13.2,49,987.9,2,2,7,53.81139021501475,-1.8170664114636257
01/11/2021 20:25:00,1.734,34,13.4,47,987.6,2,3,8,53.81131354275748,-1.8168132584619823
01/11/2021 20:26:00,1.767,33,13.1,47,987.59,2,3,8,53.81154219115003,-1.8163767456806104
01/11/2021 20:27:00,1.706,36,13.1,47,987.36,2,2,7,53.811609835873504,-1.8166563035359788
01/11/2021 20:28:00,1.633,38,13.2,47,987.51,2,2,7,53.8114887358521,-1.8160276113206024
01/11/2021 20:29:00,1.681,36,13.3,47,987.75,2,2,7,53.811488967091194,-1.8160175465543915
01/11/2021 20:30:00,1.736,34,13.2,48,988.03,2,3,7,53.811674624289374,-1.8160705162531787
01/11/2021 20:31:00,1.776,33,13.2,48,987.91,2,3,8,53.811465607456526,-1.816032272853507
01/11/2021 20:32:00,1.865,30,13.0,47,987.94,2,4,8,53.81153955491779,-1.8156245435535183
01/11/2021 20:33:00,1.798,32,13.2,47,987.3,2,5,9,53.811528895676155,-1.8155967232936248
01/11/2021 20:34:00,1.753,34,13.2,48,987.53,2,4,9,53.81146007200052,-1.8160412457671908
01/11/2021 20:35:00,1.784,33,13.4,49,987.26,2,4,8,53.81141414261308,-1.8166521589520819
01/11/2021 20:36:00,1.825,31,13.5,50,987.6,2,3,9,53.81139488223249,-1.8166616103454365
01/11/2021 20:37:00,1.799,32,13.4,51,987.85,2,3,8,53.81141322967812,-1.8166239442458714
01/11/2021 20:38:00,1.773,33,13.3,51,988.11,2,3,9,53.811475006059645,-1.8160423681586384
01/11/2021 20:39:00,1.834,31,13.4,53,987.95,2,4,11,53.811529751447935,-1.8160585942395087
01/11/2021 20:40:00,1.804,32,13.4,53,987.76,2,3,10,53.81140075887589,-1.8159476257551985
01/11/2021 20:41:00,1.726,35,13.5,52,987.94,3,5,11,53.81115303334419,-1.8159813820850772
01/11/2021 20:42:00,1.804,32,13.7,51,987.76,2,4,10,53.81074243202767,-1.8157863060759156
01/11/2021 20:43:00,1.841,30,13.6,51,987.89,2,5,11,53.81094631248088,-1.8151794153322296
01/11/2021 20:44:00,1.785,33,13.6,51,987.44,2,4,10,53.810983913744124,-1.814904809514743
01/11/2021 20:45:00,1.818,31,13.5,51,987.51,2,3,11,53.81105057846815,-1.814794210293894
01/11/2021 20:46:00,1.896,28,13.5,52,987.15,2,4,11,53.810903199524795,-1.8152740285832343
01/11/2021 20:47:00,1.939,27,13.5,53,987.2,3,5,11,53.811205026175664,-1.815183277593839
01/11/2021 20:48:00,1.955,26,13.5,53,986.89,3,6,11,53.811199798620144,-1.815278147648256
01/11/2021 20:49:00,1.98,25,13.4,53,986.91,3,7,11,53.81115492880954,-1.8148724689923617
01/11/2021 20:50:00,1.962,26,13.3,52,986.7,3,6,11,53.81113290698046,-1.8146965329426508
01/11/2021 20:51:00,1.922,27,13.3,50,986.63,3,5,11,53.8111372386172,-1.8146908925559153
01/11/2021 20:52:00,1.924,27,13.5,50,986.91,3,4,10,53.81132064176,-1.8141423145519864
01/11/2021 20:53:00,1.943,27,13.7,51,986.82,2,4,9,53.81132113563032,-1.814091354562357
01/11/2021 20:54:00,1.901,28,13.7,51,986.62,2,5,10,53.81143424377694,-1.8139652099196537
01/11/2021 20:55:00,1.949,26,13.6,50,986.59,2,4,10,53.811509257041756,-1.8140675585811483
01/11/2021 20:56:00,1.871,29,13.6,50,986.55,3,5,11,53.81184260297855,-1.8140245161596245
01/11/2021 20:57:00,1.893,28,13.7,51,986.41,2,4,9,53.81189178253492,-1.813979911158656
01/11/2021 20:58:00,1.99,25,13.7,50,986.36,2,4,9,53.81198921895263,-1.81332526246276
01/11/2021 20:59:00,1.911,28,13.7,50,986.36,2,4,10,53.81170020333598,-1.8138919749323446
01/11/2021 21:00:00,1.882,29,13.7,50,986.28,2,4,10,53.81149981303971,-1.8138171150821651
01/11/2021 21:01:00,1.8,32,13.8,52,985.74,3,5,10,53.811417645470435,-1.8139566995610397
01/11/2021 21:02:00,1.897,28,13.9,50,985.75,3,5,9,53.81123726335474,-1.813998732781837
01/11/2021 21:03:00,1.807,32,13.9,49,985.77,3,5,10,53.81118518348584,-1.8141897187898657
01/11/2021 21:04:00,1.778,33,13.9,49,985.87,3,6,10,53.811084145879754,-1.8144100887997592
01/11/2021 21:05:00,1.844,30,13.8,48,985.91,3,5,9,53.811085366035144,-1.8150267350773908
01/11/2021 21:06:00,1.949,26,13.9,47,986.02,3,5,8,53.811182080272474,-1.8151285539070057
01/11/2021 21:07:00,1.913,28,13.8,48,986.51,3,4,8,53.81110058059191,-1.815155427762537
01/11/2021 21:08:00,1.886,29,13.8,47,986.29,3,4,8,53.81109362910571,-1.8150280997319819
01/11/2021 21:09:00,1.829,31,13.8,46,986.42,3,6,9,53.810794388966244,-1.814608846153723
01/11/2021 21:10:00,1.899,28,13.9,47,986.12,4,6,10,53.81101245761153,-1.8151008139169023
01/11/2021 21:11:00,1.932,27,13.9,46,986.06,4,6,10,53.81133251000378,-1.8155258319323788
01/11/2021 21:12:00,1.911,28,13.7,47,986.12,5,7,11,53.811011180588125,-1.815915791939279
01/11/2021 21:13:00,1.919,28,13.7,47,986.1,5,8,12,53.81100831953724,-1.8160319136496343
01/11/2021 21:14:00,1.971,26,13.8,47,985.97,6,8,12,53.8110649271248,-1.8158446942537347
01/11/2021 21:15:00,1.916,28,13.9,49,985.97,7,9,12,53.81081823206564,-1.8162351750900672
01/11/2021 21:16:00,1.915,28,13.9,48,986.32,7,10,12,53.810627651271865,-1.8162985399383584
01/11/2021 21:17:00,1.911,28,14.0,49,986.64,6,9,12,53.81033162640861,-1.8160010799227952
01/11/2021 21:18:00,1.873,29,13.9,49,986.27,5,7,11,53.810698274186976,-1.8161398731953202
01/11/2021 21:19:00,1.781,33,13.9,50,986.08,5,7,10,53.810984472350206,-1.8165739959258795
01/11/2021 21:20:00,1.818,31,13.8,50,985.97,4,6,10,53.81135099864169,-1.81693665653912
01/11/2021 21:21:00,1.808,32,13.8,51,986.04,5,6,10,53.81145654215384,-1.816947433891194
01/11/2021 21:22:00,1.845,30,13.8,53,985.95,4,5,10,53.81134490058886,-1.8171385025129125
01/11/2021 21:23:00,1.787,32,13.8,52,985.99,4,6,12,53.81153232823821,-1.81704787258618
01/11/2021 21:24:00,1.79,32,14.0,52,985.84,4,5,12,53.81148321292989,-1.8175188393272015
01/11/2021 21:25:00,1.737,34,14.1,51,985.82,4,5,11,53.81183396304344,-1.8173706203122466
01/11/2021 21:26:00,1.716,35,14.0,51,985.63,4,6,12,53.81171737282914,-1.8175057264723642
01/11/2021 21:27:00,1.75,34,14.0,51,985.71,4,6,11,53.81178077890142,-1.8174964520412207
01/11/2021 21:28:00,1.795,32,14.2,51,985.69,5,7,12,53.81148816711792,-1.8172112502427074
01/11/2021 21:29:00,1.703,36,14.2,52,985.92,4,6,11,53.81177019841286,-1.8166929316527427
01/11/2021 21:30:00,1.738,34,14.2,51,985.94,4,7,12,53.81179627450189,-1.8169000693960498
01/11/2021 21:31:00,1.771,33,14.3,51,985.86,5,8,12,53.81163308906997,-1.8171262371224608
01/11/2021 21:32:00,1.81,32,14.2,51,985.67,5,9,13,53.811623869391866,-1.8176037538229273
01/11/2021 21:33:00,1.795,32,14.3,50,985.57,6,8,12,53.81153572367277,-1.817771778990914
01/11/2021 21:34:00,1.795,32,14.2,51,985.56,5,8,12,53.81148379350624,-1.817993142057643
01/11/2021 21:35:00,1.771,33,14.4,50,985.97,5,9,12,53.81158805829446,-1.8179005918608524
01/11/2021 21:36:00,1.671,37,14.4,51,986.31,5,8,12,53.81181985832576,-1.8180652766760175
01/11/2021 21:37:00,1.645,38,14.2,52,986.53,4,8,12,53.81179897012106,-1.8187678238750296
01/11/2021 21:38:00,1.655,37,14.3,53,986.78,4,8,12,53.81202821963858,-1.8183754960293022
01/11/2021 21:39:00,1.791,32,14.4,54,986.73,3,8,11,53.81193086007058,-1.8186516685236433
01/11/2021 21:40:00,1.749,34,14.4,54,986.71,3,7,11,53.81172181877954,-1.8189505708274374
01/11/2021 21:41:00,1.82,31,14.5,53,986.62,4,9,12,53.81152277836774,-1.8188785455593521
01/11/2021 21:42:00,1.766,33,14.5,54,986.84,5,10,12,53.81146942443862,-1.8184411225046404
01/11/2021 21:43:00,1.697,36,14.4,53,986.7,5,10,12,53.81147967175836,-1.8184277590923537
01/11/2021 21:44:00,1.743,34,14.3,55,987.25,4,9,11,53.811516449161196,-1.8184066202996478
01/11/2021 21:45:00,1.758,34,14.4,54,987.09,4,9,10,53.81150788144432,-1.818373376910121
01/11/2021 21:46:00,1.743,34,14.3,54,987.13,4,8,10,53.8115203114367,-1.8184613567739427
01/11/2021 21:47:00,1.702,36,14.5,54,986.95,4,9,10,53.81170823169994,-1.8181270399745257
01/11/2021 21:48:00,1.673,37,14.3,54,986.81,3,7,10,53.81174461100192,-1.8181343422872633
01/11/2021 21:49:00,1.705,36,14.3,53,986.96,3,7,9,53.812044998708544,-1.8182135727009896
01/11/2021 21:50:00,1.652,38,14.3,53,986.44,3,7,9,53.81203147727474,-1.8183599973874272
01/11/2021 21:51:00,1.715,35,14.4,53,985.82,3,7,9,53.81182300262217,-1.8179210468104117
01/11/2021 21:52:00,1.755,34,14.3,53,986.19,4,7,9,53.81171576459651,-1.8176733226986266
01/11/2021 21:53:00,1.675,37,14.5,55,986.42,3,7,8,53.81166620253785,-1.8176347579496195
01/11/2021 21:54:00,1.64,38,14.4,56,986.71,4,7,9,53.81173157163495,-1.8172739370880864
01/11/2021 21:55:00,1.662,37,14.6,54,986.4,3,7,9,53.81182276044434,-1.8172517538728055
01/11/2021 21:56:00,1.653,38,14.8,54,985.78,3,7,9,53.8118966886847,-1.8166581125523655
01/11/2021 21:57:00,1.729,35,14.8,54,985.59,3,7,10,53.81152177540226,-1.81651351805821
01/11/2021 21:58:00,1.653,38,14.6,55,985.93,3,9,11,53.811477535748054,-1.8169821601742273
01/11/2021 21:59:00,1.65,38,14.6,55,985.67,4,9,11,53.81187712914432,-1.816812125899568
01/11/2021 22:00:00,1.645,38,14.7,54,985.44,4,9,11,53.81198169126071,-1.8164377769145863
01/11/2021 22:01:00,1.739,34,14.8,55,985.42,4,8,10,53.811912290907756,-1.8163032922300568
01/11/2021 22:02:00,1.747,34,14.8,55,985.58,4,9,10,53.81180951690118,-1.81601200276547
01/11/2021 22:03:00,1.748,34,14.8,54,985.13,5,9,11,53.812095537171416,-1.8155288226366972
01/11/2021 22:04:00,1.76,34,14.7,55,984.97,4,8,10,53.812131196810526,-1.815572709684575
01/11/2021 22:05:00,1.694,36,14.8,55,985.01,5,8,9,53.81205479906398,-1.8154518618070592
01/11/2021 22:06:00,1.642,38,14.7,55,985.04,5,8,9,53.81199973918002,-1.8152396291580284
01/11/2021 22:07:00,1.668,37,14.7,55,985.25,4,7,9,53.81192693736461,-1.8154823551709245
01/11/2021 22:08:00,1.732,35,14.9,55,985.2,4,7,8,53.811896770654066,-1.8152863283842586
01/11/2021 22:09:00,1.8,32,14.7,54,985.58,4,6,9,53.81188435236518,-1.8153726191016348
01/11/2021 22:10:00,1.749,34,14.7,54,985.54,4,7,10,53.81173312662442,-1.8148480427639362
01/11/2021 22:11:00,1.718,35,14.7,54,985.64,5,6,10,53.81185303758298,-1.8154163923171382
01/11/2021 22:12:00,1.743,34,14.6,53,985.6,4,5,9,53.811915388612604,-1.8153655455990458
01/11/2021 22:13:00,1.724,35,14.6,53,985.95,4,6,10,53.81190770938483,-1.8155681838519082
01/11/2021 22:14:00,1.776,33,14.6,54,986.21,5,6,10,53.81186613976364,-1.8153376547064755
01/11/2021 22:15:00,1.752,34,14.6,54,986.0,6,7,11,53.81198846670457,-1.8149371719409584
01/11/2021 22:16:00,1.752,34,14.6,53,985.83,6,7,11,53.8119120760028,-1.8145168345550589
01/11/2021 22:17:00,1.808,32,14.6,52,986.49,5,6,10,53.81201666580468,-1.8140891689131997
01/11/2021 22:18:00,1.952,26,14.8,52,986.45,6,7,10,53.81186630277406,-1.8139925551310403
01/11/2021 22:19:00,1.887,29,14.6,52,986.13,5,7,10,53.81199013189646,-1.8137423355771043
01/11/2021 22:20:00,1.96,26,14.6,52,985.96,5,6,9,53.81196133118631,-1.8138934570212812
01/11/2021 22:21:00,1.995,25,14.7,51,986.37,5,6,10,53.81186573714444,-1.8135996283314033
01/11/2021 22:22:00,1.943,27,14.7,51,986.56,5,6,11,53.81194178018936,-1.8136099957514884
01/11/2021 22:23:00,1.884,29,14.5,51,986.57,5,6,11,53.81197658815063,-1.8141012163298655
01/11/2021 22:24:00,1.97,26,14.5,50,986.43,5,6,12,53.81190456285972,-1.8141579759680502
01/11/2021 22:25:00,1.914,28,14.5,49,986.25,,,,53.81205808838505,-1.8142481466048195
01/11/2021 22:26:00,1.935,27,14.4,49,986.43,4,5,12,53.812056188049986,-1.814253010100605
01/11/2021 22:27:00,1.846,30,14.2,49,986.45,3,4,13,53.81216793191658,-1.8141291970006317
01/11/2021 22:28:00,1.746,34,14.1,49,986.51,3,4,14,53.812510437250175,-1.8144198273981074
01/11/2021 22:29:00,1.776,33,14.2,49,986.7,3,4,13,53.812516067419715,-1.8144845254410442
01/11/2021 22:30:00,1.724,35,14.2,49,986.46,3,4,12,53.812435350616006,-1.8143959218405943
01/11/2021 22:31:00,1.772,33,14.4,50,986.4,3,4,11,53.81266089789713,-1.8143479758104584
01/11/2021 22:32:00,1.784,33,14.6,49,986.25,3,4,11,53.812839335074536,-1.813861714119153
01/11/2021 22:33:00,1.781,33,14.5,50,986.31,3,4,13,53.812923356123115,-1.8137887332679787
01/11/2021 22:34:00,1.818,31,14.7,50,986.45,3,4,14,53.8130259342426,-1.8136953729951923
01/11/2021 22:35:00,1.791,32,14.8,51,986.39,4,5,15,53.812886147291394,-1.8137605086645952
01/11/2021 22:36:00,1.74,34,14.8,51,986.69,5,6,15,53.81305259938519,-1.8136988664517724
01/11/2021 22:37:00,1.746,34,14.9,51,986.42,5,6,15,53.81294199612711,-1.8137706668096456
01/11/2021 22:38:00,1.716,35,14.8,51,985.83,4,6,16,53.81298285208593,-1.8137061765499485
01/11/2021 22:39:00,1.706,36,14.9,51,986.2,4,5,15,53.81278784154709,-1.813448117932328
01/11/2021 22:40:00,1.784,33,14.9,50,986.58,4,5,14,53.812784926340015,-1.8133833472142913
01/11/2021 22:41:00,1.783,33,14.7,50,987.18,5,6,14,53.812820861842084,-1.81377829610041
01/11/2021 22:42:00,1.769,33,14.8,51,987.4,6,7,14,53.81253450707208,-1.814016586032521
01/11/2021 22:43:00,1.761,33,14.9,50,987.22,6,7,14,53.81227983783236,-1.81432139707972
01/11/2021 22:44:00,1.734,34,15.0,51,986.87,5,6,14,53.812252131733466,-1.8136771233736224
01/11/2021 22:45:00,1.687,36,14.9,51,986.97,6,7,14,53.81235253137653,-1.8136058423551413
01/11/2021 22:46:00,1.71,35,14.9,51,986.93,5,6,13,53.812281413867666,-1.8130587795162942
01/11/2021 22:47:00,1.681,36,14.8,51,987.29,5,6,14,53.812021551882694,-1.8127222957908384
01/11/2021 22:48:00,1.721,35,14.7,50,987.33,5,6,14,53.81183721298688,-1.8127841654115948
01/11/2021 22:49:00,1.718,35,14.9,50,986.97,5,6,14,53.81176806379384,-1.8126494436987224
01/11/2021 22:50:00,1.749,34,14.8,52,986.63,4,5,13,53.81155629979015,-1.8126432596823203
01/11/2021 22:51:00,1.758,34,14.8,52,986.55,3,4,12,53.81166851586552,-1.8128500658023043
01/11/2021 22:52:00,1.811,32,14.9,52,986.13,4,5,13,53.811719734646445,-1.8125632950785302
01/11/2021 22:53:00,1.911,28,14.8,53,985.89,5,7,13,53.81171604130202,-1.8125455133413584
01/11/2021 22:54:00,1.915,28,14.8,53,986.2,4,5,11,53.81163884739735,-1.8129172292178701
01/11/2021 22:55:00,1.909,28,14.9,54,986.38,4,6,12,53.81159867847903,-1.8136655429557473
01/11/2021 22:56:00,1.998,25,14.9,53,986.56,4,5,12,53.81175436311385,-1.8136343971469444
01/11/2021 22:57:00,1.928,27,14.8,53,986.66,4,5,13,53.811721070090954,-1.8141340877018661
01/11/2021 22:58:00,1.954,26,14.9,54,986.43,4,5,14,53.812062712318436,-1.8145948472028575
01/11/2021 22:59:00,1.996,25,14.9,55,986.41,5,6,14,53.81221701311677,-1.8146070687610898
01/11/2021 23:00:00,1.978,25,15.0,55,986.15,5,6,14,53.811981958162136,-1.8150075866546538
01/11/2021 23:01:00,1.928,27,14.8,55,986.23,5,7,14,53.81213080799685,-1.815270210801246
01/11/2021 23:02:00,1.941,27,14.7,54,986.3,5,7,13,53.81254186799277,-1.8153400423062054
01/11/2021 23:03:00,1.936,27,14.7,55,985.91,4,6,13,53.81251126739103,-1.8154127654768952
01/11/2021 23:04:00,1.909,28,14.7,57,986.46,4,6,14,53.812581955716894,-1.8158072599215733
01/11/2021 23:05:00,1.897,28,14.8,56,986.3,5,7,14,53.8128137702488,-1.8154814106899255
01/11/2021 23:06:00,1.853,30,14.9,57,986.33,5,6,14,53.812719644426735,-1.8154873102658213
01/11/2021 23:07:00,1.904,28,14.9,56,986.3,5,7,14,53.81266959417521,-1.8154733982692095
01/11/2021 23:08:00,1.918,28,14.9,58,986.6,5,7,13,53.812277323798504,-1.8155724538617346
01/11/2021 23:09:00,1.88,29,14.8,57,986.65,5,6,11,53.81193341788211,-1.8156415322283799
01/11/2021 23:10:00,1.889,29,14.8,56,986.17,5,7,12,53.8118603127975,-1.8163881239051085
01/11/2021 23:11:00,1.924,27,14.8,55,985.62,5,7,12,53.81180462939443,-1.8161395182097557
01/11/2021 23:12:00,1.903,28,14.8,54,985.57,5,7,12,53.81219932350517,-1.816089232898206
01/11/2021 23:13:00,1.903,28,14.8,54,985.41,6,7,12,53.81225473582289,-1.8159894109959722
01/11/2021 23:14:00,1.968,26,14.9,55,985.14,5,6,10,53.81222703642396,-1.8165441568352358
01/11/2021 23:15:00,1.952,26,14.7,56,985.67,5,8,12,53.812367372812,-1.8162046378430399
01/11/2021 23:16:00,1.892,29,14.7,55,985.87,5,8,12,53.812713578144965,-1.8161792723019266
01/11/2021 23:17:00,1.931,27,14.7,55,985.84,5,7,11,53.812801649260344,-1.8160278800793044
01/11/2021 23:18:00,1.849,30,14.7,54,986.01,6,8,11,53.813063709184135,-1.8166228803032747
01/11/2021 23:19:00,1.762,33,14.7,54,985.74,7,8,11,53.81297682028838,-1.816674816780193
01/11/2021 23:20:00,1.772,33,14.7,54,986.0,7,8,11,53.812873406783694,-1.8163461300200674
01/11/2021 23:21:00,1.729,35,14.6,55,986.05,7,9,12,53.812719700574924,-1.8159091150600812
01/11/2021 23:22:00,1.713,35,14.7,56,986.02,7,9,12,53.812504563741335,-1.816115613942193
01/11/2021 23:23:00,1.744,34,14.8,57,985.98,7,10,13,53.81220633754469,-1.8160585312183488
01/11/2021 23:24:00,1.769,33,14.9,56,986.02,9,11,14,53.81246245595935,-1.815888968792646
01/11/2021 23:25:00,1.671,37,14.9,56,986.26,9,11,13,53.812259601217,-1.8161238239551423
01/11/2021 23:26:00,1.692,36,14.9,56,986.14,9,12,14,53.81190978033429,-1.8165168513076555
01/11/2021 23:27:00,1.666,37,14.9,54,985.57,9,11,14,53.81195903600302,-1.8165328830444913
01/11/2021 23:28:00,1.693,36,14.9,54,985.77,7,9,13,53.812012032847235,-1.8165577172659089
01/11/2021 23:29:00,1.649,38,14.9,54,985.71,5,8,13,53.81203472774873,-1.8165550386974318
01/11/2021 23:30:00,1.658,37,14.8,53,985.56,5,8,13,53.81162035732794,-1.8166712120968989
01/11/2021 23:31:00,1.695,36,14.9,52,985.68,7,9,14,53.81120602771426,-1.8166021902203755
01/11/2021 23:32:00,1.718,35,14.6,53,985.64,7,8,14,53.81103546359651,-1.816426023520199
01/11/2021 23:33:00,1.757,34,14.7,54,985.67,7,8,15,53.81093665477601,-1.8157250931215856
01/11/2021 23:34:00,1.71,35,14.7,54,985.29,5,7,14,53.81132643739422,-1.8158167715847973
01/11/2021 23:35:00,1.699,36,14.7,53,985.37,6,8,14,53.811278959389284,-1.8158361714307818
01/11/2021 23:36:00,1.786,33,14.7,53,985.69,7,9,15,53.81132465197602,-1.8162499828190324
01/11/2021 23:37:00,1.791,32,14.7,54,986.06,7,9,15,53.81133012539242,-1.8162291873627576
01/11/2021 23:38:00,1.855,30,14.7,54,986.32,7,9,16,53.81123646761489,-1.8159974031250443
01/11/2021 23:39:00,1.812,32,14.7,54,986.1,8,9,15,53.81140048800707,-1.8161496088494609
01/11/2021 23:40:00,1.818,31,14.8,55,985.93,6,7,15,53.81146370733941,-1.8159204221343925
01/11/2021 23:41:00,1.896,28,14.8,55,985.85,6,7,16,53.81164628809275,-1.815925279265923
01/11/2021 23:42:00,1.917,28,14.8,55,986.17,6,8,17,53.811402031895,-1.815927185808222
01/11/2021 23:43:00,1.883,29,15.0,54,986.01,6,9,18,53.81126129837115,-1.8160662547806719
01/11/2021 23:44:00,1.911,28,14.9,53,986.08,5,7,18,53.81128775136839,-1.815983130711946
01/11/2021 23:45:00,1.926,27,14.9,52,986.09,5,8,18,53.81099032385323,-1.815812797276995
01/11/2021 23:46:00,1.913,28,15.0,52,986.4,5,7,17,53.811034748966094,-1.8157416518631375
01/11/2021 23:47:00,1.92,28,14.8,53,986.57,4,5,16,53.81083324369592,-1.8152472656900804
01/11/2021 23:48:00,1.963,26,14.8,53,986.78,5,7,17,53.81069314436438,-1.815025580263589
01/11/2021 23:49:00,1.998,25,14.9,53,987.07,4,6,17,53.81074208412808,-1.8152223355562471
01/11/2021 23:50:00,1.956,26,14.7,53,987.08,4,6,16,53.81077430414476,-1.8154998458048068
01/11/2021 23:51:00,1.948,26,14.5,52,986.36,6,7,17,53.810768358362814,-1.8155833006549065
01/11/2021 23:52:00,1.93,27,14.6,53,986.07,6,7,16,53.81076267501642,-1.8156141853374155
01/11/2021 23:53:00,1.97,26,14.6,52,985.75,5,6,17,53.810725295595965,-1.8153204303883144
01/11/2021 23:54:00,1.937,27,14.6,51,985.74,4,6,17,53.81037996091789,-1.8157269778288563
01/11/2021 23:55:00,1.971,26,14.5,51,985.84,3,5,17,53.81045707802894,-1.8158612726261838
01/11/2021 23:56:00,1.951,26,14.5,51,986.37,4,5,18,53.81021218949023,-1.815724576591184
01/11/2021 23:57:00,1.85,30,14.5,51,986.39,4,6,17,53.80997444765156,-1.8154492992734093
01/11/2021 23:58:00,1.706,36,14.5,51,986.85,4,6,17,53.810258539569254,-1.8159233452174255
01/11/2021 23:59:00,1.774,33,14.4,50,987.07,4,5,16,53.8103292694081,-1.8157590907605183
02/11/2021 00:00:00,1.735,34,14.5,50,987.04,3,5,17,53.8102328139683,-1.8156737957689042
02/11/2021 00:01:00,1.71,35,14.4,50,986.88,4,7,18,53.80997275471704,-1.8153947758965583
02/11/2021 00:02:00,1.705,36,14.6,49,987.38,3,5,17,53.81020687563227,-1.8148419559495015
02/11/2021 00:03:00,1.718,35,14.5,48,987.04,3,5,16,53.810175573532845,-1.8149561241644847
02/11/2021 00:04:00,1.732,35,14.5,48,987.04,3,5,15,53.81024255826252,-1.8142998182640604
02/11/2021 00:05:00,1.694,36,14.5,49,987.34,3,5,15,53.810272726040246,-1.8141164837777075
02/11/2021 00:06:00,1.616,39,14.4,48,987.48,3,4,14,53.81030962027072,-1.8140964911200383
02/11/2021 00:07:00,1.587,40,14.5,47,987.56,3,4,14,53.81068989150734,-1.8137851415725774
02/11/2021 00:08:00,1.531,42,14.7,45,987.65,2,4,14,53.81026952706065,-1.8135338614818612
02/11/2021 00:09:00,1.545,42,14.7,45,987.78,2,4,13,53.810049698297796,-1.8129148158898252
02/11/2021 00:10:00,1.528,42,14.7,45,987.97,2,4,13,53.810013225653385,-1.8129343223082168
02/11/2021 00:11:00,1.578,40,14.8,44,987.97,2,6,12,53.809900492897775,-1.8126239067118417
02/11/2021 00:12:00,1.637,38,14.9,46,987.64,3,7,13,53.809886468191856,-1.8127985963960143
02/11/2021 00:13:00,1.607,39,14.7,46,987.67,3,6,12,53.80958130911735,-1.8133232718760954
02/11/2021 00:14:00,1.624,39,14.8,45,987.55,3,7,13,53.80937288797733,-1.813243409138663
02/11/2021 00:15:00,1.616,39,14.8,45,987.74,3,7,13,53.80944038385234,-1.8133944484215057
02/11/2021 00:16:00,1.669,37,14.8,44,987.94,3,6,12,53.809309335473614,-1.8135074269057825
02/11/2021 00:17:00,1.734,34,14.8,44,988.16,3,5,11,53.80921965354336,-1.814001130338742
02/11/2021 00:18:00,1.758,34,14.8,44,987.67,3,5,11,53.80886652624948,-1.8142335154738107
02/11/2021 00:19:00,1.705,36,14.9,43,987.58,2,5,11,53.80892938490682,-1.8148574636339863
02/11/2021 00:20:00,1.751,34,14.8,44,987.53,3,6,13,53.80889681479355,-1.8147115440370043
02/11/2021 00:21:00,1.784,33,14.9,45,987.64,3,6,12,53.80892863938826,-1.8149405083477654
02/11/2021 00:22:00,1.777,33,14.9,46,987.76,3,6,13,53.80854913666659,-1.8150098907369643
02/11/2021 00:23:00,1.767,33,14.9,47,987.98,3,5,12,53.80851003030092,-1.815034195168332
02/11/2021 00:24:00,1.779,33,14.9,46,987.8,,,,53.808596015356436,-1.815280398849345
02/11/2021 00:25:00,1.839,31,14.8,45,987.51,3,5,13,53.808396187386556,-1.815721862453347
02/11/2021 00:26:00,1.796,32,14.7,47,987.75,4,5,13,53.80840406656462,-1.8156017516669243
02/11/2021 00:27:00,1.747,34,14.7,48,987.94,4,5,13,53.808816171043226,-1.8158257378035545
02/11/2021 00:28:00,1.736,34,14.9,48,987.99,4,5,13,53.808809188038595,-1.8161888374391857
02/11/2021 00:29:00,1.804,32,14.9,47,987.86,3,4,13,53.809192940109114,-1.815803258309289
02/11/2021 00:30:00,1.772,33,14.7,47,987.65,5,6,14,53.8091914838349,-1.815849234816851
02/11/2021 00:31:00,1.767,33,14.7,48,987.8,6,7,14,53.80918225407326,-1.8158549729143862
02/11/2021 00:32:00,1.762,33,14.9,48,987.36,6,7,13,53.809305476339944,-1.8160684657072506
02/11/2021 00:33:00,1.803,32,15.0,48,987.04,5,6,12,53.80928102591296,-1.816085857742664
02/11/2021 00:34:00,1.816,31,15.0,47,987.2,5,6,11,53.80927710268599,-1.816093176463568
02/11/2021 00:35:00,1.913,28,14.9,47,987.51,4,5,11,53.809288581191055,-1.8160792900606728
02/11/2021 00:36:00,1.946,27,14.9,46,987.74,5,6,11,53.80939626790563,-1.8159514092390123
02/11/2021 00:37:00,1.927,27,14.6,47,987.6,4,5,11,53.80938440133271,-1.8163444771781623
02/11/2021 00:38:00,1.864,30,14.5,47,987.7,4,5,11,53.80908361160222,-1.8163533666421514
02/11/2021 00:39:00,1.899,28,14.4,49,987.72,4,5,11,53.80924729856092,-1.8169660008299575
02/11/2021 00:40:00,1.82,31,14.5,49,987.99,4,6,12,53.80947614392748,-1.8168450406260528
02/11/2021 00:41:00,1.807,32,14.4,50,988.31,4,7,13,53.80943374572214,-1.8168380042038481
02/11/2021 00:42:00,1.836,31,14.5,50,988.52,4,6,13,53.80932035909622,-1.8163708069221975
02/11/2021 00:43:00,1.761,33,14.4,50,988.03,4,6,12,53.80906743514787,-1.816454599336688
02/11/2021 00:44:00,1.795,32,14.4,49,988.05,4,6,12,53.80924829893236,-1.8160370812646958
02/11/2021 00:45:00,1.861,30,14.4,50,988.44,4,5,13,53.809013945655806,-1.8155536206423233
02/11/2021 00:46:00,1.865,30,14.4,49,988.35,4,5,14,53.809145976597875,-1.815299834062521
02/11/2021 00:47:00,1.9,28,14.4,48,988.71,4,5,13,53.80937602080887,-1.8153776810830777
02/11/2021 00:48:00,1.882,29,14.4,48,988.58,4,5,13,53.80939418346862,-1.8152144400027224
02/11/2021 00:49:00,1.921,27,14.4,47,988.58,5,6,13,53.80938647574373,-1.8152060767181557
02/11/2021 00:50:00,1.923,27,14.3,46,988.82,4,5,13,53.809521912000456,-1.8149417262055936
02/11/2021 00:51:00,1.833,31,14.4,46,988.8,3,5,12,53.80979698426815,-1.8151431641540896
02/11/2021 00:52:00,1.825,31,14.5,45,988.64,4,5,12,53.809967870400534,-1.8152411210313584
02/11/2021 00:53:00,1.788,32,,,988.05,3,4,12,53.8097820389661,-1.8148225117051473
02/11/2021 00:54:00,1.764,33,,,988.27,4,5,13,53.80971851484508,-1.8149590440862935
02/11/2021 00:55:00,1.779,33,,,988.46,4,6,13,53.80952686978802,-1.8154155164779646
02/11/2021 00:56:00,1.764,33,,,988.0,4,6,13,53.809434992184514,-1.815757133813846
02/11/2021 00:57:00,1.842,30,,,988.11,4,6,13,53.80973989217445,-1.8158558249344081
02/11/2021 00:58:00,1.714,35,,,988.25,4,5,13,53.80953991043315,-1.8153074859366898
02/11/2021 00:59:00,1.6,40,,,988.44,5,6,13,53.80932666036875,-1.8149714425594379
02/11/2021 01:00:00,1.598,40,,,988.24,4,6,13,53.809203538394485,-1.8150109065053093
02/11/2021 01:01:00,1.639,38,,,987.95,4,7,13,53.80925513337033,-1.815181852630708
02/11/2021 01:02:00,1.592,40,,,987.85,5,7,14,53.809388126665944,-1.815163893871505
02/11/2021 01:03:00,1.523,42,,,987.97,4,6,13,53.809145805742865,-1.8154827689988855
02/11/2021 01:04:00,1.513,43,,,987.43,4,5,13,53.80902564451652,-1.8154284768977853
02/11/2021 01:05:00,1.535,42,,,987.28,3,5,13,53.809011749868574,-1.8154057978825895
02/11/2021 01:06:00,1.45,45,,,987.28,3,5,14,53.80941734534832,-1.8155062187632538
02/11/2021 01:07:00,1.523,42,,,986.69,5,6,14,53.80983060398901,-1.8154950719210698
02/11/2021 01:08:00,1.436,46,,,987.0,5,6,15,53.809820994874464,-1.814944393378459
02/11/2021 01:09:00,1.463,45,,,986.62,4,5,15,53.80967783493146,-1.814683871982589
02/11/2021 01:10:00,1.437,46,,,985.94,3,5,14,53.80988676585877,-1.8143810002712941
02/11/2021 01:11:00,1.422,46,,,986.18,3,5,15,53.809945837114725,-1.8142689258077807
02/11/2021 01:12:00,1.417,46,,,986.11,3,5,15,53.809720778487616,-1.814426979828329
02/11/2021 01:13:00,1.436,46,,,986.25,4,6,15,53.810086875437776,-1.8141241388851967
02/11/2021 01:14:00,1.383,48,,,985.92,4,6,15,53.80977936716498,-1.814144133949992
02/11/2021 01:15:00,1.428,46,,,985.86,3,5,15,53.80992467871604,-1.8143839920231342
02/11/2021 01:16:00,1.363,48,,,985.64,3,5,14,53.80969265361866,-1.8141618094708394
02/11/2021 01:17:00,1.285,51,,,985.65,4,6,14,53.80943002763958,-1.8140993248950719
02/11/2021 01:18:00,1.207,54,,,986.12,5,7,14,53.80931516657317,-1.8140432669997688
02/11/2021 01:19:00,1.083,59,,,986.24,4,6,14,53.80920807535289,-1.8143601445889546
02/11/2021 01:20:00,1.119,58,,,986.17,5,8,15,53.80952706998833,-1.8146649976832134
02/11/2021 01:21:00,1.096,58,,,986.28,5,7,14,53.809294357709405,-1.8152720541785778
02/11/2021 01:22:00,1.145,57,,,986.04,5,7,14,53.80935872986843,-1.8151993514674734
02/11/2021 01:23:00,1.172,56,,,985.78,4,6,14,53.80914752402509,-1.8153161848752106
02/11/2021 01:24:00,1.177,55,,,986.32,4,6,14,53.80914658850136,-1.8153147328810253
02/11/2021 01:25:00,1.234,53,,,986.26,3,5,14,53.809269741451345,-1.8154409026217493
02/11/2021 01:26:00,1.23,53,,,985.96,3,5,14,53.809608688628934,-1.8151777402551903
02/11/2021 01:27:00,1.247,53,,,985.95,3,4,13,53.809460604676865,-1.815218167367148
02/11/2021 01:28:00,1.259,52,,,985.73,3,5,13,53.80948809487711,-1.8152371644112115
02/11/2021 01:29:00,1.346,49,,,985.78,,,,53.80948103124398,-1.8148809877625778
02/11/2021 01:30:00,1.431,46,,,985.65,3,4,14,53.809619981021356,-1.815203680843514
02/11/2021 01:31:00,1.391,47,,,985.77,3,5,14,53.80967622916484,-1.815303865255574
02/11/2021 01:32:00,1.346,49,,,985.76,3,4,14,53.809624014778784,-1.8147825580832442
02/11/2021 01:33:00,1.34,49,,,985.89,4,5,14,53.80940092320221,-1.8147035620218015
02/11/2021 01:34:00,1.288,51,,,985.85,4,5,15,53.80944650330731,-1.81475885979732
02/11/2021 01:35:00,1.383,48,,,985.9,4,6,16,53.80946894114002,-1.8148628980210362
02/11/2021 01:36:00,1.356,49,,,986.11,5,7,16,53.809431595444664,-1.814805970803943
02/11/2021 01:37:00,1.367,48,,,986.5,5,6,14,53.80943809021785,-1.8148037610215633
02/11/2021 01:38:00,1.273,52,,,986.41,3,5,15,53.80921481817825,-1.8142849491567228
02/11/2021 01:39:00,1.368,48,,,986.41,4,5,14,53.80923162777744,-1.8146097293838146
02/11/2021 01:40:00,1.371,48,,,986.78,4,6,15,53.80943726067135,-1.8149301505891244
02/11/2021 01:41:00,1.4,47,,,986.94,5,8,16,53.80927381492264,-1.8148642026813024
02/11/2021 01:42:00,1.476,44,,,987.15,5,7,16,53.808969032521055,-1.8149459945335193
02/11/2021 01:43:00,1.417,46,,,987.37,5,7,16,53.80912443230058,-1.8150518679664882
02/11/2021 01:44:00,1.457,45,,,987.62,5,7,17,53.80878171457468,-1.815136047301017
02/11/2021 01:45:00,1.482,44,,,987.47,6,9,17,53.80847846948247,-1.8148072464972111
02/11/2021 01:46:00,1.474,44,,,987.62,6,9,16,53.808464065821404,-1.8148597267313338
02/11/2021 01:47:00,1.434,46,,,987.8,5,9,16,53.8086358543564,-1.8148089853740896
02/11/2021 01:48:00,1.418,46,,,988.29,4,9,16,53.808562173060615,-1.8148838109683987
02/11/2021 01:49:00,1.344,49,,,988.43,4,8,15,53.8084248863738,-1.8144103288319913
02/11/2021 01:50:00,1.321,50,,,988.25,4,8,15,53.808162608999005,-1.8139132232816066
02/11/2021 01:51:00,1.311,50,,,988.83,3,8,15,53.80814388170887,-1.8140879700034167
02/11/2021 01:52:00,1.315,50,,,988.66,4,8,15,53.808073139239035,-1.81435675220666
02/11/2021 01:53:00,1.245,53,,,988.97,4,9,15,53.80810554419764,-1.8142037012646788
02/11/2021 01:54:00,1.266,52,,,988.62,4,9,15,53.8080616245403,-1.8142458820995062
02/11/2021 01:55:00,1.242,53,,,988.56,4,9,15,53.80784039760131,-1.814829794182947
02/11/2021 01:56:00,1.21,54,,,988.66,4,9,14,53.80782566947001,-1.8148926223402515
02/11/2021 01:57:00,1.211,54,,,988.43,4,8,14,53.80774327265107,-1.8146918538710792
02/11/2021 01:58:00,1.247,53,,,988.41,4,7,14,53.8076722975426,-1.815350239040902
02/11/2021 01:59:00,1.257,52,,,988.36,4,8,13,53.80799151663033,-1.8154940082527824
02/11/2021 02:00:00,1.29,51,,,988.39,4,7,13,53.807999752177494,-1.8155612178661058
02/11/2021 02:01:00,1.36,48,,,988.29,5,8,13,53.80816226996575,-1.815758636258507
02/11/2021 02:02:00,1.304,51,,,988.38,6,8,13,53.807983000340705,-1.815821942610593
02/11/2021 02:03:00,1.311,50,,,988.65,5,6,12,53.80772312849247,-1.81608401293216
02/11/2021 02:04:00,1.426,46,,,988.19,5,6,12,53.80751899916236,-1.8161087532617546
02/11/2021 02:05:00,1.443,45,,,988.71,5,6,11,53.8073791983965,-1.8159858131863713
02/11/2021 02:06:00,1.379,48,,,988.7,5,6,11,53.80710894466283,-1.815382647604653
02/11/2021 02:07:00,1.322,50,,,988.77,5,7,11,53.8071834975735,-1.8156980759774715
02/11/2021 02:08:00,1.331,50,,,989.21,4,6,11,53.80683584725256,-1.8161638566685763
02/11/2021 02:09:00,1.322,50,,,989.01,4,6,11,53.80679489796371,-1.8155295189830416
02/11/2021 02:10:00,1.346,49,,,988.85,5,7,12,53.806842333618086,-1.8150701675039447
02/11/2021 02:11:00,1.3,51,,,988.78,4,6,11,53.80700472121833,-1.8145467016067938
02/11/2021 02:12:00,1.285,51,,,988.44,4,6,11,53.80692499595677,-1.8144558245734899
02/11/2021 02:13:00,1.274,52,,,988.35,4,6,11,53.806702335152025,-1.8142630878862211
02/11/2021 02:14:00,1.281,51,,,988.45,4,8,12,53.806530948928156,-1.8147496179684868
02/11/2021 02:15:00,1.188,55,,,988.61,4,8,12,53.80643906330513,-1.8144590873465132
02/11/2021 02:16:00,1.204,54,,,988.59,4,8,12,53.806210341418954,-1.8141206175716291
02/11/2021 02:17:00,1.24,53,,,988.65,4,7,12,53.80621180239047,-1.8135094888089796
02/11/2021 02:18:00,1.221,54,,,988.36,5,8,13,53.80590839564493,-1.8131512558855865
02/11/2021 02:19:00,1.258,52,,,988.12,4,8,13,53.80572492323531,-1.812914061706581
02/11/2021 02:20:00,1.263,52,,,988.37,4,8,12,53.80535791364877,-1.812715282488027
02/11/2021 02:21:00,1.237,53,,,988.42,3,8,13,53.80517659988818,-1.8132166050015295
02/11/2021 02:22:00,1.209,54,,,988.68,5,10,14,53.8054604410278,-1.8133346154662167
02/11/2021 02:23:00,1.149,56,,,988.33,5,10,14,53.805052612564275,-1.8132999386103457
02/11/2021 02:24:00,1.172,56,,,988.28,5,11,15,53.80469342894835,-1.8130322145049351
02/11/2021 02:25:00,1.195,55,,,988.57,,,,53.805051616113296,-1.8130637857509946
02/11/2021 02:26:00,1.238,53,,,988.18,4,10,14,53.80537635233173,-1.8135312818547638
02/11/2021 02:27:00,1.3,51,,,988.41,5,11,14,53.80523623075469,-1.8137682949365408
02/11/2021 02:28:00,1.347,49,,,988.11,6,12,15,53.80552457911863,-1.8139234596159082
02/11/2021 02:29:00,1.285,51,,,988.38,5,10,14,53.805900787455094,-1.8137507163646955
02/11/2021 02:30:00,1.289,51,,,988.63,5,10,14,53.80606702835954,-1.8135824827676532
02/11/2021 02:31:00,1.255,52,,,988.22,4,8,13,53.80607203254594,-1.8139500487478506
02/11/2021 02:32:00,1.219,54,,,987.97,5,8,14,53.80650360232567,-1.8138176104872614
02/11/2021 02:33:00,1.214,54,,,987.66,4,7,14,53.80658001763117,-1.8134357002159578
02/11/2021 02:34:00,1.2,54,,,987.61,5,8,15,53.80653528827018,-1.8128952504850728
02/11/2021 02:35:00,1.218,54,,,987.66,4,7,14,53.806454882097086,-1.8125354560979472
02/11/2021 02:36:00,1.243,53,,,987.6,4,8,15,53.80614811617969,-1.8129497531499497
02/11/2021 02:37:00,1.243,53,,,987.28,5,8,16,53.80611075450261,-1.8128999466617268
02/11/2021 02:38:00,1.176,55,,,987.41,6,9,16,53.80595549022361,-1.8129411600854923
02/11/2021 02:39:00,1.331,50,,,987.52,5,8,16,53.80608532701214,-1.812233820473016
02/11/2021 02:40:00,1.353,49,,,987.28,4,7,15,53.806432014084535,-1.812064862627792
02/11/2021 02:41:00,1.358,49,,,987.21,6,8,15,53.80640117682156,-1.8121119009911613
02/11/2021 02:42:00,1.434,46,,,987.1,6,9,16,53.80653987378721,-1.8115609029547046
02/11/2021 02:43:00,1.509,43,,,987.25,5,8,16,53.80652168833521,-1.8115020631513596
02/11/2021 02:44:00,1.637,38,,,987.11,5,8,17,53.8065214865204,-1.8115007496086224
02/11/2021 02:45:00,1.707,35,,,987.55,5,8,17,53.80633775265197,-1.812057946274755
02/11/2021 02:46:00,1.715,35,,,987.32,4,8,17,53.80624655740773,-1.8125229966663772
02/11/2021 02:47:00,1.713,35,,,987.0,4,7,17,53.806161576105254,-1.8124006557683394
02/11/2021 02:48:00,1.724,35,,,987.34,5,9,16,53.806052986535796,-1.8124837401418796
02/11/2021 02:49:00,1.724,35,,,987.18,6,10,17,53.80566901009397,-1.8125499280560764
02/11/2021 02:50:00,1.633,38,,,987.53,5,8,17,53.805946249556,-1.8120215940700033
02/11/2021 02:51:00,1.606,39,,,987.37,5,8,17,53.806304531518535,-1.8121305606222202
02/11/2021 02:52:00,1.688,36,,,986.81,5,8,16,53.806178733579294,-1.8119644504312433
02/11/2021 02:53:00,1.677,37,,,986.79,6,8,17,53.80596930804398,-1.8122671245606523
02/11/2021 02:54:00,1.699,36,,,987.32,7,9,17,53.80594636052328,-1.8118693539824937
02/11/2021 02:55:00,1.682,36,,,987.26,7,10,17,53.80571694490809,-1.8124148777427964
02/11/2021 02:56:00,1.699,36,,,987.48,8,12,18,53.80529694941264,-1.8122176243337873
02/11/2021 02:57:00,1.676,37,,,987.95,8,12,18,53.80517013332825,-1.8121970180494142
02/11/2021 02:58:00,1.689,36,,,987.89,8,13,19,53.80507527808074,-1.8122463378672196
02/11/2021 02:59:00,1.697,36,,,987.8,8,13,18,53.80505879782515,-1.811898498505303
02/11/2021 03:00:00,1.793,32,,,987.95,9,14,20,53.80490085243251,-1.8117107500280047
02/11/2021 03:01:00,1.747,34,,,987.77,10,14,19,53.80479073272602,-1.8113987076449283
02/11/2021 03:02:00,1.685,36,,,987.47,12,16,20,53.804559669806494,-1.8114574912889367
02/11/2021 03:03:00,1.663,37,,,987.53,10,14,18,53.80454614439245,-1.8114543298899992
02/11/2021 03:04:00,1.605,39,,,987.8,11,14,18,53.80446575765278,-1.811822895196653
02/11/2021 03:05:00,1.583,40,,,987.83,11,15,18,53.804568317059484,-1.81128152503579
02/11/2021 03:06:00,1.639,38,,,987.9,10,16,19,53.80472341623662,-1.8107151743980778
02/11/2021 03:07:00,1.647,38,,,987.79,9,15,20,53.804761375378206,-1.8106421168330393
02/11/2021 03:08:00,1.696,36,,,987.58,9,15,19,53.80500022120613,-1.8106598715684
02/11/2021 03:09:00,1.618,39,,,987.6,9,14,19,53.804920206636126,-1.8104746779847951
02/11/2021 03:10:00,1.622,39,,,987.71,9,14,20,53.804785573620066,-1.811085003902327
02/11/2021 03:11:00,1.644,38,,,987.46,9,14,20,53.804766373637435,-1.8116083153671785
02/11/2021 03:12:00,1.672,37,,,987.38,9,14,20,53.80479863006256,-1.811564542992072
02/11/2021 03:13:00,1.615,39,,,987.42,9,13,20,53.80483793854996,-1.8114994472114143
02/11/2021 03:14:00,1.551,41,,,987.32,9,13,21,53.80483133139121,-1.8115059471968133
02/11/2021 03:15:00,1.554,41,,,986.76,7,11,20,53.80483499836164,-1.8115956548413865
02/11/2021 03:16:00,1.511,43,,,986.9,8,12,21,53.80490712584053,-1.8114831637336735
02/11/2021 03:17:00,1.53,42,,,987.07,7,14,22,53.80490823521382,-1.8114766276239764
02/11/2021 03:18:00,1.49,44,,,987.24,8,14,23,53.804890272262256,-1.8114252665411
02/11/2021 03:19:00,1.466,45,,,986.92,10,16,24,53.80488375104363,-1.8113961921198487
02/11/2021 03:20:00,1.498,43,,,987.11,9,16,25,53.80484327737068,-1.8112744813821655
02/11/2021 03:21:00,1.536,42,,,986.8,8,16,25,53.80489651479071,-1.811310005851745
02/11/2021 03:22:00,1.533,42,,,986.83,7,16,24,53.805012623454964,-1.8110924181300905
02/11/2021 03:23:00,1.571,41,,,986.83,6,15,24,53.80464344405752,-1.8106916460910385
02/11/2021 03:24:00,1.528,42,,,987.34,6,15,22,53.804803023440776,-1.8113295093850466
02/11/2021 03:25:00,1.558,41,,,987.38,6,15,23,53.80449853950131,-1.8110754926704276
02/11/2021 03:26:00,1.522,42,,,987.83,5,15,24,53.80450226933356,-1.8110944121663628
02/11/2021 03:27:00,1.514,43,,,988.13,5,14,23,53.80442647217983,-1.8107093593669306
02/11/2021 03:28:00,1.575,40,,,988.09,5,12,23,53.804385236150694,-1.8108137324209443
02/11/2021 03:29:00,1.494,43,,,988.28,5,11,22,53.80450629077421,-1.811385007412322
02/11/2021 03:30:00,1.494,43,,,988.17,4,10,22,53.80456478413592,-1.8111578887733515
02/11/2021 03:31:00,1.529,42,,,988.06,4,9,22,53.80469092691952,-1.8109303457121546
02/11/2021 03:32:00,1.469,44,,,987.97,5,10,22,53.80502332885669,-1.8114254871271702
02/11/2021 03:33:00,1.483,44,,,987.89,4,10,22,53.8050989146847,-1.8117453720832675
02/11/2021 03:34:00,1.415,46,,,988.2,4,8,23,53.80490871396191,-1.8118521834094783
02/11/2021 03:35:00,1.375,48,,,988.08,4,10,22,53.80466739086451,-1.8118921610297372
02/11/2021 03:36:00,1.265,52,,,987.91,4,10,22,53.80464724702252,-1.8119124885564089
02/11/2021 03:37:00,1.23,53,,,987.9,4,9,21,53.80469306125319,-1.8118876667687736
02/11/2021 03:38:00,1.204,54,,,987.87,5,11,22,53.80453348119264,-1.811726739341708
02/11/2021 03:39:00,1.304,51,,,987.84,6,13,22,53.80457829834241,-1.811029857040772
02/11/2021 03:40:00,1.341,49,,,987.55,7,13,22,53.804486249136495,-1.8108514441061867
02/11/2021 03:41:00,1.4,47,,,987.5,7,13,20,53.80435705497418,-1.810304244375014
02/11/2021 03:42:00,1.516,43,,,987.84,6,12,20,53.80436064068905,-1.810795946455592
02/11/2021 03:43:00,1.448,45,,,987.87,5,12,21,53.80412029097748,-1.810639010637243
02/11/2021 03:44:00,1.487,44,,,987.9,5,11,20,53.804300317584094,-1.8102528741758048
02/11/2021 03:45:00,1.507,43,,,988.17,4,11,20,53.80445249557522,-1.8103940612275349
02/11/2021 03:46:00,1.519,43,,,988.17,4,11,19,53.8043773112582,-1.8109286919561018
02/11/2021 03:47:00,1.512,43,,,988.01,4,11,18,53.804469367985114,-1.8109782678901598
02/11/2021 03:48:00,1.651,38,,,988.31,3,11,18,53.80437842846431,-1.8115667728258382
02/11/2021 03:49:00,1.605,39,,,988.53,4,10,17,53.80467149958224,-1.8110591387384503
02/11/2021 03:50:00,1.591,40,,,988.39,5,11,18,53.804640935566745,-1.8103118242707494
02/11/2021 03:51:00,1.601,39,,,988.85,6,13,18,53.80458868882205,-1.809979011717442
02/11/2021 03:52:00,1.505,43,,,988.74,6,12,18,53.80422879428317,-1.81022944449833
02/11/2021 03:53:00,1.451,45,,,988.92,6,13,18,53.80412894781753,-1.8108757514524092
02/11/2021 03:54:00,1.46,45,,,989.5,6,14,18,53.80412308490646,-1.8115728738477102
02/11/2021 03:55:00,1.494,43,,,989.52,6,14,19,53.80391686059767,-1.8116867566716888
02/11/2021 03:56:00,1.453,45,,,989.29,7,14,18,53.80372621177513,-1.811857105781793
02/11/2021 03:57:00,1.493,43,,,989.3,6,12,18,53.80335523001124,-1.8116588951805919
02/11/2021 03:58:00,1.519,43,,,989.27,7,13,18,53.803714575940376,-1.8114438814924525
02/11/2021 03:59:00,1.526,42,,,989.33,7,12,18,53.80358942898934,-1.811317976576504
02/11/2021 04:00:00,1.493,44,,,989.42,7,11,18,53.80377172849186,-1.8106608965232998
02/11/2021 04:01:00,1.51,43,,,989.35,7,10,18,53.80365448886503,-1.8101536108029364
02/11/2021 04:02:00,1.534,42,,,989.28,7,11,18,53.80372274184382,-1.810345525863398
02/11/2021 04:03:00,1.579,40,,,989.19,7,12,18,53.80393616083143,-1.8102689305890651
02/11/2021 04:04:00,1.642,38,,,988.79,7,12,17,53.80414093228251,-1.8107732968507173
02/11/2021 04:05:00,1.748,34,,,988.51,6,10,17,53.803833986243845,-1.8104506649786405
02/11/2021 04:06:00,1.71,35,,,988.47,6,10,17,53.80392683122366,-1.8102932526214326
02/11/2021 04:07:00,1.788,32,,,987.82,5,8,16,53.80404577920625,-1.810110241351204
02/11/2021 04:08:00,1.764,33,,,988.06,5,9,16,53.80382329768,-1.8098675867144631
02/11/2021 04:09:00,1.772,33,,,988.12,6,11,17,53.80387344450449,-1.8096873244024105
02/11/2021 04:10:00,1.742,34,,,988.21,6,10,19,53.803764726758125,-1.809752759109967
02/11/2021 04:11:00,1.738,34,,,988.39,6,9,18,53.80400123783507,-1.8100457451142504
02/11/2021 04:12:00,1.689,36,,,988.57,7,9,18,53.8042347987703,-1.8096262141349524
02/11/2021 04:13:00,1.722,35,,,988.14,8,9,17,53.80397955499097,-1.8097582214008932
02/11/2021 04:14:00,1.732,35,,,988.48,7,8,16,53.80426135057012,-1.8099555384979216
02/11/2021 04:15:00,1.682,36,,,988.51,6,8,15,53.80401254415216,-1.8104808163331971
02/11/2021 04:16:00,1.717,35,,,988.56,7,8,15,53.80394665804314,-1.8103827936487122
02/11/2021 04:17:00,1.656,37,,,988.27,5,7,14,53.80373703454322,-1.8105038094339936
02/11/2021 04:18:00,1.64,38,,,988.22,4,6,14,53.80385197228239,-1.8103139391819332
02/11/2021 04:19:00,1.579,40,,,987.94,5,7,13,53.80354653332976,-1.810018406870067
02/11/2021 04:20:00,1.604,39,,,987.64,7,9,14,53.80344924317122,-1.809831676082817
02/11/2021 04:21:00,1.56,41,,,987.38,7,9,12,53.80365917950731,-1.8097737637769227
02/11/2021 04:22:00,1.498,43,,,987.2,6,8,11,53.80371879874622,-1.8097958258927802
02/11/2021 04:23:00,1.371,48,,,987.45,6,7,10,53.80394121769681,-1.8094996381288342
02/11/2021 04:24:00,1.345,49,,,987.54,5,7,10,53.80390932404364,-1.8098738971792088
02/11/2021 04:25:00,1.33,50,,,987.18,5,8,10,53.80375073775057,-1.8098100403466109
02/11/2021 04:26:00,1.271,52,,,987.27,5,8,10,53.80415312734615,-1.8096858480508338
02/11/2021 04:27:00,1.281,51,,,987.4,5,7,9,53.80436827969177,-1.8096828323498682
02/11/2021 04:28:00,1.32,50,13.5,49,987.57,5,7,9,53.80428474932231,-1.8095676073323712
02/11/2021 04:29:00,1.384,48,13.5,50,987.59,5,8,9,53.80388307719622,-1.8093068442890852
02/11/2021 04:30:00,1.374,48,13.5,49,987.48,4,7,9,53.803655015401624,-1.8094051572700232
02/11/2021 04:31:00,1.526,42,13.5,48,987.63,4,8,10,53.803780691789925,-1.8091891782742027
02/11/2021 04:32:00,1.556,41,13.5,49,987.98,4,8,10,53.803948276961584,-1.8089638105994659
02/11/2021 04:33:00,1.525,42,13.5,48,987.61,4,8,10,53.8042014883327,-1.8091503853889073
02/11/2021 04:34:00,1.457,45,13.6,49,987.41,4,8,10,53.80423524912691,-1.8093036307479313
02/11/2021 04:35:00,1.464,45,13.6,49,987.4,3,7,9,53.80414705607311,-1.809034773390067
02/11/2021 04:36:00,1.478,44,13.7,49,987.36,4,8,10,53.80411154281102,-1.8088291219550001
02/11/2021 04:37:00,1.48,44,13.5,50,987.36,3,7,9,53.80413946985769,-1.8089850778200485
02/11/2021 04:38:00,1.485,44,13.5,51,987.11,3,9,10,53.80410408939112,-1.8097402987362665
02/11/2021 04:39:00,1.551,41,13.6,51,986.7,2,7,9,53.80410028959836,-1.809780426951248
02/11/2021 04:40:00,1.478,44,13.6,50,986.71,3,8,10,53.8037306069729,-1.8096797464622938
02/11/2021 04:41:00,1.463,45,13.5,48,987.1,3,8,10,53.803679076112616,-1.8095696406750699
02/11/2021 04:42:00,1.407,47,13.5,48,987.67,3,7,9,53.803801218103125,-1.8096639263643175
02/11/2021 04:43:00,1.356,49,13.6,49,987.73,2,6,8,53.803799731165945,-1.8090202681333536
02/11/2021 04:44:00,1.416,46,13.4,50,987.36,2,7,8,53.804047795067106,-1.8083980830958166
02/11/2021 04:45:00,1.468,44,13.4,49,987.66,2,8,9,53.804384998572836,-1.8080754424177834
02/11/2021 04:46:00,1.489,44,13.5,49,987.93,2,8,9,53.80444162482455,-1.8077671366933081
02/11/2021 04:47:00,1.562,41,13.6,48,988.1,3,9,10,53.804121779563154,-1.8075551462751065
02/11/2021 04:48:00,1.562,41,13.7,48,988.29,3,8,10,53.80387995267676,-1.8076101303417835
02/11/2021 04:49:00,1.52,43,13.7,49,988.27,3,8,10,53.804172470795585,-1.8080677257356503
02/11/2021 04:50:00,1.464,45,13.7,48,988.52,2,7,9,53.80423190055047,-1.8083395414571313
02/11/2021 04:51:00,1.485,44,13.6,49,988.65,2,8,9,53.804144968770544,-1.8084446837648094
02/11/2021 04:52:00,1.418,46,13.6,49,988.69,2,6,8,53.804284444175664,-1.8078223811615295
02/11/2021 04:53:00,1.489,44,13.6,49,988.26,2,8,10,53.80408711707299,-1.808189448730715
02/11/2021 04:54:00,1.547,41,13.6,49,988.46,2,9,11,53.80405756285397,-1.8083613559153697
02/11/2021 04:55:00,1.538,42,13.7,48,988.62,2,9,11,53.80377004391815,-1.8081184904070449
02/11/2021 04:56:00,1.567,41,13.6,48,988.58,2,10,12,53.80356206520933,-1.8081507887489612
02/11/2021 04:57:00,1.664,37,13.6,48,988.39,3,9,12,53.803543908098476,-1.8082246068479821
02/11/2021 04:58:00,1.65,38,13.5,48,987.95,3,11,13,53.803526889408516,-1.808296573607493
02/11/2021 04:59:00,1.666,37,13.6,48,987.96,3,10,13,53.8037640853497,-1.8083199921854018
02/11/2021 05:00:00,1.636,38,13.6,49,987.86,3,11,14,53.803923808298315,-1.807961864173863
02/11/2021 05:01:00,1.639,38,13.5,49,987.7,3,10,14,53.804121601597,-1.8084501690021402
02/11/2021 05:02:00,1.603,39,13.6,48,987.93,3,9,14,53.80410001806076,-1.8082899993139483
02/11/2021 05:03:00,1.618,39,13.4,48,988.04,3,9,13,53.80405403146566,-1.8075466053641331
02/11/2021 05:04:00,1.559,41,13.6,48,988.02,3,9,13,53.80442406836881,-1.8077113550135808
02/11/2021 05:05:00,1.618,39,13.7,49,988.04,2,9,12,53.80448058734986,-1.8082511532109848
02/11/2021 05:06:00,1.662,37,13.8,50,988.19,2,8,11,53.80444979717415,-1.808236011745577
02/11/2021 05:07:00,1.618,39,13.8,50,988.26,2,8,11,53.80457465710904,-1.808061525290596
02/11/2021 05:08:00,1.639,38,13.7,50,988.94,3,8,11,53.804615738871476,-1.8080605316157827
02/11/2021 05:09:00,1.61,39,13.6,50,989.01,3,7,11,53.804520284518084,-1.808465724106229
02/11/2021 05:10:00,1.596,40,13.8,50,988.91,3,9,13,53.80439895179039,-1.8084091199008865
02/11/2021 05:11:00,1.588,40,13.8,49,988.91,4,9,13,53.80441079561387,-1.8085257178155336
02/11/2021 05:12:00,1.677,37,13.7,48,988.64,5,9,13,53.80414408225416,-1.8085738147236552
02/11/2021 05:13:00,1.666,37,13.9,48,988.7,5,9,13,53.804375305985914,-1.8085559017550217
02/11/2021 05:14:00,1.659,37,13.9,48,989.12,5,9,12,53.80436273350649,-1.8087716034103911
02/11/2021 05:15:00,1.574,40,13.9,49,989.71,5,9,12,53.80424976400764,-1.808207320390165
02/11/2021 05:16:00,1.578,40,13.7,48,989.64,5,10,13,53.80449127762397,-1.8079136057857554
02/11/2021 05:17:00,1.633,38,13.7,47,989.35,,,,53.80452758946258,-1.8079971645976467
02/11/2021 05:18:00,1.639,38,13.9,47,989.54,5,9,14,53.80436200920848,-1.808357467878642
02/11/2021 05:19:00,1.662,37,14.0,47,989.71,5,9,14,53.804125015759936,-1.8088784020653033
02/11/2021 05:20:00,1.662,37,14.1,45,989.97,5,9,14,53.804525817532905,-1.8089503836972745
02/11/2021 05:21:00,1.614,39,14.1,45,989.65,6,12,15,53.80478341810218,-1.809537769026669
02/11/2021 05:22:00,1.638,38,14.0,44,989.67,7,13,16,53.805115764658446,-1.809384204590928
02/11/2021 05:23:00,1.744,34,14.0,44,989.67,,,,53.80491126641239,-1.80958540167522
02/11/2021 05:24:00,1.826,31,14.1,44,989.72,6,11,13,53.804976051448264,-1.8091346094164342
02/11/2021 05:25:00,1.803,32,14.0,43,989.91,5,10,12,53.80480769919366,-1.8084488629536823
02/11/2021 05:26:00,1.789,32,14.1,44,989.65,6,11,13,53.8046720638032,-1.8081323524671897
02/11/2021 05:27:00,1.781,33,14.1,42,989.15,6,11,13,53.805001678522146,-1.8085490498929524
02/11/2021 05:28:00,1.787,32,14.1,41,989.06,6,10,13,53.80499562985951,-1.8085236427639564
02/11/2021 05:29:00,1.743,34,14.1,42,989.42,5,9,12,53.804961529378815,-1.8085573169094826
02/11/2021 05:30:00,1.836,31,14.0,41,989.32,4,10,13,53.80516282111895,-1.8080302166483238
02/11/2021 05:31:00,1.836,31,13.9,40,989.19,5,9,13,53.8054048688615,-1.8077910483198703
02/11/2021 05:32:00,1.841,30,13.7,40,988.97,5,9,12,53.805406202370975,-1.807795779010219
02/11/2021 05:33:00,1.758,34,13.7,42,989.39,6,10,13,53.8055434492696,-1.8080276047329804
02/11/2021 05:34:00,1.704,36,13.6,43,989.12,6,9,13,53.80546765553174,-1.8080671433917137
02/11/2021 05:35:00,1.723,35,13.6,44,989.31,6,8,12,53.80537980225292,-1.8075234408254157
02/11/2021 05:36:00,1.741,34,13.6,44,988.88,6,9,12,53.805715163916496,-1.807819727562915
02/11/2021 05:37:00,1.697,36,13.4,44,989.29,7,9,13,53.80556583652423,-1.8078372069425688
02/11/2021 05:38:00,1.76,33,13.6,45,989.61,6,9,12,53.8058097235818,-1.8083540929703605
02/11/2021 05:39:00,1.685,36,13.3,45,989.37,7,9,13,53.80598784800681,-1.8086073900070545
02/11/2021 05:40:00,1.613,39,13.5,44,989.65,8,10,14,53.80611114428239,-1.8086549533573508
02/11/2021 05:41:00,1.584,40,13.4,43,989.75,8,10,14,53.80638829514892,-1.8082811452267242
02/11/2021 05:42:00,1.586,40,13.4,43,989.79,7,10,14,53.80667631870294,-1.8086477549117121
02/11/2021 05:43:00,1.639,38,13.5,43,989.41,7,10,13,53.80682756136292,-1.808378006409561
02/11/2021 05:44:00,1.622,39,13.6,42,989.96,6,9,14,53.806639451441406,-1.808014852311256
02/11/2021 05:45:00,1.603,39,13.6,42,989.96,5,8,13,53.806905322676144,-1.8075889886142391
02/11/2021 05:46:00,1.673,37,13.6,42,990.52,6,9,13,53.80662449595188,-1.8081238975496259
02/11/2021 05:47:00,1.674,37,13.6,43,990.49,7,11,13,53.806518051442865,-1.8075356999801455
02/11/2021 05:48:00,1.732,35,13.7,43,990.46,7,10,12,53.8062584933346,-1.8073018499060904
02/11/2021 05:49:00,1.784,33,13.7,42,990.71,6,9,11,53.80616247054697,-1.8075957228294057
02/11/2021 05:50:00,1.687,36,13.7,42,990.97,5,8,10,53.80621362497577,-1.8075339844010547
02/11/2021 05:51:00,1.65,38,13.7,42,990.95,5,8,10,53.80612656599675,-1.8075526161120399
02/11/2021 05:52:00,1.625,39,13.7,42,990.8,4,7,9,53.806357238959,-1.8073289608209189
02/11/2021 05:53:00,1.582,40,13.4,43,990.41,5,8,10,53.806079470590575,-1.807890698200961
02/11/2021 05:54:00,1.543,42,13.5,44,990.45,5,8,11,53.8057510044553,-1.8075436322353058
02/11/2021 05:55:00,1.505,43,13.4,45,990.35,5,7,11,53.80544110834392,-1.8074074501745943
02/11/2021 05:56:00,1.451,45,13.5,45,990.25,5,7,11,53.80522527494331,-1.8078698915365992
02/11/2021 05:57:00,1.499,43,13.8,44,990.1,6,7,12,53.80558687623344,-1.8082729377133386
02/11/2021 05:58:00,1.468,44,13.8,42,989.68,5,7,11,53.805848524296785,-1.808071548295936
02/11/2021 05:59:00,1.471,44,13.9,43,989.87,4,6,11,53.805880383711184,-1.8081087428239973
02/11/2021 06:00:00,1.436,46,13.8,43,989.63,4,6,11,53.805459692081676,-1.8080505474462885
02/11/2021 06:01:00,1.439,46,13.9,44,989.51,5,8,13,53.80518462893323,-1.80864858215312
02/11/2021 06:02:00,1.476,44,13.9,45,989.35,5,8,13,53.80516245836645,-1.808726666545474
02/11/2021 06:03:00,1.549,41,13.8,45,989.45,4,6,12,53.80530790487338,-1.8083136632753862
02/11/2021 06:04:00,1.472,44,13.7,45,989.13,4,6,13,53.80518651096562,-1.8082650657655113
02/11/2021 06:05:00,1.471,44,13.6,45,989.52,3,6,13,53.805484639160646,-1.8084889483822568
02/11/2021 06:06:00,1.568,41,13.8,44,989.55,4,6,13,53.805244037367906,-1.8085936595218535
02/11/2021 06:07:00,1.592,40,14.0,44,989.6,4,6,13,53.80511059041918,-1.8079707365713549
02/11/2021 06:08:00,1.595,40,14.1,45,990.16,,,,53.805104885470286,-1.8079383322821958
02/11/2021 06:09:00,1.541,42,14.1,47,990.44,4,7,12,53.80509544373646,-1.8079674515753128
02/11/2021 06:10:00,1.468,44,14.1,46,990.33,5,7,12,53.80478653419746,-1.8076680653622461
02/11/2021 06:11:00,1.504,43,14.2,46,990.28,5,8,14,53.80450773406637,-1.8073709798742847
02/11/2021 06:12:00,1.461,45,14.2,44,989.79,5,8,14,53.80447608455118,-1.8073336757739875
02/11/2021 06:13:00,1.418,46,14.2,43,990.26,4,8,13,53.80423042137023,-1.8076121318990435
02/11/2021 06:14:00,1.401,47,14.3,43,990.04,5,9,13,53.804162764468686,-1.8076176285770058
02/11/2021 06:15:00,1.46,45,14.4,42,990.22,5,9,13,53.80416958491753,-1.807592154598993
02/11/2021 06:16:00,1.332,50,14.5,42,990.19,5,8,14,53.804539560799896,-1.807918517831715
02/11/2021 06:17:00,1.288,51,14.5,42,990.29,5,9,14,53.8044314683007,-1.808359024878097
02/11/2021 06:18:00,1.368,48,14.4,43,990.38,7,10,15,53.804427594678245,-1.808849495816918
02/11/2021 06:19:00,1.415,46,14.4,43,990.36,8,10,14,53.80445716427626,-1.808610126128409
02/11/2021 06:20:00,1.374,48,14.3,43,990.08,7,9,13,53.804404838016445,-1.8084572764344904
02/11/2021 06:21:00,1.347,49,14.4,43,989.95,7,9,13,53.80435621367857,-1.808603016504287
02/11/2021 06:22:00,1.38,48,14.3,43,989.91,7,8,14,53.80458322132604,-1.808625668446361
02/11/2021 06:23:00,1.297,51,14.3,42,989.99,6,7,13,53.80458608793544,-1.8086337882905608
02/11/2021 06:24:00,1.332,50,14.2,42,989.97,5,7,14,53.804302200409275,-1.8083490223496697
02/11/2021 06:25:00,1.33,50,14.2,43,990.35,5,7,14,53.80455590944821,-1.8083053700474077
02/11/2021 06:26:00,1.358,49,14.1,44,990.19,5,6,14,53.80449394171426,-1.8090048443761098
02/11/2021 06:27:00,1.407,47,14.1,43,989.94,6,7,14,53.804422795485834,-1.8096491419177774
02/11/2021 06:28:00,1.495,43,14.2,44,990.28,6,7,14,53.80426877636387,-1.8093750353449722
02/11/2021 06:29:00,1.436,46,14.2,44,990.24,6,8,14,53.80407361752098,-1.8096146129407125
02/11/2021 06:30:00,1.421,46,14.2,44,990.38,6,9,13,53.80419609782261,-1.809607425756993
02/11/2021 06:31:00,1.448,45,14.3,44,990.62,6,8,14,53.80421468896658,-1.8094424666628457
02/11/2021 06:32:00,1.496,43,14.3,44,990.9,7,9,14,53.80424875470457,-1.8097326334912505
02/11/2021 06:33:00,1.51,43,14.3,44,991.18,5,8,13,53.80422619938614,-1.8097990746477304
02/11/2021 06:34:00,1.495,43,14.2,43,991.09,4,6,11,53.80424269386484,-1.810258217348998
02/11/2021 06:35:00,1.416,46,14.2,44,991.0,4,7,12,53.803890496584295,-1.8105089716333722
02/11/2021 06:36:00,1.371,48,14.1,44,991.02,4,7,12,53.80356795398285,-1.8109135173908408
02/11/2021 06:37:00,1.36,49,14.1,43,991.08,3,7,10,53.803908939974896,-1.810858346987106
02/11/2021 06:38:00,1.318,50,14.3,44,991.11,3,6,10,53.80410995586765,-1.8107347779007261
02/11/2021 06:39:00,1.375,48,14.4,43,990.81,3,6,11,53.80385936880784,-1.8112893326907795
02/11/2021 06:40:00,1.354,49,14.5,44,990.63,4,6,12,53.803939828633155,-1.811266687659029
02/11/2021 06:41:00,1.368,48,14.4,46,990.56,4,6,12,53.804136887532515,-1.8115650225233049
02/11/2021 06:42:00,1.409,47,14.5,45,990.7,3,6,13,53.80389613832762,-1.8115810850368255
02/11/2021 06:43:00,1.366,48,14.6,45,990.72,3,6,13,53.80388484406105,-1.8113035644827478
02/11/2021 06:44:00,1.417,46,14.8,47,990.9,4,7,13,53.80374501872535,-1.8111691880872576
02/11/2021 06:45:00,1.4,47,14.7,48,990.84,5,9,14,53.80360376794733,-1.8113634972209463
02/11/2021 06:46:00,1.501,43,14.7,48,991.13,4,8,14,53.8033942616901,-1.8109863217989903
02/11/2021 06:47:00,1.526,42,14.7,49,990.92,4,7,12,53.80344332340212,-1.8107270204458574
02/11/2021 06:48:00,1.572,41,14.7,50,991.62,4,9,13,53.80368429102208,-1.8110208102413137
02/11/2021 06:49:00,1.564,41,14.6,52,991.68,4,8,13,53.80341566748784,-1.8110703356589295
02/11/2021 06:50:00,1.514,43,14.7,53,991.22,3,7,13,53.80330718148465,-1.8115286787842257
02/11/2021 06:51:00,1.515,43,14.8,52,991.16,3,8,14,53.80326708040476,-1.811395802297887
02/11/2021 06:52:00,1.552,41,14.9,52,991.11,5,9,14,53.803258915937874,-1.8119374874627991
02/11/2021 06:53:00,1.532,42,14.9,51,991.48,4,10,13,53.80284408289277,-1.8119829428289032
02/11/2021 06:54:00,1.539,42,14.7,51,991.48,5,10,13,53.80267317016391,-1.8115450144204965
02/11/2021 06:55:00,1.491,44,14.9,52,991.82,6,11,14,53.802676439345625,-1.8116721503881357
02/11/2021 06:56:00,1.47,44,14.8,53,991.69,7,11,14,53.80250785425018,-1.811505231362894
02/11/2021 06:57:00,1.411,47,14.9,53,991.64,8,12,14,53.80279628823635,-1.8113123433853966
02/11/2021 06:58:00,1.341,49,14.8,53,991.27,7,11,14,53.80286313449339,-1.8113977790221103
02/11/2021 06:59:00,1.292,51,14.8,53,991.48,9,12,15,53.80278364690422,-1.8110155802991261
02/11/2021 07:00:00,1.394,47,14.6,53,991.26,10,13,16,53.802768173472685,-1.8112283011142973
02/11/2021 07:01:00,1.374,48,14.4,54,991.67,10,12,16,53.80275584226171,-1.8112515495335384
02/11/2021 07:02:00,1.34,49,14.4,52,991.83,10,13,16,53.802736202830175,-1.8111786155444851
02/11/2021 07:03:00,1.339,49,14.5,52,991.71,10,14,16,53.80270074321966,-1.8108990317591411
02/11/2021 07:04:00,1.374,48,14.5,52,991.48,10,13,16,53.802663332959554,-1.8102259133049248
02/11/2021 07:05:00,1.283,51,14.6,52,991.29,10,12,16,53.80232410547223,-1.8104109892060825
02/11/2021 07:06:00,1.203,54,14.8,54,991.08,12,15,18,53.80230520332662,-1.8104703605695278
02/11/2021 07:07:00,1.161,56,14.8,54,991.01,11,15,18,53.80234373014925,-1.8104840761935768
02/11/2021 07:08:00,1.225,54,14.8,54,991.33,10,14,17,53.802385036871414,-1.8108807552672652
02/11/2021 07:09:00,1.159,56,14.8,53,991.52,10,13,17,53.802308816770825,-1.8113328780690103
02/11/2021 07:10:00,1.068,59,14.8,54,991.41,10,13,17,53.80224679640693,-1.8113142987426023
02/11/2021 07:11:00,1.117,58,14.8,55,991.17,10,12,18,53.802144274079055,-1.81188079554241
02/11/2021 07:12:00,1.114,58,14.8,56,991.38,11,15,18,53.80201987893746,-1.8112123261853343
02/11/2021 07:13:00,1.086,59,14.6,57,992.18,11,15,20,53.80213400679249,-1.8113306682106922
02/11/2021 07:14:00,1.093,58,14.8,56,992.16,11,16,21,53.80236409967137,-1.8113435191385956
02/11/2021 07:15:00,1.072,59,14.8,56,992.33,10,15,20,53.80245694287237,-1.8114288052963947
02/11/2021 07:16:00,1.06,60,14.7,57,991.85,11,16,19,53.80230958124448,-1.8119605280614905
02/11/2021 07:17:00,1.073,59,14.7,56,991.98,12,16,19,53.80254162483676,-1.8120156751817305
02/11/2021 07:18:00,1.037,61,14.8,56,992.42,13,16,19,53.802566638036396,-1.8120397197438154
02/11/2021 07:19:00,1.039,61,14.7,55,992.35,11,16,18,53.80264793116572,-1.8115134844194165
02/11/2021 07:20:00,1.022,61,14.6,56,992.25,10,15,19,53.80262660564213,-1.8115029367694062
02/11/2021 07:21:00,0.988,62,14.7,55,992.5,9,16,20,53.80289452293212,-1.8119845290245702
02/11/2021 07:22:00,1.063,60,14.8,55,992.65,9,14,21,53.802969867978995,-1.8122044816897815
02/11/2021 07:23:00,1.045,60,14.8,55,992.59,8,13,20,53.80267092857075,-1.8125007098841532
02/11/2021 07:24:00,0.986,63,14.9,55,993.01,8,14,20,53.802247553065875,-1.8124046023850988
02/11/2021 07:25:00,0.917,65,15.0,56,992.69,6,12,19,53.802246527621804,-1.8127050981822057
02/11/2021 07:26:00,0.88,67,15.0,56,992.47,7,13,19,53.802420191704215,-1.812937550304904
02/11/2021 07:27:00,0.945,64,14.9,56,992.63,6,13,19,53.802736390530384,-1.8131159836307238
02/11/2021 07:28:00,0.967,63,14.9,55,992.67,,,,53.80230284901452,-1.813151982700716
02/11/2021 07:29:00,1.002,62,14.9,57,992.58,6,12,21,53.801981066614744,-1.8132027942065165
02/11/2021 07:30:00,0.976,63,15.0,58,992.48,5,12,21,53.802007703376674,-1.8131428499193165
02/11/2021 07:31:00,0.984,63,14.8,58,992.51,5,12,21,53.801867311743855,-1.8125164463592505
02/11/2021 07:32:00,0.971,63,14.8,57,992.57,5,15,22,53.80193873225875,-1.812721611978447
02/11/2021 07:33:00,0.997,62,14.7,57,992.46,4,14,22,53.802308485539115,-1.8124524737076952
02/11/2021 07:34:00,1.028,61,14.5,57,992.44,4,12,21,53.80221889924904,-1.8119666911560735
02/11/2021 07:35:00,1.003,62,14.4,57,992.44,4,12,22,53.802225905204,-1.8119568569787314
02/11/2021 07:36:00,1.008,62,14.4,58,992.4,3,11,22,53.8022042114734,-1.8119770442498329
02/11/2021 07:37:00,0.962,63,14.3,57,992.41,3,14,22,53.802172519053784,-1.8114118709112936
02/11/2021 07:38:00,0.956,64,14.2,57,992.75,4,15,22,53.801784237065114,-1.8110995347806935
02/11/2021 07:39:00,0.977,63,14.0,56,992.96,4,15,22,53.80178773248149,-1.8110962164280533
02/11/2021 07:40:00,1.066,60,14.2,57,992.92,4,16,22,53.801720396805564,-1.810491794583081
02/11/2021 07:41:00,1.077,59,14.2,57,992.49,5,17,23,53.80179979256697,-1.8102857065523945
02/11/2021 07:42:00,1.113,58,14.3,56,992.63,6,17,22,53.80158467906464,-1.8105131804569823
02/11/2021 07:43:00,1.146,57,14.2,56,992.34,5,18,22,53.80178857934145,-1.8107393708195783
02/11/2021 07:44:00,1.068,59,14.3,56,992.24,5,17,23,53.801633823369286,-1.8109444446034424
02/11/2021 07:45:00,1.074,59,14.3,55,992.25,4,16,24,53.801845304135014,-1.8115449387175218
02/11/2021 07:46:00,0.987,62,14.4,55,992.47,4,16,23,53.801799098304556,-1.8116790105582283
02/11/2021 07:47:00,0.939,64,14.3,54,992.38,4,16,23,53.801803007177995,-1.8114924141479944
02/11/2021 07:48:00,0.948,64,14.5,53,992.27,3,18,23,53.80179082086784,-1.8114962225010804
02/11/2021 07:49:00,0.938,64,14.5,53,991.84,4,19,22,53.80156556103532,-1.8121286247082322
02/11/2021 07:50:00,0.967,63,14.5,52,992.03,4,19,23,53.801742282789924,-1.8120012041505626
02/11/2021 07:51:00,0.904,66,14.4,52,992.13,,,,53.80165644984752,-1.8113999635943114
02/11/2021 07:52:00,1.034,61,14.4,53,992.3,4,17,22,53.801753617667345,-1.8108939952729668
02/11/2021 07:53:00,0.996,62,14.3,53,992.17,5,18,22,53.801714063926426,-1.8103111177626123
02/11/2021 07:54:00,0.943,64,14.2,53,992.22,4,18,21,53.80175337619703,-1.8096507243192053
02/11/2021 07:55:00,0.855,67,14.3,53,991.76,4,17,21,53.80162355893349,-1.809222528863955
02/11/2021 07:56:00,0.844,68,14.4,53,991.16,4,17,22,53.801469618330685,-1.8091638640299608
02/11/2021 07:57:00,0.79,70,14.3,53,991.29,5,19,22,53.80161466212515,-1.809584027541721
02/11/2021 07:58:00,0.772,71,14.3,53,991.32,6,18,22,53.801760775948324,-1.8094587014459227
02/11/2021 07:59:00,0.811,69,14.3,54,990.89,6,18,21,53.8015239472219,-1.8100238815055436
02/11/2021 08:00:00,0.691,74,14.4,55,990.97,5,17,20,53.80117616011973,-1.8096526518125342
02/11/2021 08:01:00,0.662,75,14.3,55,990.93,6,17,20,53.80157542138985,-1.8098276183460442
02/11/2021 08:02:00,0.695,73,14.4,55,991.19,6,17,20,53.80179889967832,-1.8103033079696693
02/11/2021 08:03:00,0.72,72,14.5,54,991.1,,,,53.801509462402514,-1.8105356795069005
02/11/2021 08:04:00,0.758,71,14.4,52,991.59,8,18,21,53.80148659105365,-1.8101907407185203
02/11/2021 08:05:00,0.676,74,14.4,51,991.66,8,17,20,53.801159734314695,-1.8096732297954532
02/11/2021 08:06:00,0.595,77,14.3,51,991.26,7,17,21,53.801336662271254,-1.8095377832781165
02/11/2021 08:07:00,0.588,77,14.4,51,991.21,8,19,22,53.801219605604054,-1.8098171631123412
02/11/2021 08:08:00,0.488,81,14.5,50,991.86,7,18,22,53.80115981170825,-1.8099457166274349
02/11/2021 08:09:00,0.433,83,14.5,51,992.0,8,17,23,53.80116388241472,-1.809618458317723
02/11/2021 08:10:00,0.418,84,14.5,50,992.28,6,18,22,53.8014211474719,-1.8096898581863883
02/11/2021 08:11:00,0.429,83,14.5,49,991.98,6,17,22,53.80143564171415,-1.8096056529492786
02/11/2021 08:12:00,0.431,83,14.5,49,992.38,5,18,22,53.80142031522382,-1.8094960862232583
02/11/2021 08:13:00,0.453,83,14.4,49,992.34,5,16,22,53.80155408287361,-1.8091264650566292
02/11/2021 08:14:00,0.423,84,14.5,49,992.71,6,17,22,53.801408460874356,-1.8088540299434637
02/11/2021 08:15:00,0.38,85,14.6,48,992.83,6,17,21,53.801487797945256,-1.808607771125889
02/11/2021 08:16:00,0.339,87,14.7,48,992.78,7,17,22,53.80133811275685,-1.8089146934638076
02/11/2021 08:17:00,0.352,86,14.8,48,992.83,6,18,22,53.80127048228771,-1.808830830041642
02/11/2021 08:18:00,0.418,84,14.8,48,992.34,4,16,22,53.801561457451534,-1.8088459906066605
02/11/2021 08:19:00,0.387,85,14.8,49,992.13,,,,53.801430621724286,-1.8082189735403715
02/11/2021 08:20:00,0.355,86,14.8,48,992.14,3,17,23,53.80121711873443,-1.8080730198085841
02/11/2021 08:21:00,0.339,87,14.9,48,991.79,4,18,24,53.801359807674196,-1.8083094956597248
02/11/2021 08:22:00,0.417,84,15.0,49,991.81,4,18,24,53.8011970910173,-1.808255131665714
02/11/2021 08:23:00,0.318,88,14.9,50,992.02,5,17,23,53.8014502421838,-1.8079848583466558
02/11/2021 08:24:00,0.312,88,14.8,47,992.04,5,17,23,53.80118179656982,-1.8077926984599775
02/11/2021 08:25:00,0.387,85,14.8,49,992.22,4,18,23,53.80128292211089,-1.8076780993650914
02/11/2021 08:26:00,0.406,84,14.7,46,992.42,3,19,24,53.801539391916926,-1.8071685874127055
02/11/2021 08:27:00,0.404,84,14.6,48,991.92,3,20,24,53.80144236970767,-1.8069762291357374
02/11/2021 08:28:00,0.322,87,14.8,47,992.43,4,20,24,53.80150054492904,-1.8070704890951657
02/11/2021 08:29:00,0.246,90,14.7,47,992.6,3,21,24,53.801231789138654,-1.8070942917735011
02/11/2021 08:30:00,0.198,92,14.7,46,992.91,4,20,23,53.801289175858614,-1.80755650949584
02/11/2021 08:31:00,0.106,96,14.7,48,992.67,4,20,23,53.80127624506678,-1.8074915009035974
02/11/2021 08:32:00,0.15,94,14.4,47,992.26,4,19,23,53.80148278160104,-1.8079092042177387
02/11/2021 08:33:00,0.143,94,14.4,48,992.64,5,19,23,53.801275174766786,-1.8074244176019276
02/11/2021 08:34:00,0.108,95,14.5,49,992.66,5,18,23,53.80167427838853,-1.8072352056787626
02/11/2021 08:35:00,0.119,95,14.6,50,992.79,5,18,23,53.80174131944417,-1.8071966526514993
02/11/2021 08:36:00,0.118,95,14.7,48,992.67,5,17,22,53.8017656565887,-1.807493259172041
02/11/2021 08:37:00,0.23,91,14.7,49,993.07,7,18,22,53.801551991410214,-1.8075186115470256
02/11/2021 08:38:00,0.223,91,14.6,49,993.13,5,16,21,53.801708196895575,-1.8076816646564065
02/11/2021 08:39:00,0.216,91,14.6,50,993.13,6,17,21,53.80178465089371,-1.8073867588346089
02/11/2021 08:40:00,0.206,92,14.4,50,993.18,6,15,20,53.801690889452686,-1.8074091177331169
02/11/2021 08:41:00,0.264,90,14.5,50,992.69,5,14,20,53.8014317378981,-1.8079214162623845
02/11/2021 08:42:00,0.204,92,14.4,51,992.17,6,15,21,53.80144703507493,-1.8077052507190576
02/11/2021 08:43:00,0.107,95,14.4,50,992.28,5,14,21,53.80111737267531,-1.8081048985785286
02/11/2021 08:44:00,0.118,95,14.4,51,992.37,6,15,22,53.80120067220582,-1.8078867717469433
02/11/2021 08:45:00,0.106,96,14.4,51,992.65,6,16,21,53.80153213788433,-1.8077039291116785
02/11/2021 08:46:00,0.042,98,14.4,51,992.9,6,15,20,53.80146838239349,-1.8076175490687714
02/11/2021 08:47:00,0.057,97,14.6,51,992.86,5,15,20,53.80152833427201,-1.807737430617016
02/11/2021 08:48:00,0.04,98,14.7,51,992.78,5,16,19,53.80142435777577,-1.807719179015691
02/11/2021 08:49:00,0.054,97,14.7,50,992.85,4,13,18,53.80154787991251,-1.8079795524465272
02/11/2021 08:50:00,0.154,94,14.6,50,992.92,5,12,17,53.80168479959454,-1.808246112240432
02/11/2021 08:51:00,0.231,91,14.8,50,993.22,4,11,17,53.80143610753918,-1.8087296966157829
02/11/2021 08:52:00,0.081,96,14.6,49,992.94,3,9,17,53.80122665607573,-1.8086858334444844
02/11/2021 08:53:00,0.205,92,14.4,50,992.84,3,8,17,53.801260616586546,-1.808966055334862
02/11/2021 08:54:00,0.21,92,14.4,52,993.34,3,8,17,53.80111716513928,-1.8088505115887934
02/11/2021 08:55:00,0.147,94,14.4,51,993.0,2,9,17,53.8013004660733,-1.8091860223698317
02/11/2021 08:56:00,0.176,93,14.4,51,993.05,2,9,17,53.80117261781216,-1.808489414152198
02/11/2021 08:57:00,0.211,92,14.7,49,993.31,2,6,17,53.80120830756229,-1.8085326512547957
02/11/2021 08:58:00,0.246,90,14.7,49,993.23,2,5,16,53.80135146282675,-1.8084003384599865
02/11/2021 08:59:00,0.28,89,14.8,49,993.13,2,6,16,53.80148863848047,-1.808365461687831
02/11/2021 09:00:00,0.265,90,14.6,50,993.12,3,7,15,53.80163595150139,-1.8079062548221823
02/11/2021 09:01:00,0.262,90,14.4,52,993.42,3,7,14,53.80163930076161,-1.808073813021651
02/11/2021 09:02:00,0.198,92,14.3,53,993.56,3,6,14,53.801522280020194,-1.8078938699977556
02/11/2021 09:03:00,0.213,92,14.2,53,993.23,3,6,14,53.80151295200706,-1.807883747296129
02/11/2021 09:04:00,0.315,88,14.4,52,993.12,3,6,14,53.801115912827655,-1.8080850498698067
02/11/2021 09:05:00,0.343,87,14.5,53,993.45,4,6,14,53.8012781320311,-1.807694809614841
02/11/2021 09:06:00,0.38,85,14.5,52,993.48,4,6,15,53.80121527124727,-1.8078251834374612
02/11/2021 09:07:00,0.436,83,14.6,51,992.88,4,7,15,53.80122035636766,-1.807557772620423
02/11/2021 09:08:00,0.437,83,14.6,51,992.9,4,7,15,53.801548531907144,-1.807213246394324
02/11/2021 09:09:00,0.468,82,14.7,51,993.04,3,6,16,53.80175621455494,-1.8065894362995472
02/11/2021 09:10:00,0.513,80,14.9,51,993.01,3,5,17,53.80174963544833,-1.8065667279690332
02/11/2021 09:11:00,0.57,78,14.9,50,992.83,3,5,17,53.801690385252094,-1.8069649281170324
02/11/2021 09:12:00,0.532,80,14.8,50,992.96,3,7,18,53.801672813597726,-1.8069871017685841
02/11/2021 09:13:00,0.563,78,14.9,50,992.76,3,6,18,53.801405017675165,-1.8072828895901951
02/11/2021 09:14:00,0.607,77,14.9,50,992.45,3,7,19,53.80146094471311,-1.8073241556651536
02/11/2021 09:15:00,0.695,73,14.7,50,992.54,3,7,18,53.80136177675284,-1.8070406176198206
02/11/2021 09:16:00,0.696,73,14.6,51,992.57,3,7,18,53.80143553187998,-1.8067662066201005
02/11/2021 09:17:00,0.762,71,14.5,50,992.5,3,6,18,53.80132948402074,-1.8062096214029746
02/11/2021 09:18:00,0.773,71,14.7,49,992.41,3,7,17,53.80133884827205,-1.8061581152889423
02/11/2021 09:19:00,0.886,66,14.7,49,992.49,3,8,17,53.80130590521468,-1.8064298691351295
02/11/2021 09:20:00,0.884,66,14.9,49,992.47,3,8,18,53.80129896706632,-1.8064707812621033
02/11/2021 09:21:00,0.886,66,14.9,49,992.36,2,8,18,53.80156493577876,-1.8060549200292666
02/11/2021 09:22:00,0.908,65,14.9,49,992.17,2,7,19,53.80180511662632,-1.806628575690688
02/11/2021 09:23:00,0.833,68,14.7,48,992.26,3,8,17,53.80184462166312,-1.8071599631423
02/11/2021 09:24:00,0.81,69,14.7,48,992.07,4,9,18,53.80165775347685,-1.8073389938681612
02/11/2021 09:25:00,0.831,68,14.6,48,991.67,3,8,18,53.80168921810761,-1.8072564657505772
02/11/2021 09:26:00,0.88,67,14.7,47,991.82,3,8,17,53.80166003381082,-1.8073328482309192
02/11/2021 09:27:00,0.812,69,14.9,47,991.84,3,8,16,53.80197192326055,-1.8073633933100475
02/11/2021 09:28:00,0.829,68,14.9,47,991.82,4,8,16,53.801662159194315,-1.8075039427185675
02/11/2021 09:29:00,0.827,68,14.8,46,991.21,4,8,16,53.80162764561524,-1.8067792181111468
02/11/2021 09:30:00,0.879,67,14.8,47,991.21,4,8,16,53.8015224523068,-1.8068708078551272
02/11/2021 09:31:00,0.848,68,14.9,47,991.23,4,9,16,53.80113767548925,-1.8067471353303157
02/11/2021 09:32:00,0.814,69,14.8,47,991.14,4,9,16,53.80114356045169,-1.806791808729332
02/11/2021 09:33:00,0.783,70,14.9,47,990.83,4,8,16,53.80121449505735,-1.8070310982817064
02/11/2021 09:34:00,0.733,72,14.9,48,990.25,5,8,16,53.80144118424712,-1.8069324469549874
02/11/2021 09:35:00,0.684,74,14.9,48,990.22,5,9,16,53.80149534533896,-1.806367374822743
02/11/2021 09:36:00,0.699,73,14.9,48,990.58,5,9,15,53.80159411409606,-1.8063054180460998
02/11/2021 09:37:00,0.604,77,14.9,48,990.34,5,9,16,53.80153515034832,-1.8066245305008422
02/11/2021 09:38:00,0.539,79,15.0,50,990.48,,,,53.80135303273824,-1.8068736866173354
02/11/2021 09:39:00,0.569,78,14.9,48,990.18,7,10,17,53.80123459638004,-1.806157868772452
02/11/2021 09:40:00,0.621,76,14.9,48,990.17,6,9,17,53.8012917558695,-1.8063324715189053
02/11/2021 09:41:00,0.571,78,14.9,47,989.89,7,9,17,53.80158930415093,-1.8064448481432582
02/11/2021 09:42:00,0.602,77,14.7,47,989.86,6,8,17,53.80187848062009,-1.8066297211043145
02/11/2021 09:43:00,0.58,78,14.7,47,990.27,7,9,17,53.801800742604584,-1.806703495217895
02/11/2021 09:44:00,0.637,76,14.8,47,989.88,7,9,17,53.80178684628372,-1.8070377761977352
02/11/2021 09:45:00,0.694,73,14.7,47,989.93,6,9,16,53.80182922341674,-1.8070520484293533
02/11/2021 09:46:00,0.651,75,14.7,46,990.14,7,9,17,53.801423716894725,-1.8073300806093475
02/11/2021 09:47:00,0.729,72,14.6,46,990.29,6,8,17,53.80143940419358,-1.8073507320262576
02/11/2021 09:48:00,0.721,72,14.6,46,990.63,6,8,17,53.80129336974842,-1.8070324068544594
02/11/2021 09:49:00,0.701,73,14.5,46,991.18,6,7,17,53.8014884783184,-1.8067129163626827
02/11/2021 09:50:00,0.657,75,14.5,46,991.46,7,9,17,53.80149262950807,-1.8068394335097
02/11/2021 09:51:00,0.682,74,14.6,46,991.18,7,9,18,53.80173527862949,-1.8062313148810893
02/11/2021 09:52:00,0.734,72,14.6,49,990.98,6,9,17,53.80178527480337,-1.8061524723400428
02/11/2021 09:53:00,0.634,76,14.5,51,990.81,5,7,17,53.80142353004176,-1.8057158834138833
02/11/2021 09:54:00,0.596,77,14.7,50,990.73,6,8,17,53.80145619603152,-1.8054597246938218
02/11/2021 09:55:00,0.477,82,14.7,50,991.1,6,7,17,53.8013145309002,-1.8055176378581306
02/11/2021 09:56:00,0.542,79,14.7,49,991.09,6,7,17,53.801379655484524,-1.805497277895253
02/11/2021 09:57:00,0.528,80,14.8,49,991.31,,,,53.80175466563215,-1.8055216245749388
02/11/2021 09:58:00,0.513,80,14.8,51,991.01,5,7,17,53.80180777816368,-1.8052572239133722
02/11/2021 09:59:00,0.463,82,14.9,50,991.21,6,7,17,53.802050679065125,-1.8046190905310688
02/11/2021 10:00:00,0.488,81,14.8,51,991.06,8,9,18,53.80196905308619,-1.8045505499927201
02/11/2021 10:01:00,0.382,85,14.8,51,991.35,7,9,18,53.801932292295,-1.804642699670947
02/11/2021 10:02:00,0.399,85,14.8,51,991.39,6,9,20,53.80192055922235,-1.804636916890451
02/11/2021 10:03:00,0.368,86,14.9,52,991.88,6,9,20,53.801895801504074,-1.8040779079360167
02/11/2021 10:04:00,0.403,84,14.8,53,991.74,6,8,19,53.80212340080499,-1.8046746368808786
02/11/2021 10:05:00,0.47,82,14.7,53,992.01,4,6,18,53.80210904414892,-1.8053272646137462
02/11/2021 10:06:00,0.452,83,14.7,54,991.97,4,6,18,53.80235926774,-1.8057828916718905
02/11/2021 10:07:00,0.565,78,14.7,55,992.17,5,7,18,53.80208550981346,-1.805424187235432
02/11/2021 10:08:00,0.571,78,14.8,54,992.16,4,6,19,53.802077298728676,-1.8061029997389302
02/11/2021 10:09:00,0.567,78,14.5,54,992.39,5,7,19,53.801979007916636,-1.8067904519636044
02/11/2021 10:10:00,0.523,80,14.5,53,992.5,4,6,18,53.80196574187367,-1.8067709578911206
02/11/2021 10:11:00,0.48,81,14.6,54,992.61,3,5,18,53.801936270069795,-1.8067036319159282
02/11/2021 10:12:00,0.459,82,14.5,54,992.29,,,,53.80195178084839,-1.8071566871173246
02/11/2021 10:13:00,0.453,82,14.5,53,992.35,4,6,19,53.801959659719344,-1.8071495703381828
02/11/2021 10:14:00,0.438,83,14.6,53,992.1,6,8,19,53.80160421307007,-1.807151094674655
02/11/2021 10:15:00,0.321,87,14.6,54,992.4,5,8,18,53.80157817574034,-1.8072520387551512
02/11/2021 10:16:00,0.318,88,14.6,55,992.36,6,9,17,53.801631943722164,-1.807783038379025
02/11/2021 10:17:00,0.418,84,14.4,54,992.65,6,9,17,53.80128877262518,-1.80824690630455
02/11/2021 10:18:00,0.435,83,14.5,54,992.95,5,9,17,53.80133274052741,-1.8084765918761871
02/11/2021 10:19:00,0.443,83,14.4,54,992.81,5,9,17,53.80130253310862,-1.8084471290692674
02/11/2021 10:20:00,0.442,83,14.5,54,992.48,6,9,17,53.80155773067994,-1.808600398692121
02/11/2021 10:21:00,0.461,82,14.6,53,992.41,6,10,16,53.80121679378947,-1.8089405680875137
02/11/2021 10:22:00,0.454,82,14.6,53,992.5,7,10,16,53.80112363943268,-1.8087403153233177
02/11/2021 10:23:00,0.473,82,14.7,53,992.13,8,11,17,53.80130337395749,-1.8086571692002222
02/11/2021 10:24:00,0.53,80,14.6,53,992.59,6,8,15,53.80128804720964,-1.8088136466991263
02/11/2021 10:25:00,0.606,77,14.6,53,992.78,6,8,16,53.801355791296395,-1.8087015522534287
02/11/2021 10:26:00,0.57,78,14.7,52,992.58,6,9,17,53.80136455614751,-1.808632836251353
02/11/2021 10:27:00,0.566,78,14.7,52,992.58,6,9,17,53.80137049097453,-1.8085366988942122
02/11/2021 10:28:00,0.605,77,14.7,52,992.67,7,9,18,53.80137255457701,-1.808531097874202
02/11/2021 10:29:00,0.586,78,14.6,50,992.62,8,10,19,53.80136226070374,-1.808508592160407
02/11/2021 10:30:00,0.582,78,14.6,50,992.86,8,10,18,53.80110489584092,-1.8082643940379042
02/11/2021 10:31:00,0.56,78,14.5,49,992.74,8,10,18,53.80140913349984,-1.8081089206549164
02/11/2021 10:32:00,0.475,82,14.4,51,992.54,8,10,17,53.80175878303385,-1.808570328469499
02/11/2021 10:33:00,0.482,81,14.4,51,992.35,7,9,16,53.80183906831393,-1.8090161080065887
02/11/2021 10:34:00,0.487,81,14.4,51,992.56,7,9,15,53.80172597306674,-1.8089158679212092
02/11/2021 10:35:00,0.502,81,14.5,50,992.34,7,9,16,53.80175249537808,-1.808185154733699
02/11/2021 10:36:00,0.519,80,14.5,50,992.33,6,7,15,53.80171655845658,-1.8080751559399857
02/11/2021 10:37:00,0.541,79,14.5,51,992.15,5,6,14,53.801700930492714,-1.8079333281957122
02/11/2021 10:38:00,0.586,78,14.4,50,992.24,5,6,14,53.801738156878315,-1.8078093300207951
02/11/2021 10:39:00,0.578,78,14.6,50,992.27,4,5,13,53.80201419856839,-1.8079675246308011
02/11/2021 10:40:00,0.567,78,14.7,50,992.13,3,4,12,53.80191538225051,-1.8078607365628272
02/11/2021 10:41:00,0.682,74,14.9,49,992.11,3,5,13,53.802260120145405,-1.8076405684659196
02/11/2021 10:42:00,0.666,75,14.9,49,991.92,2,4,12,53.802135122987835,-1.8075048153106161
02/11/2021 10:43:00,0.662,75,14.9,49,991.8,3,4,13,53.80195397426595,-1.8068156741803412
02/11/2021 10:44:00,0.542,79,15.0,50,991.6,3,5,14,53.80169220343402,-1.8070121043808056
02/11/2021 10:45:00,0.568,78,15.0,49,991.05,4,5,13,53.80143402251772,-1.8073170706376072
02/11/2021 10:46:00,0.582,78,14.9,50,991.27,4,6,13,53.8016271484763,-1.8069538068040025
02/11/2021 10:47:00,0.613,76,14.8,49,991.3,4,7,13,53.80143040121769,-1.8066644652803532
02/11/2021 10:48:00,0.686,74,14.9,49,991.43,4,6,13,53.80133359853364,-1.8062733876670412
02/11/2021 10:49:00,0.678,74,14.7,49,991.72,5,6,13,53.80137315888011,-1.806442884598108
02/11/2021 10:50:00,0.664,75,14.6,48,991.85,5,6,13,53.80119591707203,-1.8070929174090073
02/11/2021 10:51:00,0.639,76,14.5,49,991.5,4,6,13,53.80120928073072,-1.8070924160054547
02/11/2021 10:52:00,0.57,78,14.4,51,991.72,4,6,12,53.80134318241952,-1.807450690348838
02/11/2021 10:53:00,0.584,78,14.4,51,991.89,5,6,13,53.80149408264026,-1.8072375952716033
02/11/2021 10:54:00,0.425,84,14.5,51,991.6,4,5,12,53.80126129346919,-1.8071787728765791
02/11/2021 10:55:00,0.327,87,14.4,52,991.23,3,4,12,53.801351158978925,-1.807533015669515
02/11/2021 10:56:00,0.314,88,14.3,52,991.09,4,5,11,53.80130115403134,-1.8073021721309548
02/11/2021 10:57:00,0.316,88,14.3,51,990.78,5,6,12,53.80147854346602,-1.807320254936836
02/11/2021 10:58:00,0.325,87,14.2,50,990.81,4,5,12,53.80156474323346,-1.8077471393636084
02/11/2021 10:59:00,0.238,91,14.3,50,990.81,4,5,11,53.80162230302841,-1.8076263718286114
02/11/2021 11:00:00,0.285,89,14.4,49,990.75,4,6,12,53.801409637276016,-1.8077344587667528
02/11/2021 11:01:00,0.344,87,14.4,49,991.13,4,6,14,53.801400523607036,-1.8077106699315004
02/11/2021 11:02:00,0.363,86,14.3,49,991.35,5,7,14,53.80171689135197,-1.8082193854217543
02/11/2021 11:03:00,0.303,88,14.4,50,991.5,5,8,15,53.80170008634367,-1.8081823619981634
02/11/2021 11:04:00,0.255,90,14.6,49,991.05,4,7,14,53.80165344692056,-1.8083903195022168
02/11/2021 11:05:00,0.217,91,14.6,51,990.45,4,6,14,53.801318823293876,-1.8083237629184488
02/11/2021 11:06:00,0.188,92,14.6,51,990.55,3,6,14,53.80163006461859,-1.8084135448111607
02/11/2021 11:07:00,0.179,93,14.6,52,990.68,4,8,14,53.80175827078274,-1.808130445629402
02/11/2021 11:08:00,0.201,92,14.5,52,991.26,4,7,13,53.80177817352158,-1.8081131526363738
02/11/2021 11:09:00,0.246,90,14.6,51,991.29,4,8,12,53.8016054096662,-1.8082435563327715
02/11/2021 11:10:00,0.274,89,14.5,51,991.88,4,7,10,53.801272316203665,-1.8083168331021358
02/11/2021 11:11:00,0.277,89,14.6,52,992.09,4,7,10,53.801482318197785,-1.8079677731908683
02/11/2021 11:12:00,0.304,88,14.6,53,992.58,4,6,10,53.801476145391945,-1.80796865030226
02/11/2021 11:13:00,0.302,88,14.8,54,992.28,3,5,9,53.80149046953156,-1.8076016365368583
02/11/2021 11:14:00,0.215,91,14.8,53,992.61,3,5,10,53.80147499275187,-1.8079637140143512
02/11/2021 11:15:00,0.206,92,14.7,54,993.18,3,4,11,53.801229002236546,-1.807450485257903
02/11/2021 11:16:00,0.239,91,14.7,54,993.18,3,4,11,53.801226961903566,-1.8074547186752878
02/11/2021 11:17:00,0.228,91,14.8,53,992.89,3,3,10,53.801484527340946,-1.8079110900214799
02/11/2021 11:18:00,0.206,92,14.9,52,992.61,3,4,10,53.801461622787976,-1.807850592228337
02/11/2021 11:19:00,0.222,91,14.8,53,992.44,2,3,10,53.801325432486976,-1.807965383278782
02/11/2021 11:20:00,0.293,88,14.8,53,992.58,3,3,11,53.801156757636136,-1.8080899892332503
02/11/2021 11:21:00,0.247,90,14.6,52,992.56,3,4,11,53.80117858487953,-1.8079637234982109
02/11/2021 11:22:00,0.247,90,14.5,53,992.56,3,4,10,53.801107433439476,-1.8079128360970926
02/11/2021 11:23:00,0.238,91,14.6,54,992.72,3,3,10,53.801134749582175,-1.8074307231654576
02/11/2021 11:24:00,0.19,92,14.5,54,993.01,3,3,10,53.801179370377,-1.8073746901899188
02/11/2021 11:25:00,0.254,90,14.4,55,992.42,3,3,10,53.80125796330399,-1.8073051134971987
02/11/2021 11:26:00,0.289,89,14.4,54,992.35,2,3,10,53.80149543493209,-1.8071897927556648
02/11/2021 11:27:00,0.297,88,14.3,54,992.37,3,4,11,53.801762777089934,-1.8075587022476722
02/11/2021 11:28:00,0.314,88,14.3,52,992.42,3,4,11,53.80171402470813,-1.807222409667857
02/11/2021 11:29:00,0.216,91,14.4,51,992.28,3,4,12,53.80163404439148,-1.806808467798405
02/11/2021 11:30:00,0.22,91,14.5,52,992.38,4,5,13,53.8018490182486,-1.8067989193301044
02/11/2021 11:31:00,0.255,90,14.5,52,992.32,3,4,12,53.80158089914733,-1.8066320345506846
02/11/2021 11:32:00,0.272,89,14.5,52,992.43,3,4,12,53.8018576606966,-1.8068168411762398
02/11/2021 11:33:00,0.237,91,14.5,51,992.39,3,4,12,53.80189592611681,-1.8066867526022607
02/11/2021 11:34:00,0.227,91,14.6,52,992.22,3,4,13,53.80209060276873,-1.8065245691949754
02/11/2021 11:35:00,0.204,92,14.6,51,992.21,4,5,13,53.8019414568748,-1.8059804501698664
02/11/2021 11:36:00,0.266,90,14.5,50,992.16,7,8,14,53.802120044341216,-1.8064598777838206
02/11/2021 11:37:00,0.378,85,14.4,50,992.12,5,7,13,53.8018840336485,-1.8068784299410319
02/11/2021 11:38:00,0.435,83,14.5,50,991.93,5,7,12,53.80191689481932,-1.8067956065596495
02/11/2021 11:39:00,0.407,84,14.3,51,991.89,4,6,12,53.80191884355508,-1.8068036340457538
02/11/2021 11:40:00,0.476,82,14.3,51,991.81,4,5,12,53.80187427913812,-1.8063778982579926
02/11/2021 11:41:00,0.414,84,14.2,51,992.03,4,6,11,53.80163908803754,-1.8059003116290966
02/11/2021 11:42:00,0.391,85,14.2,51,992.15,4,5,10,53.801662162912045,-1.8055979451427964
02/11/2021 11:43:00,0.433,83,14.3,51,992.5,4,6,11,53.80137303274713,-1.805915420860528
02/11/2021 11:44:00,0.529,80,14.3,51,992.16,5,6,12,53.801492216911164,-1.8061373244704393
02/11/2021 11:45:00,0.579,78,14.4,51,992.15,6,7,12,53.80174570559458,-1.8059315402937834
02/11/2021 11:46:00,0.603,77,14.4,51,992.21,,,,53.801917128499056,-1.8057787652306665
02/11/2021 11:47:00,0.681,74,14.5,51,992.27,8,9,14,53.80194890713898,-1.8057362713558214
02/11/2021 11:48:00,0.683,74,14.4,49,992.43,8,9,15,53.80194191740592,-1.8057423642738804
02/11/2021 11:49:00,0.724,72,14.4,50,992.43,8,11,17,53.80172119801632,-1.8062598509962888
02/11/2021 11:50:00,0.713,73,14.4,50,992.47,10,12,17,53.801730705319756,-1.8062526042744536
02/11/2021 11:51:00,0.737,72,14.4,49,992.2,8,11,16,53.80174644092043,-1.8061709193794078
02/11/2021 11:52:00,0.67,74,14.4,49,992.05,8,11,16,53.80196752511251,-1.8064747981058131
02/11/2021 11:53:00,0.733,72,14.4,47,992.08,9,11,16,53.802049306561244,-1.8063583989405723
02/11/2021 11:54:00,0.691,74,14.3,48,991.74,9,12,17,53.801807612284584,-1.8062060069895882
02/11/2021 11:55:00,0.761,71,14.3,49,991.62,10,12,18,53.80162055707983,-1.8063737120054009
02/11/2021 11:56:00,0.724,72,14.4,49,991.73,9,12,17,53.80162032942456,-1.8059032468178364
02/11/2021 11:57:00,0.674,74,14.4,49,991.82,9,13,17,53.80158630488941,-1.8053029467161819
02/11/2021 11:58:00,0.673,74,14.3,48,991.58,10,15,17,53.80151956031587,-1.8053560741369017
02/11/2021 11:59:00,0.72,73,14.4,49,992.08,10,14,17,53.80145478733725,-1.8057729053065104
02/11/2021 12:00:00,0.762,71,14.4,49,992.18,9,15,17,53.80139092801624,-1.805911586086111
02/11/2021 12:01:00,0.804,69,14.5,50,992.06,9,14,16,53.80152545828088,-1.8055582100236356
02/11/2021 12:02:00,0.793,70,14.3,50,992.41,,,,53.80164544249137,-1.8061833316783777
02/11/2021 12:03:00,0.765,71,14.3,52,992.5,9,14,17,53.80170232827117,-1.8063121315532589
02/11/2021 12:04:00,0.682,74,14.2,51,992.82,9,14,18,53.80175790505374,-1.8059575136810948
02/11/2021 12:05:00,0.653,75,14.3,52,992.94,9,14,17,53.80195769870723,-1.8057135681595538
02/11/2021 12:06:00,0.654,75,14.5,51,993.19,8,14,17,53.80194117085507,-1.8055176965680106
02/11/2021 12:07:00,0.655,75,14.4,52,993.45,8,13,17,53.80157869078724,-1.8055667027504754
02/11/2021 12:08:00,0.706,73,14.4,52,993.74,8,13,16,53.801578889706356,-1.805580847746417
02/11/2021 12:09:00,0.746,72,14.5,52,993.41,7,13,16,53.80156789605458,-1.8055610071006365
02/11/2021 12:10:00,0.814,69,14.4,53,993.86,8,13,16,53.8016752865455,-1.8061566432054452
02/11/2021 12:11:00,0.833,68,14.4,54,993.54,8,13,17,53.80176549291257,-1.8058102779500775
02/11/2021 12:12:00,0.72,73,14.4,53,993.33,8,14,17,53.80186230448993,-1.8057629383189546
02/11/2021 12:13:00,0.78,70,14.2,53,993.18,7,13,15,53.801753534361616,-1.8053421032417998
02/11/2021 12:14:00,0.808,69,14.2,54,993.55,7,13,15,53.80212842867103,-1.8052248842161174
02/11/2021 12:15:00,0.867,67,14.0,53,993.71,7,10,13,53.80198902228013,-1.8046168711697155
02/11/2021 12:16:00,0.841,68,14.0,53,993.59,6,10,13,53.80206315770721,-1.8047432154766576
02/11/2021 12:17:00,0.911,65,14.0,54,993.65,6,11,13,53.80210012509254,-1.8044501080093016
02/11/2021 12:18:00,0.937,64,13.9,54,993.78,7,12,14,53.80236162800271,-1.804932758343654
02/11/2021 12:19:00,0.928,65,13.9,53,993.56,8,12,15,53.80249353970529,-1.8056492884502955
02/11/2021 12:20:00,0.979,63,13.9,54,993.63,7,10,15,53.80260080789606,-1.8062378318686758
02/11/2021 12:21:00,0.949,64,13.7,53,993.85,8,11,15,53.80257388177374,-1.8062540734690535
02/11/2021 12:22:00,0.971,63,13.7,52,993.7,9,12,15,53.80254299615882,-1.806293495417373
02/11/2021 12:23:00,0.974,63,13.6,51,993.45,8,12,15,53.802847002237016,-1.8059120072995616
02/11/2021 12:24:00,1.0,62,13.7,53,992.89,8,11,14,53.80289471878155,-1.8057433269708987
02/11/2021 12:25:00,0.989,62,13.7,52,993.12,8,11,14,53.80262947448622,-1.8056146913038589
02/11/2021 12:26:00,0.995,62,13.8,52,993.21,8,10,14,53.80273593504339,-1.8057403247463029
02/11/2021 12:27:00,0.965,63,13.7,51,992.76,7,9,14,53.80305434214142,-1.8052541853764488
02/11/2021 12:28:00,1.013,62,13.6,51,992.55,7,9,14,53.802896982172754,-1.8053345878405456
02/11/2021 12:29:00,1.054,60,13.5,51,992.56,7,9,14,53.802906459699585,-1.805358640403002
02/11/2021 12:30:00,1.059,60,13.6,52,992.16,7,9,13,53.80292489850204,-1.805372791980002
02/11/2021 12:31:00,1.075,59,13.9,51,992.03,8,9,14,53.802949112054804,-1.8055400267469848
02/11/2021 12:32:00,1.101,58,13.9,51,991.71,6,8,14,53.802595311646805,-1.8056903124965267
02/11/2021 12:33:00,1.083,59,13.9,52,991.81,7,9,15,53.8025866140297,-1.8056396314365524
02/11/2021 12:34:00,1.079,59,14.1,52,991.79,6,9,14,53.80251692619056,-1.8056031370318737
02/11/2021 12:35:00,1.025,61,14.1,52,992.02,8,11,14,53.80232815750593,-1.80565023060017
02/11/2021 12:36:00,1.108,58,14.0,51,992.28,9,12,15,53.802134420052575,-1.8054213297013333
02/11/2021 12:37:00,1.107,58,14.1,50,992.36,7,9,14,53.80237261511854,-1.8055036564625113
02/11/2021 12:38:00,1.162,56,14.1,49,991.82,5,9,13,53.80199448541863,-1.8056514322839194
02/11/2021 12:39:00,1.155,56,14.1,50,991.89,5,9,12,53.80208375320015,-1.8061027313269937
02/11/2021 12:40:00,1.208,54,14.2,51,991.44,4,8,11,53.80184739862255,-1.8062573941154763
02/11/2021 12:41:00,1.256,52,14.1,51,991.65,5,9,12,53.80153545611337,-1.8067846748358063
02/11/2021 12:42:00,1.303,51,14.1,50,991.84,5,9,13,53.80151510715251,-1.80700381270198
02/11/2021 12:43:00,1.277,52,14.0,49,991.91,6,10,14,53.80119464539765,-1.807293076472221
02/11/2021 12:44:00,1.259,52,14.0,48,991.63,6,10,14,53.80119260823905,-1.807291717047464
02/11/2021 12:45:00,1.23,53,14.0,49,991.36,6,11,14,53.80121569236606,-1.8071847568521462
02/11/2021 12:46:00,1.267,52,14.0,49,991.48,4,10,14,53.801458947978695,-1.8071372328224975
02/11/2021 12:47:00,1.197,55,14.1,49,990.95,4,9,13,53.801833832735134,-1.8072412058797938
02/11/2021 12:48:00,1.205,54,14.0,50,990.73,4,9,13,53.80184109245156,-1.8072328567139595
02/11/2021 12:49:00,1.279,52,14.0,49,990.64,4,9,12,53.801559593289625,-1.806789670226235
02/11/2021 12:50:00,1.224,54,13.9,48,990.58,4,9,12,53.801758782629506,-1.8066145516043621
02/11/2021 12:51:00,1.257,52,13.8,48,990.4,4,10,13,53.801414439586225,-1.8067266645234457
02/11/2021 12:52:00,1.352,49,13.8,47,990.31,4,10,12,53.80143537396951,-1.8064553141790773
02/11/2021 12:53:00,1.399,47,13.6,47,990.12,4,9,12,53.80154277065593,-1.806199734721099
02/11/2021 12:54:00,1.345,49,13.5,47,990.06,,,,53.80139786343787,-1.8065319827152666
02/11/2021 12:55:00,1.376,48,13.6,47,989.79,4,10,13,53.80112127758376,-1.806757792178423
02/11/2021 12:56:00,1.304,51,13.6,46,990.01,5,10,13,53.80143022408603,-1.8067310264057246
02/11/2021 12:57:00,1.341,49,13.6,47,990.25,5,10,12,53.80147383583849,-1.8060427718637133
02/11/2021 12:58:00,1.35,49,13.7,46,990.73,,,,53.801433683880425,-1.8060865142801443
02/11/2021 12:59:00,1.35,49,13.8,47,990.64,6,10,12,53.801440201433586,-1.8061779575133166
02/11/2021 13:00:00,1.327,50,13.6,47,990.55,6,11,13,53.80149978500796,-1.8062854698777964
02/11/2021 13:01:00,1.355,49,13.7,47,990.7,6,11,14,53.801498882143164,-1.8058518263736507
02/11/2021 13:02:00,1.234,53,13.8,47,990.27,5,11,13,53.8018602468213,-1.8062082349146564
02/11/2021 13:03:00,1.282,51,13.8,48,990.02,4,10,13,53.801825230753145,-1.8063737273941307
02/11/2021 13:04:00,1.269,52,13.9,47,989.83,3,9,14,53.80182746133929,-1.8065876721994187
02/11/2021 13:05:00,1.242,53,13.7,47,989.76,3,9,14,53.80176847738301,-1.8068175506177664
02/11/2021 13:06:00,1.178,55,13.6,47,989.84,3,10,15,53.80153067417774,-1.8068025168445583
02/11/2021 13:07:00,1.147,56,13.6,47,989.44,3,11,15,53.801569386927305,-1.806744518877071
02/11/2021 13:08:00,1.168,56,13.5,46,989.5,3,11,15,53.80154757485112,-1.8066244456829414
02/11/2021 13:09:00,1.168,56,13.5,46,989.46,3,10,15,53.80155901657904,-1.8066852214502218
02/11/2021 13:10:00,1.153,56,13.5,46,989.78,3,9,15,53.801563570657486,-1.8071973230872396
02/11/2021 13:11:00,1.085,59,13.5,46,989.91,2,8,14,53.80143355342258,-1.8066297598573187
02/11/2021 13:12:00,1.055,60,13.6,47,989.73,2,8,14,53.80156593515099,-1.8070047680606502
02/11/2021 13:13:00,1.05,60,13.5,47,989.68,2,8,14,53.801428293903655,-1.8067161926085262
02/11/2021 13:14:00,1.049,60,13.3,48,989.76,2,7,14,53.80165575443076,-1.8065519251690523
02/11/2021 13:15:00,1.034,61,13.3,47,989.81,2,7,15,53.801638148008635,-1.8065751380960133
02/11/2021 13:16:00,1.029,61,13.4,47,990.09,2,8,15,53.801688378760325,-1.806858721743985
02/11/2021 13:17:00,0.998,62,13.4,45,989.9,2,8,15,53.801375154480134,-1.806554241727561
02/11/2021 13:18:00,0.994,62,13.4,45,989.66,2,8,15,53.80131476542806,-1.806447956200394
02/11/2021 13:19:00,0.89,66,13.5,46,989.67,3,8,14,53.80116719282434,-1.8065823832758112
02/11/2021 13:20:00,0.769,71,13.5,46,989.77,3,8,14,53.801231424539175,-1.8072512798918816
02/11/2021 13:21:00,0.901,66,13.5,47,989.49,3,8,13,53.801382178259665,-1.8069682909714215
02/11/2021 13:22:00,0.978,63,13.5,46,989.37,3,8,12,53.80126797479526,-1.8068329827139267
02/11/2021 13:23:00,0.933,65,13.5,46,989.88,3,8,12,53.80154201086063,-1.8067324620667475
02/11/2021 13:24:00,0.897,66,13.7,47,989.71,3,9,12,53.80178326836486,-1.807170014170205
02/11/2021 13:25:00,0.884,66,13.8,47,989.75,3,8,12,53.80162916396624,-1.8076106251447304
02/11/2021 13:26:00,0.886,66,13.6,48,989.48,3,8,12,53.80184317763232,-1.807778916086655
02/11/2021 13:27:00,0.955,64,13.6,48,989.46,3,9,13,53.8016749158876,-1.8073579527371508
02/11/2021 13:28:00,0.943,64,13.8,48,989.46,4,9,14,53.80165205353069,-1.8071955484696423
02/11/2021 13:29:00,0.996,62,13.8,49,989.53,4,9,14,53.801564398147484,-1.8069876563948697
02/11/2021 13:30:00,1.043,60,13.6,48,989.61,4,9,13,53.80168273175025,-1.8063614410321873
02/11/2021 13:31:00,1.101,58,13.5,50,989.54,3,8,12,53.80158240902431,-1.8067161298783823
02/11/2021 13:32:00,1.121,57,13.4,50,989.48,3,8,13,53.80176259332902,-1.8072986851467405
02/11/2021 13:33:00,1.073,59,13.5,49,989.36,3,8,13,53.80148540831455,-1.8078711326261956
02/11/2021 13:34:00,1.153,56,13.6,49,989.12,2,9,13,53.80176661160081,-1.807886787634838
02/11/2021 13:35:00,1.11,58,13.7,50,988.94,3,8,12,53.80136770240391,-1.8077724109808992
02/11/2021 13:36:00,1.123,57,13.8,49,989.06,3,8,13,53.80171897682891,-1.8076900370049418
02/11/2021 13:37:00,1.147,56,13.8,50,989.11,4,10,14,53.80188484300984,-1.807289606230139
02/11/2021 13:38:00,1.126,57,13.8,51,989.0,6,12,15,53.80188801962754,-1.8075721951375108
02/11/2021 13:39:00,1.127,57,13.7,51,989.04,4,12,15,53.80203722884966,-1.8078767630482573
02/11/2021 13:40:00,1.176,55,13.6,52,988.95,4,11,15,53.8020811890106,-1.8074476822326828
02/11/2021 13:41:00,1.157,56,13.5,52,989.2,3,11,15,53.802126217466615,-1.807241730486636
02/11/2021 13:42:00,1.105,58,13.8,52,989.13,3,11,15,53.80210189547566,-1.807167922374892
02/11/2021 13:43:00,1.138,57,13.9,51,988.78,3,11,15,53.80174823995681,-1.806964401388896
02/11/2021 13:44:00,1.138,57,14.0,52,988.72,3,11,16,53.80187227255574,-1.8068635500499874
02/11/2021 13:45:00,1.188,55,13.9,51,988.15,4,12,15,53.80201575208162,-1.8064444596697544
02/11/2021 13:46:00,1.148,56,13.9,51,988.03,3,13,15,53.802063808815696,-1.8069115138218743
02/11/2021 13:47:00,1.211,54,14.1,51,987.51,3,12,15,53.80185312623479,-1.8070008235368606
02/11/2021 13:48:00,1.247,53,13.8,52,987.21,3,12,16,53.801498358855326,-1.8068009224074222
02/11/2021 13:49:00,1.291,51,14.1,50,987.35,3,12,16,53.80123993261737,-1.8069479565122435
02/11/2021 13:50:00,1.221,54,14.0,50,987.38,3,11,15,53.8012873094085,-1.806339314098708
02/11/2021 13:51:00,1.272,52,14.1,50,987.2,3,11,15,53.801437904580766,-1.8069841242760099
02/11/2021 13:52:00,1.261,52,14.0,50,987.31,4,13,15,53.801431421624116,-1.806973016178456
02/11/2021 13:53:00,1.316,50,14.0,50,986.69,3,13,16,53.80124376494561,-1.8071855073351037
02/11/2021 13:54:00,1.308,50,14.1,48,986.87,4,12,15,53.80122926680204,-1.8069182149410843
02/11/2021 13:55:00,1.311,50,14.0,47,986.69,5,13,16,53.80158666904415,-1.806824301343971
02/11/2021 13:56:00,1.278,52,14.0,48,986.94,5,13,15,53.801210004452585,-1.8064486444318457
02/11/2021 13:57:00,1.253,53,14.0,47,986.59,4,14,16,53.80121773277337,-1.806316017343343
02/11/2021 13:58:00,1.242,53,13.8,48,986.97,4,12,15,53.80114578997528,-1.806220922235885
02/11/2021 13:59:00,1.292,51,13.6,48,987.03,4,12,16,53.801402907601975,-1.8063297478125961
02/11/2021 14:00:00,1.281,51,13.7,48,986.81,3,11,16,53.80142735887163,-1.8063153382506314
02/11/2021 14:01:00,1.273,52,13.7,49,986.77,4,12,17,53.80118419201878,-1.8062688287853694
02/11/2021 14:02:00,1.326,50,13.7,49,986.46,5,14,17,53.801375449326095,-1.80575033326893
02/11/2021 14:03:00,1.385,48,13.7,48,986.37,4,14,17,53.801344934000525,-1.8058339820376172
02/11/2021 14:04:00,1.394,47,13.9,49,986.44,5,14,17,53.80132115155012,-1.8061549653651119
02/11/2021 14:05:00,1.479,44,13.7,49,986.56,5,13,16,53.801298562699266,-1.806167996894652
02/11/2021 14:06:00,1.479,44,13.6,50,986.45,5,12,15,53.80126148792478,-1.806094851776793
02/11/2021 14:07:00,1.583,40,13.6,50,986.4,5,12,15,53.801178355220735,-1.8056932914154031
02/11/2021 14:08:00,1.591,40,13.7,48,986.29,4,11,13,53.80123361382705,-1.8057706470227481
02/11/2021 14:09:00,1.589,40,13.7,48,986.44,4,11,13,53.80124801903749,-1.8057830625221283
02/11/2021 14:10:00,1.675,37,13.7,47,986.31,3,10,14,53.80148045766638,-1.8063575836030044
02/11/2021 14:11:00,1.664,37,13.9,47,986.53,3,11,15,53.801255845538805,-1.8058668424572093
02/11/2021 14:12:00,1.738,34,13.9,45,986.26,3,10,15,53.801596327528195,-1.8056729111567196
02/11/2021 14:13:00,1.748,34,14.0,45,986.36,3,10,15,53.80171505880991,-1.8059358511259729
02/11/2021 14:14:00,1.694,36,14.1,45,986.82,2,9,15,53.8017164920366,-1.805914681600746
02/11/2021 14:15:00,1.543,42,14.2,46,987.06,3,9,16,53.801565118794244,-1.806401257343577
02/11/2021 14:16:00,1.568,41,14.1,44,987.28,3,9,15,53.80174264972883,-1.8070366950879944
02/11/2021 14:17:00,1.558,41,14.1,45,986.91,,,,53.80175541288135,-1.806769263395023
02/11/2021 14:18:00,1.567,41,14.2,44,987.14,3,10,15,53.80185511284456,-1.8066698567387116
02/11/2021 14:19:00,1.597,40,14.3,44,987.09,4,10,15,53.80149617565438,-1.806646959526471
02/11/2021 14:20:00,1.609,39,14.3,44,986.72,3,11,16,53.80118720171768,-1.8062336629936986
02/11/2021 14:21:00,1.718,35,14.4,44,986.82,5,13,18,53.80125495377213,-1.8062388154564393
02/11/2021 14:22:00,1.664,37,14.3,44,986.36,4,11,17,53.80122457984396,-1.805645476713004
02/11/2021 14:23:00,1.698,36,14.4,45,986.46,3,10,16,53.80144844817067,-1.8051523923900041
02/11/2021 14:24:00,1.734,34,14.5,45,986.36,3,12,19,53.801453960525265,-1.8055626451579576
02/11/2021 14:25:00,1.846,30,14.7,45,986.68,3,15,19,53.80136217716033,-1.8054231544912402
02/11/2021 14:26:00,1.964,26,14.6,47,986.63,2,15,20,53.801367135148205,-1.805415207160207
02/11/2021 14:27:00,1.869,29,14.8,48,986.6,2,15,19,53.80164870551366,-1.8052527271888907
02/11/2021 14:28:00,1.774,33,14.8,48,986.7,3,16,19,53.80182496574811,-1.805244392560232
02/11/2021 14:29:00,1.702,36,14.9,48,986.71,4,16,20,53.80200794527856,-1.8046478222441416
02/11/2021 14:30:00,1.609,39,14.7,48,986.86,4,15,19,53.801797446236044,-1.8046626391075038
02/11/2021 14:31:00,1.585,40,14.6,47,986.79,3,16,19,53.80161854460897,-1.8041812828509596
02/11/2021 14:32:00,1.485,44,14.6,49,986.88,4,15,18,53.801638415153086,-1.8036731375374706
02/11/2021 14:33:00,1.476,44,14.5,48,986.82,4,14,18,53.80204286264031,-1.8035868988912067
02/11/2021 14:34:00,1.413,47,14.5,48,986.81,4,13,18,53.80195727935825,-1.803643018163637
02/11/2021 14:35:00,1.419,46,14.5,48,986.33,3,12,18,53.80184039365811,-1.803301925181106
02/11/2021 14:36:00,1.422,46,14.2,47,986.55,3,9,16,53.80192043931565,-1.802957545449883
02/11/2021 14:37:00,1.402,47,14.2,48,986.68,4,11,17,53.80191749480887,-1.8025416847744813
02/11/2021 14:38:00,1.523,42,14.3,47,987.09,4,10,17,53.80213143790327,-1.802740616088283
02/11/2021 14:39:00,1.531,42,14.3,47,987.08,4,10,17,53.80201128985447,-1.803131655326692
02/11/2021 14:40:00,1.541,42,14.3,46,987.21,4,10,17,53.8023980296947,-1.802990232860735
02/11/2021 14:41:00,1.574,40,14.2,46,987.8,3,9,16,53.80230927168503,-1.803073516030648
02/11/2021 14:42:00,1.558,41,14.2,48,987.61,3,9,17,53.80247287993395,-1.8036654940437267
02/11/2021 14:43:00,1.67,37,14.1,47,988.18,3,9,17,53.802520016697414,-1.8036440009019805
02/11/2021 14:44:00,1.625,39,14.1,48,988.36,4,9,18,53.80241145629865,-1.803738949362191
02/11/2021 14:45:00,1.603,39,13.9,47,988.7,4,8,18,53.80217232229003,-1.8039284831107538
02/11/2021 14:46:00,1.637,38,13.9,48,989.29,4,8,18,53.802165341834424,-1.8039180554806862
02/11/2021 14:47:00,1.708,35,14.0,48,989.05,5,9,17,53.802194188824984,-1.8041080648250338
02/11/2021 14:48:00,1.694,36,14.0,48,989.49,5,10,17,53.80181809235111,-1.8045187919482923
02/11/2021 14:49:00,1.741,34,14.1,48,989.29,6,11,17,53.80190458507033,-1.8046951024455107
02/11/2021 14:50:00,1.776,33,14.1,47,989.2,,,,53.80158552825758,-1.8051397175309465
02/11/2021 14:51:00,1.717,35,14.3,48,989.09,7,9,16,53.80130218682352,-1.8049132497261826
02/11/2021 14:52:00,1.693,36,14.2,48,988.86,6,7,16,53.80157469807297,-1.8049749046262504
02/11/2021 14:53:00,1.704,36,14.0,49,989.09,6,7,16,53.801830590155184,-1.804726539511197
02/11/2021 14:54:00,1.727,35,13.9,48,989.37,6,8,17,53.80213273794659,-1.8047823376176095
02/11/2021 14:55:00,1.75,34,13.9,49,989.44,6,7,16,53.80212486105537,-1.8047221096603647
02/11/2021 14:56:00,1.694,36,13.7,49,989.18,5,6,16,53.80221011037462,-1.8045530441340216
02/11/2021 14:57:00,1.75,34,13.9,48,988.73,5,7,16,53.80223063748694,-1.8045738646721885
02/11/2021 14:58:00,1.794,32,13.7,47,987.44,7,10,16,53.80229307354116,-1.8045941371084646
02/11/2021 14:59:00,1.92,28,13.8,47,987.45,8,9,16,53.80200462613379,-1.8045235140622051
02/11/2021 15:00:00,1.859,30,13.7,47,987.17,7,9,17,53.80220787716285,-1.8045616913592424
02/11/2021 15:01:00,1.859,30,13.7,47,987.25,6,8,17,53.80209645564979,-1.805186792559156
02/11/2021 15:02:00,1.884,29,13.8,47,987.45,6,8,18,53.80213230203171,-1.805199037532465
02/11/2021 15:03:00,1.917,28,13.8,46,987.59,6,8,19,53.80208555446371,-1.8055547374854846
02/11/2021 15:04:00,1.877,29,13.8,47,987.88,6,10,18,53.80217890813538,-1.805558437370915
02/11/2021 15:05:00,1.813,32,13.8,49,987.73,6,10,17,53.80239519970799,-1.8056198244523607
02/11/2021 15:06:00,1.771,33,13.8,50,988.32,7,10,18,53.802309847450196,-1.8049357624727478
02/11/2021 15:07:00,1.737,34,13.9,50,988.65,6,9,19,53.80231931074016,-1.8049607601300146
02/11/2021 15:08:00,1.831,31,14.1,48,988.5,6,9,19,53.80218143254147,-1.804549990646689
02/11/2021 15:09:00,1.879,29,14.0,51,988.5,6,8,19,53.8021394101612,-1.8046748936633774
02/11/2021 15:10:00,1.829,31,14.0,50,989.19,6,8,18,53.80191316797243,-1.8045248443274804
02/11/2021 15:11:00,1.827,31,14.0,51,989.5,6,7,18,53.801768533352146,-1.8045535140542288
02/11/2021 15:12:00,1.778,33,13.9,51,989.61,5,6,18,53.80170968440217,-1.8043946521985414
02/11/2021 15:13:00,1.722,35,13.9,51,989.89,5,6,16,53.80195069657148,-1.8039125423221012
02/11/2021 15:14:00,1.63,38,13.7,51,989.84,4,6,15,53.80159920923568,-1.8043346077788909
02/11/2021 15:15:00,1.65,38,13.6,50,989.71,4,6,15,53.8015978918646,-1.8043925584922238
02/11/2021 15:16:00,1.644,38,13.4,50,990.01,4,6,15,53.80169446523449,-1.8044635444357922
02/11/2021 15:17:00,1.58,40,13.4,51,990.36,3,5,15,53.801980589656225,-1.8045427620647225
02/11/2021 15:18:00,1.596,40,13.5,51,990.79,3,5,15,53.802117583687796,-1.8052238340952784
02/11/2021 15:19:00,1.565,41,13.6,51,990.89,3,5,15,53.80212741736679,-1.805235086058201
02/11/2021 15:20:00,1.593,40,13.5,50,991.14,4,5,15,53.80223318864924,-1.8052837186684207
02/11/2021 15:21:00,1.574,40,13.4,50,990.59,3,4,15,53.802407004877026,-1.8048803061052534
02/11/2021 15:22:00,1.59,40,13.4,51,990.45,4,6,15,53.802408900609606,-1.8048750971763445
02/11/2021 15:23:00,1.655,37,13.3,49,990.97,4,6,15,53.80236187128574,-1.8049513608367491
02/11/2021 15:24:00,1.644,38,13.4,49,990.96,3,5,14,53.80236157658412,-1.804953226761754
02/11/2021 15:25:00,1.665,37,13.2,50,991.17,3,5,13,53.8023479081973,-1.8048560875040232
02/11/2021 15:26:00,1.692,36,13.2,50,991.14,3,5,15,53.80254006463814,-1.8051517310854912
02/11/2021 15:27:00,1.708,35,13.2,51,991.05,3,5,15,53.80237884462749,-1.8055733037874042
02/11/2021 15:28:00,1.733,35,13.3,51,990.84,3,5,16,53.80216099621648,-1.8057254410353436
02/11/2021 15:29:00,1.777,33,13.3,51,990.09,2,5,16,53.80215277917864,-1.8057768468978912
02/11/2021 15:30:00,1.824,31,13.5,52,989.92,3,6,16,53.802220689381286,-1.805539014757998
02/11/2021 15:31:00,1.842,30,13.7,51,989.79,3,6,15,53.80230819964308,-1.8053506124070124
02/11/2021 15:32:00,1.77,33,13.7,51,989.91,4,7,14,53.802379165455754,-1.8046476133252787
02/11/2021 15:33:00,1.751,34,13.5,51,989.95,4,8,15,53.80237970682056,-1.8046545439573785
02/11/2021 15:34:00,1.761,33,13.4,51,989.97,5,9,16,53.802382005183986,-1.80465386550874
02/11/2021 15:35:00,1.756,34,13.3,50,989.86,4,8,15,53.80260130791643,-1.8046752073547732
02/11/2021 15:36:00,1.806,32,13.3,51,989.65,5,7,16,53.80269504909869,-1.8051959358637144
02/11/2021 15:37:00,1.815,31,13.4,51,989.14,5,7,15,53.80266634302567,-1.804891149454498
02/11/2021 15:38:00,1.878,29,13.4,50,989.05,4,6,15,53.802699780653676,-1.804692234492
02/11/2021 15:39:00,1.853,30,13.3,51,988.68,4,7,16,53.8027029592815,-1.8042794541255363
02/11/2021 15:40:00,1.79,32,13.3,52,988.56,4,7,17,53.802472627350596,-1.8039519122388157
02/11/2021 15:41:00,1.794,32,13.3,51,988.4,4,7,18,53.80281800593004,-1.8040462686964753
02/11/2021 15:42:00,1.735,34,13.2,51,988.5,3,6,18,53.802810892672284,-1.8040447846970922
02/11/2021 15:43:00,1.715,35,13.2,51,988.65,4,6,18,53.802397653341565,-1.8042625645266832
02/11/2021 15:44:00,1.717,35,13.2,51,989.04,4,7,19,53.802194171909484,-1.8047172819802808
02/11/2021 15:45:00,1.589,40,13.3,51,988.76,5,8,18,53.802186690960305,-1.8047012370553392
02/11/2021 15:46:00,1.562,41,13.6,52,988.69,5,8,18,53.801818942501434,-1.804525584977205
02/11/2021 15:47:00,1.529,42,13.5,52,988.6,5,9,18,53.80187272886619,-1.8043174519864782
02/11/2021 15:48:00,1.6,40,13.7,50,988.58,6,10,19,53.8019582970216,-1.8043256836051007
02/11/2021 15:49:00,1.61,39,13.9,49,988.48,7,11,20,53.80202447861458,-1.8046824564046555
02/11/2021 15:50:00,1.616,39,13.9,50,988.37,7,12,20,53.80211706211943,-1.804671887581826
02/11/2021 15:51:00,1.615,39,13.6,49,988.69,8,12,20,53.80197054614372,-1.8048915077750736
02/11/2021 15:52:00,1.616,39,13.6,48,988.45,7,11,20,53.80197266622832,-1.8049166540482473
02/11/2021 15:53:00,1.603,39,13.6,47,988.03,6,10,20,53.80208935475338,-1.8045492969472365
02/11/2021 15:54:00,1.607,39,13.5,47,987.99,7,10,19,53.80208585439757,-1.804548094450391
02/11/2021 15:55:00,1.616,39,13.7,48,987.86,6,10,20,53.802115665192,-1.8045005347003469
02/11/2021 15:56:00,1.556,41,13.7,48,988.19,6,10,21,53.80179862806011,-1.8047058347614169
02/11/2021 15:57:00,1.583,40,13.7,48,988.07,5,10,20,53.80163433944552,-1.8053183699370314
02/11/2021 15:58:00,1.543,42,13.8,47,988.0,5,10,20,53.80187871196436,-1.8048586980876338
02/11/2021 15:59:00,1.616,39,13.9,47,987.93,5,9,20,53.80184841094495,-1.8049774528789826
02/11/2021 16:00:00,1.616,39,13.9,47,987.3,4,9,20,53.802223989322165,-1.8050355568024476
02/11/2021 16:01:00,1.608,39,14.0,47,987.25,3,9,20,53.80240839652939,-1.8053103336404266
02/11/2021 16:02:00,1.713,35,14.0,47,987.05,3,7,19,53.80216375663763,-1.8050237998272234
02/11/2021 16:03:00,1.716,35,14.0,46,987.4,3,7,19,53.80253463957666,-1.8050534085863748
02/11/2021 16:04:00,1.704,36,13.9,48,987.45,3,6,20,53.80252743378977,-1.8056182014815443
02/11/2021 16:05:00,1.719,35,13.9,48,987.32,3,7,21,53.80269048064578,-1.805784173543288
02/11/2021 16:06:00,1.739,34,13.8,49,987.24,3,7,20,53.80285499981166,-1.8050963766230006
02/11/2021 16:07:00,1.799,32,13.8,49,987.32,3,9,22,53.80320659447563,-1.8051350269558741
02/11/2021 16:08:00,1.792,32,14.0,48,987.12,3,8,21,53.80304765579586,-1.8051392014150502
02/11/2021 16:09:00,1.793,32,14.1,47,987.27,3,8,21,53.80304540114566,-1.8051635984430752
02/11/2021 16:10:00,1.733,35,14.1,48,987.37,2,7,21,53.80296716466515,-1.8051295684388653
02/11/2021 16:11:00,1.825,31,14.2,48,987.37,3,8,21,53.8028811244839,-1.8051920392497378
02/11/2021 16:12:00,1.828,31,14.2,47,987.05,3,8,22,53.8025610178841,-1.805446066233366
02/11/2021 16:13:00,1.826,31,14.0,47,986.97,3,8,22,53.80255015250684,-1.8048463411027937
02/11/2021 16:14:00,1.794,32,13.9,47,987.37,3,9,23,53.80235275767739,-1.8050853037318817
02/11/2021 16:15:00,1.759,34,13.9,47,986.8,4,8,23,53.80235025866134,-1.8049511709697077
02/11/2021 16:16:00,1.831,31,13.9,46,987.26,4,9,24,53.80261066693785,-1.8050704441077854
02/11/2021 16:17:00,1.857,30,13.9,46,987.7,4,9,24,53.80277623027659,-1.805171366009938
02/11/2021 16:18:00,1.825,31,13.7,44,988.13,5,10,24,53.80316169693955,-1.8048116722828753
02/11/2021 16:19:00,1.807,32,13.5,45,988.03,6,13,23,53.80352757411922,-1.8044804836546715
02/11/2021 16:20:00,1.87,29,13.4,45,988.19,6,13,24,53.80387335863724,-1.8048047819268798
02/11/2021 16:21:00,1.913,28,13.6,45,988.58,5,13,23,53.80386215233253,-1.8053561874544186
02/11/2021 16:22:00,1.871,29,13.6,45,988.75,4,12,23,53.804061093165,-1.8057924750806238
02/11/2021 16:23:00,1.887,29,13.7,45,988.8,4,13,23,53.80450851255057,-1.8057276801561073
02/11/2021 16:24:00,1.936,27,13.7,46,988.87,5,15,24,53.804622378563636,-1.8055708834490398
02/11/2021 16:25:00,1.862,30,13.8,45,988.29,6,17,24,53.80456155521295,-1.805273500608964
02/11/2021 16:26:00,1.877,29,14.0,46,988.23,6,16,22,53.80427717780912,-1.8052909697879864
02/11/2021 16:27:00,1.818,31,13.9,46,988.14,7,16,22,53.804298340596645,-1.8053170659488702
02/11/2021 16:28:00,1.83,31,14.0,47,988.32,7,19,22,53.804365267537264,-1.804731092514355
02/11/2021 16:29:00,1.848,30,14.0,47,987.95,7,20,23,53.80392865060462,-1.804684171536558
02/11/2021 16:30:00,1.838,31,13.8,46,987.8,9,19,23,53.80392637425112,-1.8046914139802757
02/11/2021 16:31:00,1.825,31,13.8,47,987.97,7,17,22,53.80368810377286,-1.8042683542404934
02/11/2021 16:32:00,1.796,32,13.7,48,988.08,5,16,22,53.80383937249739,-1.8037978201067375
02/11/2021 16:33:00,1.78,33,13.6,47,987.73,4,17,22,53.80391115226668,-1.8036184489762
02/11/2021 16:34:00,1.717,35,13.6,48,987.68,,,,53.8036895829815,-1.8036807799924637
02/11/2021 16:35:00,1.668,37,13.6,47,988.25,4,15,22,53.80363669009054,-1.8034872981008452
02/11/2021 16:36:00,1.661,37,13.7,46,988.12,4,17,23,53.80397900054584,-1.8032227151016127
02/11/2021 16:37:00,1.608,39,13.8,48,987.81,5,18,24,53.80369937272388,-1.803099774696789
02/11/2021 16:38:00,1.606,39,13.9,48,987.59,7,20,24,53.80367502984588,-1.8031437943040003
02/11/2021 16:39:00,1.665,37,13.8,48,987.47,6,20,24,53.803697517229466,-1.8031546958503866
02/11/2021 16:40:00,1.592,40,13.8,46,987.72,6,20,23,53.80334638767569,-1.8034822304260623
02/11/2021 16:41:00,1.549,41,13.8,47,987.54,5,20,24,53.8034247014125,-1.8029974894021221
02/11/2021 16:42:00,1.503,43,13.9,47,987.58,5,16,24,53.803193293745174,-1.8031554681601012
02/11/2021 16:43:00,1.579,40,14.0,49,987.64,5,15,23,53.80319119085934,-1.8031537149093502
02/11/2021 16:44:00,1.654,37,14.0,47,987.24,6,14,23,53.80320076597459,-1.8031380475885934
02/11/2021 16:45:00,1.719,35,14.0,46,987.1,6,16,24,53.80298099828056,-1.8032799351992685
02/11/2021 16:46:00,1.805,32,14.0,46,987.07,7,17,25,53.80305598853447,-1.803266291254696
02/11/2021 16:47:00,1.861,30,14.0,46,986.85,7,17,25,53.802987843296144,-1.8029968507586114
02/11/2021 16:48:00,1.942,27,13.8,46,986.61,9,17,25,53.80292136191986,-1.8030930875938527
02/11/2021 16:49:00,1.956,26,13.7,45,986.67,8,16,25,53.80301167577485,-1.8028077060995567
02/11/2021 16:50:00,1.974,25,13.9,45,987.21,7,17,25,53.80314702231636,-1.802661266283854
02/11/2021 16:51:00,1.915,28,13.9,46,987.44,7,17,26,53.8031482461086,-1.8026037671881059
02/11/2021 16:52:00,1.961,26,14.0,48,987.38,6,19,26,53.80290791010336,-1.8029332927376183
02/11/2021 16:53:00,1.976,25,14.0,49,987.3,6,17,26,53.80309651482706,-1.803473259780941
02/11/2021 16:54:00,1.905,28,14.1,50,987.58,5,19,27,53.803093358490365,-1.8035189850619735
02/11/2021 16:55:00,1.935,27,14.1,50,987.72,7,18,26,53.803178521278625,-1.803493002326814
02/11/2021 16:56:00,1.838,31,14.2,50,987.86,7,18,27,53.80324085860838,-1.8039010866780647
02/11/2021 16:57:00,1.925,27,14.1,50,988.3,7,18,28,53.80294449949353,-1.8040709200685254
02/11/2021 16:58:00,1.867,29,14.1,50,988.43,9,21,28,53.802862881108986,-1.804461085190056
02/11/2021 16:59:00,1.935,27,14.1,50,988.5,7,19,28,53.802626844906186,-1.8048722562684836
02/11/2021 17:00:00,1.934,27,14.2,50,988.23,7,19,28,53.802901163194285,-1.8050067532117169
02/11/2021 17:01:00,1.921,27,14.4,50,988.26,,,,53.802540867006876,-1.8048691251890667
02/11/2021 17:02:00,1.917,28,14.3,50,988.43,9,20,29,53.802612274125046,-1.8052887726509996
02/11/2021 17:03:00,1.91,28,14.0,49,988.13,9,20,31,53.802967190741896,-1.8054065297076975
02/11/2021 17:04:00,1.96,26,14.0,49,988.17,10,20,30,53.8029507589149,-1.8053892710653794
02/11/2021 17:05:00,1.969,26,14.1,49,988.37,9,21,30,53.802838035140425,-1.8059503060072266
02/11/2021 17:06:00,1.939,27,14.1,50,988.3,8,19,29,53.80251603248631,-1.8055631790002349
02/11/2021 17:07:00,1.958,26,14.2,51,988.12,8,20,30,53.8028875808247,-1.8055720956198666
02/11/2021 17:08:00,1.991,25,14.2,50,987.87,10,20,29,53.80319194432227,-1.8055415575687468
02/11/2021 17:09:00,1.951,26,14.4,51,987.8,11,24,30,53.80317873005755,-1.8055259673637598
02/11/2021 17:10:00,1.966,26,14.6,52,988.04,12,25,31,53.80311453004187,-1.805388050739925
02/11/2021 17:11:00,1.978,25,14.6,52,988.35,12,26,31,53.80331878421925,-1.805661787356977
02/11/2021 17:12:00,1.99,25,14.6,51,987.61,12,26,30,53.80349044176478,-1.805801234060212
02/11/2021 17:13:00,1.922,27,14.8,52,988.12,11,25,31,53.80387506450171,-1.8061389895091846
02/11/2021 17:14:00,1.894,28,14.8,51,987.99,14,26,30,53.80387797765811,-1.8061269811774665
02/11/2021 17:15:00,1.901,28,14.9,51,988.06,14,25,30,53.8039085966867,-1.8062468670784588
02/11/2021 17:16:00,1.966,26,15.0,51,988.04,13,23,30,53.803837931429214,-1.8062746465224977
02/11/2021 17:17:00,1.969,26,14.9,51,988.45,10,21,30,53.80367878210749,-1.8065704592242837
02/11/2021 17:18:00,1.986,25,14.9,50,988.35,11,21,31,53.8036773059599,-1.805849206800657
02/11/2021 17:19:00,1.85,30,14.7,49,988.19,14,21,31,53.80387898573614,-1.8055491548565532
02/11/2021 17:20:00,1.851,30,14.7,49,987.89,14,20,29,53.80404280414942,-1.8054849261168244
02/11/2021 17:21:00,1.838,31,14.7,49,987.63,13,22,29,53.803960559999055,-1.8052107505898214
02/11/2021 17:22:00,1.832,31,14.6,49,987.77,14,23,30,53.80401953454587,-1.8046366174731003
02/11/2021 17:23:00,1.738,34,14.6,49,987.36,14,23,30,53.80398519317016,-1.8045952742458387
02/11/2021 17:24:00,1.678,37,14.6,48,987.54,13,22,29,53.80405628400946,-1.8043962391266586
02/11/2021 17:25:00,1.611,39,14.6,48,987.55,10,20,29,53.804048602106214,-1.8043708301021963
02/11/2021 17:26:00,1.637,38,14.4,49,987.82,9,23,30,53.80441804922983,-1.8039577574503591
02/11/2021 17:27:00,1.539,42,14.4,48,988.06,9,25,29,53.80444793558617,-1.8039807788048745
02/11/2021 17:28:00,1.564,41,14.3,46,987.95,7,25,29,53.80432868596579,-1.804234323224599
02/11/2021 17:29:00,1.42,46,14.3,46,987.88,8,23,28,53.80472106887852,-1.8042157571433874
02/11/2021 17:30:00,1.397,47,14.3,46,987.98,8,23,28,53.80451127375661,-1.8038792880393961
02/11/2021 17:31:00,1.472,44,14.3,47,987.99,9,24,29,53.804728325995605,-1.8037990167966933
02/11/2021 17:32:00,1.465,45,14.1,47,988.0,11,25,29,53.80458382774934,-1.8038496117219058
02/11/2021 17:33:00,1.51,43,14.1,46,988.15,11,24,29,53.80418607288919,-1.8038983698289357
02/11/2021 17:34:00,1.477,44,14.0,47,987.97,11,24,30,53.804203968648345,-1.8039368028770977
02/11/2021 17:35:00,1.597,40,13.8,47,987.81,11,24,30,53.804312209489076,-1.803915167413432
02/11/2021 17:36:00,1.628,38,13.8,48,987.49,8,23,30,53.80410953922663,-1.803764459102395
02/11/2021 17:37:00,1.512,43,13.7,48,987.88,8,21,31,53.80385423739226,-1.8031855064347666
02/11/2021 17:38:00,1.5,43,13.7,48,987.72,10,22,31,53.80386470374114,-1.8032304278061637
02/11/2021 17:39:00,1.484,44,13.8,49,987.51,8,18,31,53.80396471555152,-1.8034562354731634
02/11/2021 17:40:00,1.514,43,13.8,49,987.31,,,,53.80393746915667,-1.8033890702075321
02/11/2021 17:41:00,1.481,44,14.0,49,987.7,7,17,30,53.80391056547251,-1.8028155373019497
02/11/2021 17:42:00,1.519,43,14.0,47,987.71,6,17,30,53.80423027594746,-1.8030227808390786
02/11/2021 17:43:00,1.513,43,14.1,47,987.45,7,18,29,53.804160486358555,-1.8037395400517084
02/11/2021 17:44:00,1.561,41,14.0,46,987.43,8,16,29,53.80455550295294,-1.8034409887348035
02/11/2021 17:45:00,1.539,42,13.8,46,987.57,8,18,29,53.804230324290415,-1.803520182238879
02/11/2021 17:46:00,1.49,44,13.9,46,987.43,7,15,29,53.804072629624976,-1.8032551176142266
02/11/2021 17:47:00,1.443,45,14.0,47,987.13,7,17,29,53.80418457428298,-1.8030231103514878
02/11/2021 17:48:00,1.43,46,14.1,48,987.19,9,19,29,53.804187457668164,-1.8025938439491866
02/11/2021 17:49:00,1.344,49,14.2,47,986.91,8,18,29,53.80419051457449,-1.802608812396092
02/11/2021 17:50:00,1.368,48,14.1,47,986.65,8,20,30,53.804098152630026,-1.8024248631379838
02/11/2021 17:51:00,1.366,48,14.4,47,986.4,7,18,30,53.80387262192883,-1.802710535154539
02/11/2021 17:52:00,1.381,48,14.2,47,986.69,7,18,29,53.80412294147032,-1.802641781398029
02/11/2021 17:53:00,1.378,48,14.2,47,986.47,7,16,28,53.8043893253583,-1.802350100006421
02/11/2021 17:54:00,1.33,50,14.2,48,986.51,7,17,28,53.80446117877291,-1.8030313886780986
02/11/2021 17:55:00,1.365,48,14.2,50,986.32,6,19,29,53.80476374911472,-1.8024961743172674
02/11/2021 17:56:00,1.348,49,14.2,51,986.52,5,16,28,53.804986705934425,-1.8021893097309882
02/11/2021 17:57:00,1.437,46,14.0,50,986.68,6,17,28,53.80498036304969,-1.8021084178302378
02/11/2021 17:58:00,1.413,47,13.9,51,986.78,4,17,28,53.804951704093966,-1.8023387357712808
02/11/2021 17:59:00,1.468,44,14.1,51,987.59,3,15,27,53.80500865610637,-1.8024110373063635
02/11/2021 18:00:00,1.404,47,14.1,51,987.48,3,17,26,53.80506082050616,-1.8024212947018416
02/11/2021 18:01:00,1.48,44,14.2,52,987.76,4,22,26,53.804677485603506,-1.8024789036541644
02/11/2021 18:02:00,1.53,42,14.3,52,987.73,4,19,24,53.80465584458866,-1.8024882496990564
02/11/2021 18:03:00,1.588,40,14.3,52,987.59,5,20,25,53.80497078000834,-1.8022902990716745
02/11/2021 18:04:00,1.584,40,14.1,52,987.65,5,19,24,53.80489769026486,-1.8025293577167316
02/11/2021 18:05:00,1.473,44,14.2,51,987.6,4,19,24,53.80519536842661,-1.8022769044158378
02/11/2021 18:06:00,1.488,44,14.3,51,987.68,4,17,24,53.805161083791944,-1.8022685788593653
02/11/2021 18:07:00,1.486,44,14.5,49,987.38,6,18,25,53.8053228298525,-1.8022538875806657
02/11/2021 18:08:00,1.575,40,14.6,50,987.2,5,16,24,53.805312237561694,-1.8019349879323971
02/11/2021 18:09:00,1.56,41,14.5,50,987.04,3,17,23,53.80547123066525,-1.8019127829759993
02/11/2021 18:10:00,1.613,39,14.5,50,986.86,4,16,22,53.80538259400437,-1.8024901387357188
02/11/2021 18:11:00,1.653,38,14.7,50,986.97,4,15,22,53.80527917604587,-1.801817179669066
02/11/2021 18:12:00,1.689,36,14.7,49,987.24,4,15,23,53.80566328423698,-1.801746113001407
02/11/2021 18:13:00,1.799,32,14.7,50,987.08,3,15,23,53.80579383812166,-1.8015967590791604
02/11/2021 18:14:00,1.858,30,14.7,50,987.61,3,13,23,53.80592918050042,-1.8016443441585408
02/11/2021 18:15:00,1.824,31,14.8,50,987.81,4,15,24,53.80621299641373,-1.80146633688484
02/11/2021 18:16:00,1.834,31,15.0,51,987.56,4,14,24,53.80632148010407,-1.8015691640124796
02/11/2021 18:17:00,1.783,33,15.0,53,987.63,4,15,24,53.805949197385544,-1.8013780461555116
02/11/2021 18:18:00,1.761,33,15.0,52,987.33,4,14,23,53.805904811118715,-1.8015480753563355
02/11/2021 18:19:00,1.784,33,14.9,52,987.47,3,12,23,53.805777813183795,-1.8012216332377504
02/11/2021 18:20:00,1.764,33,14.8,52,987.33,5,13,23,53.80565273769547,-1.8012921874506644
02/11/2021 18:21:00,1.724,35,14.8,52,987.31,5,15,24,53.80568341892829,-1.801223470263878
02/11/2021 18:22:00,1.768,33,14.9,53,987.16,5,14,24,53.80554314576913,-1.8005642523862329
02/11/2021 18:23:00,1.815,31,15.0,53,987.09,5,16,24,53.80563411270515,-1.800629140357898
02/11/2021 18:24:00,1.76,33,14.9,53,987.42,6,17,25,53.80555295207181,-1.8006637519104458
02/11/2021 18:25:00,1.777,33,15.0,53,987.62,5,13,24,53.80547394946214,-1.800914258562547
02/11/2021 18:26:00,1.872,29,14.9,51,987.38,5,12,22,53.80545188518005,-1.800179133654254
02/11/2021 18:27:00,1.893,29,14.9,52,987.11,6,13,23,53.805613716064734,-1.799909975388796
02/11/2021 18:28:00,1.852,30,14.9,52,987.08,5,13,24,53.80579104902592,-1.7996154824863115
02/11/2021 18:29:00,1.842,30,14.8,52,987.29,4,10,22,53.80591650745808,-1.7996422471038487
02/11/2021 18:30:00,1.918,28,14.7,51,987.58,4,10,22,53.80588477165816,-1.7996914380410283
02/11/2021 18:31:00,1.884,29,14.8,50,987.5,,,,53.80587927945943,-1.7998075314385324
02/11/2021 18:32:00,1.891,29,14.7,52,987.68,4,12,23,53.80615178937208,-1.799272344628927
02/11/2021 18:33:00,1.852,30,14.6,53,987.79,4,12,24,53.80620320819889,-1.7994825684806695
02/11/2021 18:34:00,1.871,29,14.5,53,988.2,5,14,26,53.806124944640146,-1.7994596083997467
02/11/2021 18:35:00,1.914,28,14.4,53,988.24,4,11,25,53.806140376931644,-1.7994968966387375
02/11/2021 18:36:00,1.851,30,14.3,51,988.09,4,13,26,53.80621505941547,-1.7995780759947329
02/11/2021 18:37:00,1.865,30,14.3,52,988.05,3,12,28,53.80631067792849,-1.7996544406397363
02/11/2021 18:38:00,1.886,29,14.3,52,988.46,3,13,27,53.80634556356247,-1.7992040930861815
02/11/2021 18:39:00,1.923,27,14.1,52,988.31,5,14,26,53.80618989092491,-1.7994783039612576
02/11/2021 18:40:00,1.932,27,14.1,52,988.21,5,14,26,53.80584418329312,-1.7994977058016104
02/11/2021 18:41:00,1.898,28,14.1,52,988.25,5,13,25,53.805804249307464,-1.8000270643838687
02/11/2021 18:42:00,1.853,30,14.1,52,988.15,5,12,25,53.80603448913632,-1.7997724284707641
02/11/2021 18:43:00,1.889,29,14.2,53,987.97,6,13,24,53.8061132613044,-1.7995641767291288
02/11/2021 18:44:00,1.873,29,14.3,54,988.11,7,13,23,53.806158000522075,-1.7996306554335408
02/11/2021 18:45:00,1.827,31,14.4,53,988.09,6,12,23,53.80650501151267,-1.7999102616701557
02/11/2021 18:46:00,1.824,31,14.2,53,988.11,7,14,23,53.80625899012176,-1.8003729922128633
02/11/2021 18:47:00,1.854,30,14.0,53,987.87,7,14,23,53.80613750223938,-1.8001760307679209
02/11/2021 18:48:00,1.89,29,14.1,54,987.97,7,14,22,53.805920984788074,-1.7999547783440482
02/11/2021 18:49:00,1.901,28,14.1,55,987.97,7,14,23,53.805896999235046,-1.799257606587558
02/11/2021 18:50:00,1.846,30,14.2,55,987.99,6,14,23,53.80578963738057,-1.7994514672566615
02/11/2021 18:51:00,1.884,29,14.4,55,987.96,,,,53.805456135145135,-1.7997571463072304
02/11/2021 18:52:00,1.876,29,14.4,56,988.09,7,15,21,53.80547554474408,-1.7993499545663743
02/11/2021 18:53:00,1.926,27,14.5,55,987.6,6,15,21,53.80559257645032,-1.7987098525112573
02/11/2021 18:54:00,1.885,29,14.6,56,987.34,5,15,21,53.80565335398536,-1.7983500768358422
02/11/2021 18:55:00,1.978,25,14.8,57,987.58,4,14,20,53.80559474353618,-1.798786871088519
02/11/2021 18:56:00,1.953,26,14.6,56,987.37,4,14,19,53.80549358304457,-1.799152022885831
02/11/2021 18:57:00,1.967,26,14.5,55,987.74,4,13,19,53.80564593662892,-1.7995164347592287
02/11/2021 18:58:00,1.891,29,14.4,54,988.06,5,14,20,53.8054252472274,-1.7991961991036503
02/11/2021 18:59:00,1.786,33,14.2,54,987.61,7,15,20,53.80522319430852,-1.79947689259312
02/11/2021 19:00:00,1.776,33,14.2,55,987.74,7,15,21,53.80534807975056,-1.7992974460436444
02/11/2021 19:01:00,1.771,33,14.0,56,988.26,6,15,21,53.805358307918155,-1.7992989621991384
02/11/2021 19:02:00,1.733,35,13.9,56,988.18,6,15,20,53.8053213627864,-1.7989712903530142
02/11/2021 19:03:00,1.692,36,14.0,54,988.09,7,15,20,53.80513630026627,-1.7991417865249362
02/11/2021 19:04:00,1.697,36,13.9,55,987.88,7,13,19,53.805113796466095,-1.7986323295933344
02/11/2021 19:05:00,1.67,37,14.0,54,987.76,7,14,19,53.805178817451484,-1.7986592156168206
02/11/2021 19:06:00,1.692,36,14.0,54,988.15,9,15,20,53.8047548085727,-1.798701035918052
02/11/2021 19:07:00,1.701,36,14.0,55,987.98,10,16,21,53.80481896548134,-1.798633963861452
02/11/2021 19:08:00,1.747,34,14.0,55,988.39,11,16,20,53.80486441778925,-1.7988408008432066
02/11/2021 19:09:00,1.742,34,14.1,55,988.2,10,15,20,53.8047248485766,-1.7988015387718401
02/11/2021 19:10:00,1.627,38,14.1,56,987.84,11,16,20,53.80464221348989,-1.798833797466253
02/11/2021 19:11:00,1.712,35,14.0,56,987.84,9,14,20,53.80465579854444,-1.798856495287215
02/11/2021 19:12:00,1.765,33,13.8,57,987.72,10,14,19,53.8047425323068,-1.7989222923852601
02/11/2021 19:13:00,1.845,30,13.9,57,987.57,11,15,20,53.80499660599554,-1.7989620169994838
02/11/2021 19:14:00,1.905,28,14.0,57,987.5,10,15,19,53.80506063808738,-1.7990188427015357
02/11/2021 19:15:00,1.952,26,13.9,57,987.36,11,15,18,53.805007392233314,-1.798984049489719
02/11/2021 19:16:00,1.957,26,14.0,57,987.53,11,16,19,53.80462739671409,-1.7991346052086752
02/11/2021 19:17:00,1.93,27,14.0,55,987.7,11,15,19,53.80452161658089,-1.799330621707996
02/11/2021 19:18:00,1.919,28,14.0,55,987.86,11,15,19,53.804950623558085,-1.7993491929207628
02/11/2021 19:19:00,1.829,31,14.0,54,988.14,11,15,20,53.805034097952564,-1.7999850999598126
02/11/2021 19:20:00,1.962,26,14.0,54,988.29,9,14,20,53.804736173388335,-1.8004559527953181
02/11/2021 19:21:00,1.917,28,14.1,55,988.51,8,12,19,53.8048022827759,-1.800437327458764
02/11/2021 19:22:00,1.97,26,13.9,55,988.64,7,12,19,53.80498196218367,-1.80072631048742
02/11/2021 19:23:00,1.958,26,13.8,54,988.84,7,11,19,53.805214414857026,-1.801339427155514
02/11/2021 19:24:00,1.945,27,13.9,54,989.23,7,11,19,53.80537311944621,-1.8014087735603646
02/11/2021 19:25:00,1.875,29,13.8,54,988.95,7,12,20,53.80559982614957,-1.8007849799804523
02/11/2021 19:26:00,1.793,32,13.9,54,988.73,6,10,20,53.80524827569417,-1.8011500676305532
02/11/2021 19:27:00,1.711,35,14.0,53,988.66,,,,53.80515436311474,-1.8012541785707683
02/11/2021 19:28:00,1.674,37,14.0,54,988.89,5,11,20,53.80512451253674,-1.8017975529805423
02/11/2021 19:29:00,1.616,39,13.9,55,988.57,6,11,20,53.80509628444223,-1.802207388548821
02/11/2021 19:30:00,1.614,39,13.9,54,988.52,6,11,20,53.80507475669436,-1.8020314402668298
02/11/2021 19:31:00,1.657,37,14.0,54,988.54,6,10,19,53.80514747675923,-1.8022705600350588
02/11/2021 19:32:00,1.712,35,14.2,55,988.29,7,12,20,53.80513346491701,-1.8022504839965656
02/11/2021 19:33:00,1.71,35,14.2,56,988.03,6,11,20,53.805172610909956,-1.802243949658805
02/11/2021 19:34:00,1.661,37,14.2,57,987.86,5,11,20,53.80521178684206,-1.8023407083224345
02/11/2021 19:35:00,1.681,36,14.2,58,988.09,5,11,21,53.80519103405694,-1.8020656944056974
02/11/2021 19:36:00,1.697,36,14.2,58,988.17,4,11,21,53.80483634809521,-1.8016565840891152
02/11/2021 19:37:00,1.641,38,14.3,59,988.28,5,11,21,53.80497205566052,-1.8013123014650745
02/11/2021 19:38:00,1.671,37,14.3,59,988.44,6,13,22,53.80512130125833,-1.800890261323697
02/11/2021 19:39:00,1.764,33,14.3,59,988.98,6,12,21,53.80512459800055,-1.8008679829376462
02/11/2021 19:40:00,1.851,30,14.3,59,989.22,7,12,22,53.80524571837123,-1.8009899005738619
02/11/2021 19:41:00,1.856,30,14.3,59,988.83,6,12,21,53.805308675636425,-1.800955353697941
02/11/2021 19:42:00,1.854,30,14.4,59,988.92,7,12,22,53.80494809911499,-1.8010215121874817
02/11/2021 19:43:00,1.907,28,14.3,57,989.25,6,12,21,53.804775308427956,-1.8016895359782221
02/11/2021 19:44:00,1.891,29,14.3,58,989.41,7,12,22,53.80478804712528,-1.80174054976802
02/11/2021 19:45:00,1.872,29,14.4,58,989.28,5,10,21,53.80496606433183,-1.8019637711382668
02/11/2021 19:46:00,1.916,28,14.2,57,989.18,5,10,23,53.80457601227332,-1.8019706599176728
02/11/2021 19:47:00,1.912,28,14.3,56,989.24,6,11,23,53.804730239677994,-1.8016920202979567
02/11/2021 19:48:00,1.913,28,14.1,56,989.22,6,11,22,53.80476966810291,-1.8017090475404187
02/11/2021 19:49:00,1.969,26,14.2,56,988.68,6,12,21,53.8047047022684,-1.801727054677396
02/11/2021 19:50:00,1.929,27,14.0,55,988.95,6,12,21,53.804337955247966,-1.8018649723270588
02/11/2021 19:51:00,1.962,26,13.8,55,988.49,5,11,21,53.804331636073854,-1.801875290479077
02/11/2021 19:52:00,1.891,29,13.9,55,988.31,5,11,21,53.804568362410706,-1.8013195015608274
02/11/2021 19:53:00,1.921,27,13.9,55,988.19,5,12,22,53.80434719960454,-1.8016094382612424
02/11/2021 19:54:00,1.967,26,13.9,54,988.49,5,12,22,53.80450910470833,-1.8015315907229428
02/11/2021 19:55:00,1.848,30,14.1,54,988.52,5,12,21,53.80457990671971,-1.8011534646032907
02/11/2021 19:56:00,1.997,25,14.2,55,988.49,6,13,21,53.8047640199113,-1.8006084370315283
02/11/2021 19:57:00,1.95,26,14.2,54,988.73,6,14,21,53.80465289100534,-1.800186287028337
02/11/2021 19:58:00,1.978,25,14.4,53,988.82,7,15,21,53.804487283942294,-1.8003749920934464
02/11/2021 19:59:00,1.903,28,14.5,52,988.94,6,14,20,53.80438811754131,-1.8007430662767216
02/11/2021 20:00:00,1.866,30,14.7,52,989.55,5,14,21,53.80419912628563,-1.8007615327996813
02/11/2021 20:01:00,1.894,28,14.7,52,989.86,5,13,21,53.80440259615461,-1.8011038026483956
02/11/2021 20:02:00,1.902,28,14.6,52,989.9,4,12,20,53.80442303751051,-1.8009013644693141
02/11/2021 20:03:00,1.93,27,14.8,53,990.02,4,11,20,53.804415705359595,-1.800485468507279
02/11/2021 20:04:00,1.793,32,14.8,54,990.32,4,11,19,53.80448912334261,-1.7997417451560394
02/11/2021 20:05:00,1.796,32,14.9,54,990.52,4,11,20,53.80404422669033,-1.7996960255100454
02/11/2021 20:06:00,1.767,33,14.8,52,990.53,4,11,19,53.80438428915489,-1.799981070521799
02/11/2021 20:07:00,1.804,32,14.7,53,990.79,4,10,18,53.804552041367415,-1.7998761982654772
02/11/2021 20:08:00,1.746,34,14.7,53,990.99,5,9,17,53.80455654555856,-1.7998752400589424
02/11/2021 20:09:00,1.767,33,14.5,54,990.96,4,9,17,53.80465967006847,-1.7999787229699198
02/11/2021 20:10:00,1.701,36,14.5,55,990.98,4,9,17,53.80448314337125,-1.799394128569823
02/11/2021 20:11:00,1.704,36,14.5,54,990.74,3,9,17,53.80446970840891,-1.7999156108598524
02/11/2021 20:12:00,1.732,35,14.5,53,990.54,2,9,16,53.80449957022073,-1.799726593507538
02/11/2021 20:13:00,1.691,36,14.5,54,990.56,3,10,15,53.80473130268093,-1.7999201047166697
02/11/2021 20:14:00,1.655,37,14.4,54,990.76,3,11,15,53.80482674688775,-1.80003576917867
02/11/2021 20:15:00,1.64,38,14.5,53,990.71,2,12,14,53.80491043604368,-1.800089968935287
02/11/2021 20:16:00,1.625,39,14.6,54,990.65,4,12,15,53.80534505782417,-1.8000994032193367
02/11/2021 20:17:00,1.664,37,14.5,55,990.66,5,12,14,53.805620626313896,-1.80000683925177
02/11/2021 20:18:00,1.69,36,14.5,56,991.05,4,12,14,53.80550094324014,-1.79974085291501
02/11/2021 20:19:00,1.729,35,14.6,56,991.16,4,10,13,53.80551676430279,-1.799754030202408
02/11/2021 20:20:00,1.639,38,14.5,55,991.38,4,11,13,53.805402606966375,-1.799731561285507
02/11/2021 20:21:00,1.665,37,14.5,54,991.12,4,11,13,53.80528343152807,-1.8000821957124773
02/11/2021 20:22:00,1.559,41,14.5,54,991.07,5,11,14,53.805147784711956,-1.7998865160291802
02/11/2021 20:23:00,1.522,42,14.6,54,991.22,5,12,15,53.80512763356518,-1.799478706921599
02/11/2021 20:24:00,1.467,45,14.4,54,991.11,4,12,16,53.80540354297775,-1.7997740068660106
02/11/2021 20:25:00,1.529,42,14.4,54,991.34,4,11,16,53.805336466633676,-1.80039593993188
02/11/2021 20:26:00,1.598,40,14.4,55,991.49,3,10,17,53.80542200949041,-1.8006656146932993
02/11/2021 20:27:00,1.6,39,14.4,56,991.17,4,12,17,53.805794399974445,-1.8002500543128888
02/11/2021 20:28:00,1.609,39,14.5,56,991.25,2,9,16,53.80589221362987,-1.8005171060347318
02/11/2021 20:29:00,1.551,41,14.6,56,991.27,2,10,17,53.806028789044205,-1.800182280019739
02/11/2021 20:30:00,1.592,40,14.5,57,991.23,2,10,18,53.80604754273229,-1.8005702270044581
02/11/2021 20:31:00,1.555,41,14.5,56,991.4,2,10,19,53.80619730487899,-1.8010496180664404
02/11/2021 20:32:00,1.572,41,14.6,56,991.51,2,10,18,53.806522829606244,-1.8006441974471517
02/11/2021 20:33:00,1.563,41,14.6,56,991.6,3,9,18,53.80661276781168,-1.8001157189939425
02/11/2021 20:34:00,1.587,40,14.5,57,990.99,3,9,19,53.80657032175297,-1.8000985418190008
02/11/2021 20:35:00,1.494,43,14.4,58,990.82,3,9,19,53.806551794358256,-1.7999595683513065
02/11/2021 20:36:00,1.547,41,14.4,57,991.26,3,10,19,53.806256465284,-1.8001852141316854
02/11/2021 20:37:00,1.583,40,14.3,57,990.97,4,11,20,53.80625307295789,-1.8001039367750624
02/11/2021 20:38:00,1.572,41,14.3,57,991.34,5,12,20,53.806273382270525,-1.7997758987190984
02/11/2021 20:39:00,1.486,44,14.3,57,991.37,4,13,20,53.80603619205187,-1.799573869003158
02/11/2021 20:40:00,1.488,44,14.3,57,991.3,4,11,19,53.80575373279022,-1.799659787790205
02/11/2021 20:41:00,1.477,44,14.2,57,991.53,5,11,19,53.80554278699727,-1.7994373583504881
02/11/2021 20:42:00,1.47,44,14.1,57,991.67,6,10,20,53.805624722114466,-1.7998599322722244
02/11/2021 20:43:00,1.418,46,14.3,57,991.42,5,10,20,53.80560284056664,-1.7999182813973826
02/11/2021 20:44:00,1.532,42,14.0,57,991.19,5,10,19,53.80585620533547,-1.7999634605163513
02/11/2021 20:45:00,1.567,41,14.0,58,991.24,6,11,19,53.80583380254196,-1.7999265046871291
02/11/2021 20:46:00,1.523,42,14.0,57,991.02,,,,53.80561188236819,-1.7996701516351854
02/11/2021 20:47:00,1.478,44,14.1,56,990.79,5,9,18,53.80570380235182,-1.800150954453798
02/11/2021 20:48:00,1.468,44,14.1,56,990.91,5,10,19,53.80570800940949,-1.7999839934006412
02/11/2021 20:49:00,1.443,45,14.0,57,990.33,5,9,18,53.805259780518675,-1.8000182115959338
02/11/2021 20:50:00,1.444,45,14.1,56,990.84,6,11,18,53.80542730987963,-1.8005783158914235
02/11/2021 20:51:00,1.542,42,14.1,57,990.99,7,12,19,53.80563033346016,-1.7999095950087296
02/11/2021 20:52:00,1.555,41,14.0,57,990.78,7,12,19,53.80588590506628,-1.7993882779437684
02/11/2021 20:53:00,1.594,40,14.0,57,991.06,6,11,20,53.80594749964599,-1.7993624021507908
02/11/2021 20:54:00,1.716,35,14.2,57,991.6,5,12,21,53.805830918744455,-1.7986973014752756
02/11/2021 20:55:00,1.734,34,14.1,58,991.49,5,10,20,53.80584091559871,-1.7986900797266776
02/11/2021 20:56:00,1.729,35,14.1,56,991.49,4,10,19,53.80567938112573,-1.7983589274860532
02/11/2021 20:57:00,1.661,37,14.1,57,991.86,6,10,20,53.805324214681356,-1.7985353359482692
02/11/2021 20:58:00,1.676,37,14.1,57,992.17,5,9,19,53.80495525325489,-1.7986380601992273
02/11/2021 20:59:00,1.626,39,14.1,57,992.2,6,10,19,53.804746674443535,-1.7987768088838176
02/11/2021 21:00:00,1.54,42,14.1,57,992.46,7,11,19,53.804792928034495,-1.7991085567573102
02/11/2021 21:01:00,1.493,44,14.2,56,992.07,7,10,19,53.80443754059846,-1.7991007637426037
02/11/2021 21:02:00,1.425,46,14.1,56,992.15,,,,53.80434674890211,-1.7989081932155646
02/11/2021 21:03:00,1.437,46,14.1,55,992.19,7,11,18,53.80443329462857,-1.7984163647060687
02/11/2021 21:04:00,1.439,46,14.1,55,991.97,6,9,18,53.804382182098195,-1.7984307432295927
02/11/2021 21:05:00,1.392,47,14.1,54,991.72,6,9,18,53.80459361493203,-1.7984697818345898
02/11/2021 21:06:00,1.353,49,14.1,54,992.14,4,6,17,53.80443380551217,-1.7979086336283236
02/11/2021 21:07:00,1.368,48,14.3,53,992.33,4,7,17,53.80455516461292,-1.7979098934799747
02/11/2021 21:08:00,1.259,52,14.1,53,992.68,4,8,17,53.80454404138698,-1.7979984404867022
02/11/2021 21:09:00,1.267,52,14.0,54,993.03,5,8,16,53.80450390029794,-1.7978664079852855
02/11/2021 21:10:00,1.253,53,14.1,54,993.58,5,8,15,53.80461890732948,-1.7980322010751622
02/11/2021 21:11:00,1.236,53,14.2,53,993.68,4,8,15,53.804392519899764,-1.7979628389771318
02/11/2021 21:12:00,1.279,52,14.2,52,993.43,4,7,14,53.804201678333094,-1.798085393124048
02/11/2021 21:13:00,1.285,51,14.1,51,993.46,3,6,13,53.80408323727257,-1.7979538037894047
02/11/2021 21:14:00,1.267,52,14.2,51,993.93,,,,53.80398983342656,-1.7978365618223586
02/11/2021 21:15:00,1.316,50,14.3,51,994.06,3,6,14,53.80394083391596,-1.7971036764575419
02/11/2021 21:16:00,1.277,52,14.3,51,993.81,2,6,13,53.803613551326805,-1.7969124969380648
02/11/2021 21:17:00,1.219,54,14.3,51,993.2,2,5,13,53.80353927686155,-1.7971287006008485
02/11/2021 21:18:00,1.193,55,14.3,51,993.05,2,4,13,53.80342918139706,-1.796541973193603
02/11/2021 21:19:00,1.161,56,14.3,51,993.08,2,5,13,53.80338561491953,-1.796583342699969
02/11/2021 21:20:00,1.035,61,14.3,49,993.35,1,5,13,53.803499768035294,-1.7972074281903336
02/11/2021 21:21:00,1.049,60,14.3,50,993.49,1,6,13,53.803496809534366,-1.7972020712067858
02/11/2021 21:22:00,1.039,61,14.2,50,993.44,2,5,12,53.80357064086395,-1.7967810261430746
02/11/2021 21:23:00,1.034,61,14.3,50,993.5,1,5,13,53.803710896833834,-1.7969176353589702
02/11/2021 21:24:00,1.193,55,14.4,49,993.55,1,6,13,53.80371665942062,-1.7968855857015924
02/11/2021 21:25:00,1.23,53,14.3,48,993.58,1,6,13,53.80396940930161,-1.7968735218414782
02/11/2021 21:26:00,1.172,56,14.3,48,993.6,1,4,14,53.80417190172855,-1.796824167230121
02/11/2021 21:27:00,1.141,57,14.3,49,993.31,1,4,13,53.80416095212827,-1.797044172825805
02/11/2021 21:28:00,1.143,57,14.4,48,993.23,1,4,12,53.804221749655255,-1.797217068163169
02/11/2021 21:29:00,1.087,59,14.2,46,993.6,2,4,11,53.80428033565828,-1.7974721739083568
02/11/2021 21:30:00,1.136,57,14.3,47,993.47,1,5,11,53.804542957353384,-1.797493257272612
02/11/2021 21:31:00,1.115,58,14.4,47,993.43,1,4,11,53.804805715523926,-1.7977063587968765
02/11/2021 21:32:00,1.17,56,14.4,47,993.57,1,4,11,53.80515757203543,-1.7978643424319591
02/11/2021 21:33:00,1.179,55,14.5,47,993.59,1,5,11,53.80531801372067,-1.7979592293163713
02/11/2021 21:34:00,1.105,58,14.6,47,993.54,1,3,9,53.805326835909945,-1.798113078962134
02/11/2021 21:35:00,1.158,56,14.5,46,992.91,1,3,10,53.80551402678383,-1.7976017482550373
02/11/2021 21:36:00,1.151,56,14.3,47,992.67,1,3,10,53.80540093215114,-1.7973385480280475
02/11/2021 21:37:00,1.191,55,14.1,47,992.52,1,4,11,53.80539992782656,-1.797335226657136
02/11/2021 21:38:00,1.198,55,14.0,47,992.58,1,5,12,53.80521389155462,-1.797998042691315
02/11/2021 21:39:00,1.189,55,13.9,47,992.48,2,5,12,53.805337885998945,-1.79806391205131
02/11/2021 21:40:00,1.171,56,13.9,47,992.62,2,6,11,53.80542479627116,-1.7980555146126427
02/11/2021 21:41:00,1.218,54,14.0,47,992.77,2,5,10,53.805393551655975,-1.7979023281210444
02/11/2021 21:42:00,1.276,52,14.0,47,992.44,2,6,10,53.80521492636922,-1.7978091068718465
02/11/2021 21:43:00,1.319,50,14.0,47,992.53,2,6,11,53.8052022448008,-1.7977990918883988
02/11/2021 21:44:00,1.327,50,14.0,48,992.72,2,6,12,53.80541729600657,-1.7980144958980948
02/11/2021 21:45:00,1.27,52,14.2,48,992.59,2,7,13,53.80528660548924,-1.7980925992494277
02/11/2021 21:46:00,1.166,56,14.4,48,992.38,2,9,14,53.80514963880276,-1.7982560605727596
02/11/2021 21:47:00,1.283,51,14.4,49,992.16,1,1,2,53.805132728788244,-1.79829884489835
02/11/2021 21:48:00,1.286,51,14.2,49,992.47,1,1,2,53.80496483745815,-1.7984246933671757
02/11/2021 21:49:00,1.293,51,14.3,50,992.26,1,1,2,53.804998699374416,-1.7985333209116219
02/11/2021 21:50:00,1.29,51,14.3,50,992.05,1,1,2,53.80497805883383,-1.798940382981271
02/11/2021 21:51:00,1.264,52,14.2,51,992.29,1,1,2,53.804937874288534,-1.798876612635314
02/11/2021 21:52:00,1.161,56,14.3,50,992.55,1,1,2,53.80508986064251,-1.798831092815499
02/11/2021 21:53:00,1.02,61,14.2,51,992.45,1,1,2,53.80520710487148,-1.7986021006738624
02/11/2021 21:54:00,1.052,60,14.3,51,992.5,1,1,2,53.80549787413578,-1.7982973723621134
02/11/2021 21:55:00,1.048,60,14.3,51,992.28,4,10,15,53.805278441648596,-1.798026579897671
02/11/2021 21:56:00,1.041,60,14.3,51,992.37,4,10,15,53.805534831397104,-1.7976759266999276
02/11/2021 21:57:00,1.045,60,14.5,51,992.75,4,10,14,53.805566584988334,-1.7978080846726991
02/11/2021 21:58:00,1.064,60,14.3,50,992.65,4,10,13,53.80569293390273,-1.7974407660572076
02/11/2021 21:59:00,1.074,59,14.2,51,992.88,3,10,13,53.80558603447852,-1.7977057704945303
02/11/2021 22:00:00,1.122,57,14.3,50,992.78,3,10,13,53.80562527139604,-1.7973165281236287
02/11/2021 22:01:00,1.068,59,14.3,51,992.25,3,10,13,53.805619838528095,-1.796918841399061
02/11/2021 22:02:00,1.029,61,14.3,51,992.16,4,9,12,53.80553721633736,-1.7974102872766984
02/11/2021 22:03:00,1.038,61,14.4,52,992.43,4,9,12,53.80550854303483,-1.7975697325661697
02/11/2021 22:04:00,1.055,60,14.4,50,992.51,4,8,12,53.80553481886254,-1.7970181051953331
02/11/2021 22:05:00,1.015,61,14.4,51,992.4,3,7,12,53.80557323175137,-1.7971524220652155
02/11/2021 22:06:00,1.131,57,14.5,50,992.19,4,8,13,53.805654495483815,-1.7971363959447635
02/11/2021 22:07:00,1.193,55,14.3,50,992.35,4,8,13,53.8060826044109,-1.7970623719960117
02/11/2021 22:08:00,1.135,57,14.5,49,992.21,6,9,13,53.805964536308856,-1.7975804404907396
02/11/2021 22:09:00,1.089,59,14.6,48,992.11,7,10,14,53.80591448395199,-1.7975689613439443
02/11/2021 22:10:00,1.033,61,14.5,48,992.19,6,9,14,53.80593123318439,-1.7978880291238115
02/11/2021 22:11:00,1.057,60,14.5,49,992.47,6,9,14,53.80591896561957,-1.7978950486985874
02/11/2021 22:12:00,1.059,60,14.5,49,992.49,7,10,13,53.80581857330802,-1.7977767388601398
02/11/2021 22:13:00,1.117,58,14.5,48,992.05,8,11,14,53.805652873829004,-1.7972520544650448
02/11/2021 22:14:00,1.127,57,14.6,47,992.45,10,13,15,53.80559634299492,-1.79726087196635
02/11/2021 22:15:00,1.134,57,14.6,48,992.37,9,12,14,53.805774514430496,-1.7976001561307509
02/11/2021 22:16:00,1.174,55,14.5,47,992.72,8,12,15,53.805755995474414,-1.797635227079967
02/11/2021 22:17:00,1.182,55,14.4,46,992.88,8,12,15,53.80591155709861,-1.7976911523924877
02/11/2021 22:18:00,1.177,55,14.2,47,992.83,7,11,14,53.80555164655567,-1.798080915081513
02/11/2021 22:19:00,1.128,57,14.1,47,992.78,6,11,14,53.805551802334804,-1.798081388041098
02/11/2021 22:20:00,1.228,53,14.1,47,992.47,5,9,14,53.805434132334874,-1.7975047473343944
02/11/2021 22:21:00,1.254,52,14.1,46,992.76,6,10,15,53.80536695265511,-1.7975893843567183
02/11/2021 22:22:00,1.166,56,14.2,47,992.75,6,9,14,53.80537038481798,-1.7976716102248422
02/11/2021 22:23:00,1.201,54,14.1,48,992.42,7,10,15,53.805083406177,-1.7977444646098502
02/11/2021 22:24:00,1.207,54,14.2,48,992.47,7,11,16,53.805220934491125,-1.7979274653279769
02/11/2021 22:25:00,1.147,56,14.2,48,992.57,7,10,17,53.80515523509612,-1.7977998116761285
02/11/2021 22:26:00,1.112,58,14.3,48,992.51,8,12,17,53.80532517551435,-1.7979235110297886
02/11/2021 22:27:00,1.078,59,14.5,49,991.56,9,14,18,53.80553425932048,-1.798035808861328
02/11/2021 22:28:00,1.084,59,14.4,50,991.65,9,13,17,53.805606148151796,-1.7981505014369767
02/11/2021 22:29:00,1.171,56,14.4,50,991.7,11,14,18,53.80553429440751,-1.7976396819440479
02/11/2021 22:30:00,1.168,56,14.4,49,991.95,12,14,18,53.80577638140199,-1.7971471903365819
02/11/2021 22:31:00,1.141,57,14.3,50,991.74,10,12,18,53.806208440339205,-1.7970661886009325
02/11/2021 22:32:00,1.112,58,14.3,50,991.53,10,12,19,53.806121510435815,-1.797420561955844
02/11/2021 22:33:00,1.15,56,14.1,49,991.07,9,12,18,53.80605316005229,-1.7980576427522383
02/11/2021 22:34:00,1.178,55,14.0,48,991.07,9,12,19,53.805956122661996,-1.7979735316137526
02/11/2021 22:35:00,1.137,57,14.1,48,991.03,1,1,2,53.80612832893461,-1.7981347392481548
02/11/2021 22:36:00,1.137,57,14.2,48,991.19,1,1,2,53.80612836551907,-1.7981348868077665
02/11/2021 22:37:00,1.118,58,14.0,47,991.42,1,1,2,53.80575244929136,-1.7982584023914236
02/11/2021 22:38:00,1.106,58,14.0,47,991.42,1,1,2,53.80559964017609,-1.7979340058677074
02/11/2021 22:39:00,1.177,55,14.0,46,990.98,1,1,2,53.80576972851645,-1.7978249131745692
02/11/2021 22:40:00,1.189,55,14.3,47,990.74,1,1,2,53.80581383111189,-1.7979090547330756
02/11/2021 22:41:00,1.156,56,14.4,46,990.41,1,1,2,53.80589986186149,-1.7984402024652864
02/11/2021 22:42:00,1.22,54,14.4,45,990.82,1,1,2,53.8057188346105,-1.7984103102073572
02/11/2021 22:43:00,1.187,55,14.4,45,990.73,1,1,2,53.80549556013361,-1.7981593975216328
02/11/2021 22:44:00,1.268,52,14.5,45,991.22,1,1,2,53.8054966247284,-1.7981167538769662
02/11/2021 22:45:00,1.27,52,14.5,45,991.09,1,1,2,53.80551425952118,-1.7981776518800816
02/11/2021 22:46:00,1.214,54,14.6,43,991.34,1,1,2,53.805935594188036,-1.7982210937028447
02/11/2021 22:47:00,1.18,55,14.7,43,991.76,1,1,2,53.80604872280236,-1.7980751208960608
02/11/2021 22:48:00,1.13,57,14.8,44,991.82,1,1,2,53.806308177343915,-1.7979947703610941
02/11/2021 22:49:00,1.205,54,14.7,45,991.89,1,1,2,53.80632028275075,-1.798313444104811
02/11/2021 22:50:00,1.262,52,14.7,45,992.39,1,1,2,53.8064772923978,-1.7985709680913067
02/11/2021 22:51:00,1.341,49,14.5,44,992.22,1,1,2,53.806817360430045,-1.7986687511608845
02/11/2021 22:52:00,1.342,49,14.6,44,992.09,1,1,2,53.80664453823095,-1.798964633167679
02/11/2021 22:53:00,1.25,53,14.6,44,992.12,1,1,2,53.80696681020601,-1.7987295929422147
02/11/2021 22:54:00,1.29,51,14.6,44,992.14,1,1,2,53.80707700452977,-1.798721572533632
02/11/2021 22:55:00,1.314,50,14.5,43,991.88,1,1,2,53.8071561903743,-1.7993987793088668
02/11/2021 22:56:00,1.343,49,14.7,43,991.7,1,1,2,53.80699448217198,-1.799233824928556
02/11/2021 22:57:00,1.302,51,14.6,43,991.81,1,1,2,53.80683646324822,-1.799684349028691
02/11/2021 22:58:00,1.316,50,14.6,44,991.83,1,1,2,53.806774940345186,-1.799927159529558
02/11/2021 22:59:00,1.31,50,14.6,44,991.94,1,1,2,53.80678345006098,-1.7999834389322356
02/11/2021 23:00:00,1.303,51,14.7,44,992.24,1,1,2,53.80706520751892,-1.800496379877889
02/11/2021 23:01:00,1.368,48,14.7,44,992.65,1,1,2,53.806729569134745,-1.8006071752319328
02/11/2021 23:02:00,1.38,48,14.8,44,992.86,1,1,2,53.80664202313555,-1.8010995774554737
02/11/2021 23:03:00,1.42,46,14.8,45,992.83,1,1,2,53.806753527654614,-1.8011374797593893
02/11/2021 23:04:00,1.457,45,14.7,45,992.49,1,1,2,53.80654264588343,-1.8017142082529571
02/11/2021 23:05:00,1.428,46,14.8,45,992.32,1,1,2,53.80670442341868,-1.8013476262949568
02/11/2021 23:06:00,1.382,48,14.9,44,992.45,1,1,2,53.80660268077449,-1.8017848242374457
02/11/2021 23:07:00,1.445,45,14.9,44,992.43,1,1,2,53.806395241813654,-1.8015020345433932
02/11/2021 23:08:00,1.426,46,14.8,45,992.5,1,1,2,53.80626976923492,-1.8013934881578184
02/11/2021 23:09:00,1.4,47,14.7,45,992.84,1,1,2,53.80626465544824,-1.8016547036645048
02/11/2021 23:10:00,1.403,47,14.7,45,992.62,1,1,2,53.80617582947446,-1.801488332920772
02/11/2021 23:11:00,1.441,45,14.8,45,992.6,1,1,2,53.8060281138067,-1.8016661481149976
02/11/2021 23:12:00,1.421,46,14.9,44,992.95,1,1,2,53.80600910876505,-1.8016175591745747
02/11/2021 23:13:00,1.359,49,14.8,45,993.06,1,1,2,53.806258741042754,-1.8011665758316662
02/11/2021 23:14:00,1.38,48,14.8,45,993.05,1,1,2,53.806308951981556,-1.801007853447788
02/11/2021 23:15:00,1.441,45,14.8,45,993.54,1,1,2,53.80627454146144,-1.8008903749566993
02/11/2021 23:16:00,1.422,46,14.8,44,993.52,1,1,2,53.806260299724116,-1.8011750788494834
02/11/2021 23:17:00,1.509,43,14.8,44,993.61,1,1,2,53.80607235106047,-1.8006222339616338
02/11/2021 23:18:00,1.456,45,14.8,43,994.12,1,1,2,53.806063315745135,-1.8004872197281079
02/11/2021 23:19:00,1.474,44,14.9,43,993.83,1,1,2,53.80625718390853,-1.8005742330543788
02/11/2021 23:20:00,1.427,46,14.8,43,993.71,1,1,2,53.806031659765445,-1.800862274127763
02/11/2021 23:21:00,1.33,50,14.7,42,993.66,1,1,2,53.80601169143811,-1.8006979637547758
02/11/2021 23:22:00,1.289,51,14.6,42,993.59,1,1,2,53.80566833986454,-1.8006098246610747
02/11/2021 23:23:00,1.217,54,14.7,42,993.37,1,1,2,53.80586695294879,-1.8009618104091534
02/11/2021 23:24:00,1.379,48,14.7,42,993.73,1,1,2,53.805941452209204,-1.800341656631669
02/11/2021 23:25:00,1.378,48,14.9,42,993.74,1,1,2,53.80623084262281,-1.8008434920185639
02/11/2021 23:26:00,1.436,46,14.9,42,993.29,1,1,2,53.80658694038555,-1.8005039094346404
02/11/2021 23:27:00,1.438,46,14.9,43,993.07,1,1,2,53.806677620769726,-1.800513875703658
02/11/2021 23:28:00,1.487,44,14.8,42,992.71,1,1,2,53.806542258210854,-1.8003760641642852
02/11/2021 23:29:00,1.481,44,14.8,43,992.52,1,1,2,53.80655314892225,-1.8005917240478329
02/11/2021 23:30:00,1.436,46,14.8,42,992.69,1,1,2,53.806389172416196,-1.7999024205068432
02/11/2021 23:31:00,1.443,45,14.8,42,992.82,1,1,2,53.80635794433132,-1.7996411135292851
02/11/2021 23:32:00,1.47,44,14.9,42,992.77,1,1,2,53.80624875564074,-1.7994632966255493
02/11/2021 23:33:00,1.485,44,14.7,41,992.51,1,1,2,53.80627300725341,-1.7992656902417463
02/11/2021 23:34:00,1.497,43,14.7,41,992.47,1,1,2,53.80621856298908,-1.7990688714417835
02/11/2021 23:35:00,1.444,45,14.9,40,992.33,1,1,2,53.8059107555385,-1.7991138036275014
02/11/2021 23:36:00,1.488,44,14.9,40,992.49,1,1,2,53.805880920796454,-1.7992143127264282
02/11/2021 23:37:00,1.526,42,14.9,40,992.44,1,1,2,53.80567610192024,-1.7993146891519667
02/11/2021 23:38:00,1.623,39,14.8,41,992.33,,,,53.80593185889317,-1.7999051867492963
02/11/2021 23:39:00,1.603,39,14.8,41,992.12,1,1,2,53.80593930999169,-1.7998920541616448
02/11/2021 23:40:00,1.554,41,14.8,40,992.13,1,1,2,53.80593050179647,-1.7997968444237828
02/11/2021 23:41:00,1.592,40,14.8,39,992.57,1,1,2,53.80620608351094,-1.7996359087495017
02/11/2021 23:42:00,1.612,39,14.8,40,992.22,1,1,2,53.80623810641482,-1.7995250370582485
02/11/2021 23:43:00,1.598,40,14.9,39,991.94,1,1,2,53.80617212933306,-1.7996158582508612
02/11/2021 23:44:00,1.684,36,14.8,40,991.86,1,1,2,53.80617481288391,-1.7996183846919325
02/11/2021 23:45:00,1.632,38,14.6,39,991.61,1,1,2,53.80595056099958,-1.800253659208771
02/11/2021 23:46:00,1.696,36,14.6,40,991.42,1,1,2,53.80600392665978,-1.8001670611262692
02/11/2021 23:47:00,1.736,34,14.4,40,991.34,1,1,2,53.805786354648504,-1.8002058054482315
02/11/2021 23:48:00,1.721,35,14.5,41,991.14,1,1,2,53.80573631733228,-1.8001120858492343
02/11/2021 23:49:00,1.706,36,14.6,40,991.33,1,1,2,53.805774988094974,-1.7999875398864804
02/11/2021 23:50:00,1.785,33,14.6,40,991.77,1,1,2,53.80589920964165,-1.8001055716445293
02/11/2021 23:51:00,1.887,29,14.7,41,992.05,1,1,2,53.80580285939622,-1.8006526661968552
02/11/2021 23:52:00,1.872,29,14.8,40,991.76,1,1,2,53.80555539011994,-1.800516134346672
02/11/2021 23:53:00,1.902,28,14.7,40,991.36,1,1,2,53.805597836934105,-1.8008560666990634
02/11/2021 23:54:00,1.962,26,14.7,41,991.51,1,1,2,53.805581044603684,-1.8008331316659218
02/11/2021 23:55:00,1.981,25,14.7,41,991.81,1,1,2,53.80526517663569,-1.8013538602075916
02/11/2021 23:56:00,1.895,28,14.9,40,991.95,1,1,2,53.8050897475245,-1.801365154600578
02/11/2021 23:57:00,1.827,31,14.7,40,991.85,1,1,2,53.80472749785661,-1.801682109070195
02/11/2021 23:58:00,1.818,31,14.7,38,991.62,1,1,2,53.804987747186566,-1.801840517486459
02/11/2021 23:59:00,1.89,29,14.6,38,991.78,1,1,2,53.805147953683075,-1.8016548921810578
03/11/2021 00:00:00,1.947,26,14.5,38,991.75,1,1,2,53.8050047565831,-1.8013555651018438
03/11/2021 00:01:00,1.977,25,14.6,38,991.56,1,1,2,53.804805370178904,-1.8012958061461426
03/11/2021 00:02:00,1.937,27,14.6,38,991.48,1,1,2,53.80479953546147,-1.8012771841725213
03/11/2021 00:03:00,1.826,31,14.5,36,991.47,1,1,2,53.80473762631175,-1.8006953665671652
03/11/2021 00:04:00,1.793,32,14.5,37,991.24,1,1,2,53.804703387765386,-1.8003475104806776
03/11/2021 00:05:00,1.794,32,14.3,36,991.21,1,1,2,53.804648796899464,-1.8001543074643767
03/11/2021 00:06:00,1.704,36,14.5,37,991.04,1,1,2,53.80465887261616,-1.8003234395405519
03/11/2021 00:07:00,1.763,33,14.4,37,991.44,1,1,2,53.80490471860824,-1.80031897412207
03/11/2021 00:08:00,1.752,34,14.4,37,991.21,1,1,2,53.80503423936664,-1.800119521926999
03/11/2021 00:09:00,1.764,33,14.4,37,991.19,1,1,2,53.8053908979677,-1.8005165840275819
03/11/2021 00:10:00,1.714,35,14.2,38,991.26,1,1,2,53.805124782128566,-1.8001466174478253
03/11/2021 00:11:00,1.761,33,14.3,39,991.3,1,1,2,53.80486759741786,-1.8000300353242733
03/11/2021 00:12:00,1.852,30,14.3,39,991.29,1,1,2,53.80472456558507,-1.8002937729043407
03/11/2021 00:13:00,1.865,30,14.2,39,991.0,1,1,2,53.80490692036481,-1.8003489383892308
03/11/2021 00:14:00,1.815,31,14.2,40,991.38,1,1,2,53.804704715558216,-1.8009188116439914
03/11/2021 00:15:00,1.782,33,14.0,41,991.31,1,1,2,53.80470444427333,-1.8009191126109034
03/11/2021 00:16:00,1.738,34,14.1,41,991.01,1,1,2,53.80473167740493,-1.8008385382791743
03/11/2021 00:17:00,1.822,31,14.1,41,991.18,1,1,2,53.804558580301276,-1.8005336702193306
03/11/2021 00:18:00,1.755,34,14.2,40,991.3,1,1,2,53.804766360112765,-1.800687141179905
03/11/2021 00:19:00,1.76,34,14.1,41,991.25,1,1,2,53.80472783405995,-1.8006225577814836
03/11/2021 00:20:00,1.719,35,14.2,40,990.74,1,1,2,53.805111576268104,-1.8009409519672581
03/11/2021 00:21:00,1.752,34,14.1,41,990.62,1,1,2,53.80488370831376,-1.8013015461296278
03/11/2021 00:22:00,1.769,33,14.1,41,990.72,1,1,2,53.804688249104665,-1.8006745648552054
03/11/2021 00:23:00,1.817,31,14.1,41,990.38,1,1,2,53.80463088044146,-1.8004662720794802
03/11/2021 00:24:00,1.852,30,14.1,41,990.6,1,1,2,53.804682632720905,-1.8005116190053185
03/11/2021 00:25:00,1.956,26,14.1,41,990.34,,,,53.80474013922639,-1.8004163263355297
03/11/2021 00:26:00,1.946,27,14.2,42,990.9,1,1,2,53.80475232395029,-1.8006156480685045
03/11/2021 00:27:00,1.93,27,14.1,42,990.89,1,1,2,53.80476736240855,-1.800634514742318
03/11/2021 00:28:00,1.89,29,14.1,42,990.42,1,1,2,53.804604487727914,-1.8001879202676998
03/11/2021 00:29:00,1.878,29,14.1,41,990.54,1,1,2,53.80425128266949,-1.8002204263158719
03/11/2021 00:30:00,1.925,27,14.1,39,989.74,1,1,2,53.80424040538781,-1.800252767496719
03/11/2021 00:31:00,1.897,28,14.0,38,989.68,1,1,2,53.80453101700061,-1.79998876616031
03/11/2021 00:32:00,1.871,29,14.0,39,989.63,1,1,2,53.80431360237487,-1.799518949146696
03/11/2021 00:33:00,1.859,30,14.0,39,989.27,1,1,2,53.80470234841563,-1.799174496100273
03/11/2021 00:34:00,1.852,30,14.1,38,989.7,1,1,2,53.804576036076554,-1.798841441300791
03/11/2021 00:35:00,1.891,29,14.0,38,989.6,1,1,2,53.80419991971079,-1.7990018640335697
03/11/2021 00:36:00,1.923,27,13.9,39,989.64,1,1,2,53.804241462344315,-1.798389193711248
03/11/2021 00:37:00,1.907,28,14.1,39,989.68,1,1,2,53.80387134963718,-1.7985268821405138
03/11/2021 00:38:00,1.907,28,14.2,38,989.6,1,1,2,53.80384133216285,-1.7987522912600857
03/11/2021 00:39:00,1.821,31,14.2,37,989.35,1,1,2,53.80416726508558,-1.7990632669016997
03/11/2021 00:40:00,1.799,32,14.3,38,989.74,1,1,2,53.804230388743704,-1.7990428325594066
03/11/2021 00:41:00,1.829,31,14.3,38,989.28,1,1,2,53.80399003770111,-1.7985222586165628
03/11/2021 00:42:00,1.848,30,14.2,37,989.43,1,1,2,53.80391835440112,-1.7985059062239488
03/11/2021 00:43:00,1.78,33,14.2,37,989.68,1,1,2,53.80389721312803,-1.7985554637949053
03/11/2021 00:44:00,1.754,34,14.3,37,990.04,1,1,2,53.8039912292121,-1.7990266439696454
03/11/2021 00:45:00,1.757,34,14.3,36,989.84,1,1,2,53.80387768226662,-1.7987978822410549
03/11/2021 00:46:00,1.739,34,14.3,37,990.16,1,1,2,53.80381157152567,-1.799043811944581
03/11/2021 00:47:00,1.769,33,14.3,36,989.92,1,1,2,53.80398209704745,-1.7989668986108254
03/11/2021 00:48:00,1.768,33,14.2,36,990.05,1,1,2,53.80376640956132,-1.7995480198884855
03/11/2021 00:49:00,1.653,38,14.2,35,990.04,1,1,2,53.803748380789635,-1.799566048207244
03/11/2021 00:50:00,1.786,33,14.3,35,989.84,1,1,2,53.804072275647215,-1.7990565712644515
03/11/2021 00:51:00,1.769,33,14.2,34,990.21,1,1,2,53.80384617561771,-1.799174527018364
03/11/2021 00:52:00,1.711,35,14.2,35,990.46,1,1,2,53.80387932640906,-1.7992987470741097
03/11/2021 00:53:00,1.705,36,14.1,35,990.44,1,1,2,53.803777029455084,-1.79923201270592
03/11/2021 00:54:00,1.727,35,14.1,34,990.02,1,1,2,53.80364997390412,-1.7986223572193945
03/11/2021 00:55:00,1.741,34,14.1,34,989.99,1,1,2,53.80349332006458,-1.7988915980340943
03/11/2021 00:56:00,1.762,33,14.2,34,990.29,1,1,2,53.803165766549164,-1.7990411240847644
03/11/2021 00:57:00,1.722,35,14.1,34,990.37,1,1,2,53.80315976677898,-1.7990218425176474
03/11/2021 00:58:00,1.66,37,14.2,33,990.24,1,1,2,53.803541957519975,-1.7990115713582795
03/11/2021 00:59:00,1.652,38,14.2,32,990.01,1,1,2,53.803589756908735,-1.7983030500121397
03/11/2021 01:00:00,1.719,35,14.2,31,989.87,1,1,2,53.80382959842557,-1.7989223854407532
03/11/2021 01:01:00,1.723,35,14.2,32,990.24,1,1,2,53.80383355239022,-1.798924418040244
03/11/2021 01:02:00,1.703,36,14.4,32,990.35,1,1,2,53.8037269631283,-1.7991619975325965
03/11/2021 01:03:00,1.711,35,14.4,32,990.66,1,1,2,53.803736082455956,-1.799158436732582
03/11/2021 01:04:00,1.678,37,14.3,32,990.78,1,1,2,53.80375818875819,-1.79955197326561
03/11/2021 01:05:00,1.772,33,14.2,33,990.56,1,1,2,53.804035366526236,-1.7993668633659876
03/11/2021 01:06:00,1.788,32,14.3,33,990.95,1,1,2,53.80405806583746,-1.7993300786972712
03/11/2021 01:07:00,1.758,34,14.3,33,990.91,1,1,2,53.80403436468742,-1.7992986657327277
03/11/2021 01:08:00,1.768,33,14.3,32,990.84,1,1,2,53.80395281612071,-1.799387797701409
03/11/2021 01:09:00,1.698,36,14.5,31,990.9,1,1,2,53.80370431682934,-1.799177430313413
03/11/2021 01:10:00,1.643,38,14.4,32,991.06,1,1,2,53.8037861775389,-1.7989109108116192
03/11/2021 01:11:00,1.711,35,14.2,32,991.29,1,1,2,53.80369232921102,-1.7992170575561437
03/11/2021 01:12:00,1.72,35,14.2,32,991.12,1,1,2,53.80391052333348,-1.7997964132820967
03/11/2021 01:13:00,1.686,36,14.3,33,991.45,1,1,2,53.80373815188062,-1.7991531042215292
03/11/2021 01:14:00,1.676,37,14.2,33,991.02,1,1,2,53.80376511021446,-1.7991424447565973
03/11/2021 01:15:00,1.751,34,14.3,34,991.13,1,1,2,53.803809842317044,-1.7991943503315502
03/11/2021 01:16:00,1.719,35,14.2,34,992.03,,,,53.80391600055648,-1.7997416342112362
03/11/2021 01:17:00,1.725,35,14.1,35,991.99,1,1,2,53.8040059195322,-1.7997446005472555
03/11/2021 01:18:00,1.734,34,14.1,35,991.81,1,1,2,53.803843909134564,-1.7997449558374612
03/11/2021 01:19:00,1.682,36,14.2,35,992.0,1,1,2,53.80380189154878,-1.7997190097242135
03/11/2021 01:20:00,1.626,39,14.3,35,991.74,1,1,2,53.80343581250339,-1.7995130910920598
03/11/2021 01:21:00,1.668,37,14.2,35,991.63,1,1,2,53.80335145120522,-1.7994070627253103
03/11/2021 01:22:00,1.597,40,14.2,36,991.47,1,1,2,53.803363042876576,-1.799159960565959
03/11/2021 01:23:00,1.481,44,14.2,36,991.23,1,1,2,53.80357647470754,-1.7989092143687366
03/11/2021 01:24:00,1.5,43,14.1,36,991.23,1,1,2,53.803735544079316,-1.7988620709165437
03/11/2021 01:25:00,1.388,47,14.0,35,991.15,1,1,2,53.803781550030045,-1.7988707572412184
03/11/2021 01:26:00,1.389,47,13.9,36,991.09,1,1,2,53.803914543634775,-1.79945731333446
03/11/2021 01:27:00,1.423,46,14.0,36,991.44,1,1,2,53.804073357925276,-1.7987676654531932
03/11/2021 01:28:00,1.513,43,13.9,36,991.08,1,1,2,53.80406545948485,-1.7986552455531886
03/11/2021 01:29:00,1.493,44,14.0,37,991.12,1,1,2,53.804385764716706,-1.798914333824512
03/11/2021 01:30:00,1.544,42,13.8,37,991.06,1,1,2,53.80480789068005,-1.798663398947245
03/11/2021 01:31:00,1.452,45,13.9,36,991.04,1,1,2,53.80469715849763,-1.7985547930533583
03/11/2021 01:32:00,1.499,43,13.8,35,990.97,1,1,2,53.80478070908777,-1.79814715145496
03/11/2021 01:33:00,1.459,45,13.7,35,991.19,1,1,2,53.80469489029389,-1.798061240073414
03/11/2021 01:34:00,1.379,48,13.6,34,991.73,1,1,2,53.80467220786351,-1.7982106069771087
03/11/2021 01:35:00,1.334,49,13.6,33,992.05,1,1,2,53.80453869424286,-1.7981502228560473
03/11/2021 01:36:00,1.401,47,13.6,33,992.01,1,1,2,53.80467805428741,-1.7981638800928408
03/11/2021 01:37:00,1.452,45,13.6,33,992.26,1,1,2,53.804688114562936,-1.7981728844378866
03/11/2021 01:38:00,1.436,46,13.5,33,992.28,1,1,2,53.80469048694405,-1.7983099905882434
03/11/2021 01:39:00,1.367,48,13.4,31,992.63,1,1,2,53.8047021268617,-1.7983321390709015
03/11/2021 01:40:00,1.296,51,13.3,31,992.62,1,1,2,53.804461980825536,-1.7980530492482854
03/11/2021 01:41:00,1.294,51,13.3,30,992.91,1,1,2,53.80459543816315,-1.7979613315220837
03/11/2021 01:42:00,1.258,52,13.3,32,992.73,1,1,2,53.80460374639483,-1.7977230670347109
03/11/2021 01:43:00,1.284,51,13.3,31,992.79,1,1,2,53.80444476819881,-1.7979105938005022
03/11/2021 01:44:00,1.312,50,13.3,31,992.73,1,1,2,53.804474635594765,-1.7978436560258735
03/11/2021 01:45:00,1.372,48,13.2,32,992.86,1,1,2,53.80455181273496,-1.7974546948394923
03/11/2021 01:46:00,1.39,47,13.3,32,992.77,1,1,2,53.80448748242743,-1.7968975723042349
03/11/2021 01:47:00,1.335,49,13.4,32,992.14,10,16,26,53.80442716549707,-1.79683076712946
03/11/2021 01:48:00,1.404,47,13.3,31,992.66,12,18,26,53.80455022439409,-1.7968308324070243
03/11/2021 01:49:00,1.375,48,13.4,31,992.77,12,18,26,53.80478598360206,-1.7973152438005224
03/11/2021 01:50:00,1.288,51,13.5,32,992.54,13,18,27,53.80453026587312,-1.7967775010692562
03/11/2021 01:51:00,1.392,47,13.5,32,992.67,13,19,28,53.80441055975204,-1.7972798981601912
03/11/2021 01:52:00,1.504,43,13.3,32,993.03,12,22,28,53.80448457382134,-1.7972490246261206
03/11/2021 01:53:00,1.475,44,13.3,33,993.31,13,22,28,53.80408702497438,-1.7973881444761763
03/11/2021 01:54:00,1.436,46,13.2,33,993.39,13,22,28,53.803831696013496,-1.797573292705673
03/11/2021 01:55:00,1.434,46,13.3,33,993.74,16,24,28,53.8036489521051,-1.797015526792599
03/11/2021 01:56:00,1.404,47,13.2,32,993.67,13,24,29,53.80364647266762,-1.7969869925405397
03/11/2021 01:57:00,1.379,48,13.1,32,993.65,14,24,29,53.80362888983062,-1.7968561795485551
03/11/2021 01:58:00,1.281,51,13.1,31,993.84,15,25,29,53.80379824884739,-1.7968360132921477
03/11/2021 01:59:00,1.233,53,13.1,31,993.78,14,24,29,53.803794037634766,-1.796869626120159
03/11/2021 02:00:00,1.277,52,13.2,31,993.51,15,24,30,53.80342156294354,-1.7968005625559018
03/11/2021 02:01:00,1.267,52,13.4,32,993.38,13,20,29,53.80344857107859,-1.7970460683394482
03/11/2021 02:02:00,1.31,50,13.3,33,993.57,12,20,28,53.80322272561883,-1.7964468159303741
03/11/2021 02:03:00,1.305,51,13.4,35,993.72,12,21,28,53.80292660499381,-1.7967384225018743
03/11/2021 02:04:00,1.349,49,13.4,35,993.94,11,21,28,53.80283214040958,-1.796683065804073
03/11/2021 02:05:00,1.334,49,13.3,35,993.54,10,21,27,53.802890334338244,-1.7966153349011968
03/11/2021 02:06:00,1.314,50,13.3,34,993.67,7,19,27,53.80312954013415,-1.7962170670663864
03/11/2021 02:07:00,1.346,49,13.4,33,993.9,7,20,28,53.80288185428798,-1.796345989759305
03/11/2021 02:08:00,1.366,48,13.3,33,993.81,6,19,28,53.803196831919436,-1.796857509821801
03/11/2021 02:09:00,1.396,47,13.1,32,993.72,6,20,28,53.8031263528288,-1.7964383985400116
03/11/2021 02:10:00,1.397,47,13.3,32,993.66,7,21,28,53.80323715825108,-1.7968473664453923
03/11/2021 02:11:00,1.455,45,13.2,33,993.54,8,21,29,53.80347569451139,-1.7970380446746193
03/11/2021 02:12:00,1.442,45,13.3,34,994.06,5,19,28,53.80341498010252,-1.7968512122299818
03/11/2021 02:13:00,1.452,45,13.2,34,994.05,6,18,28,53.80331779597297,-1.797444632709938
03/11/2021 02:14:00,1.443,45,13.2,33,993.76,7,18,29,53.80317407323376,-1.7972364085497836
03/11/2021 02:15:00,1.46,45,13.1,32,993.84,9,17,29,53.80307171393575,-1.7969708807633464
03/11/2021 02:16:00,1.542,42,13.2,33,994.1,7,14,29,53.802796128488,-1.7974780426822525
03/11/2021 02:17:00,1.564,41,13.3,32,994.22,7,13,30,53.802635444501774,-1.797686210045217
03/11/2021 02:18:00,1.622,39,13.5,32,994.04,5,10,30,53.80271249852898,-1.797327362371275
03/11/2021 02:19:00,1.567,41,13.4,32,994.21,5,12,30,53.80282817619612,-1.7976241766633345
03/11/2021 02:20:00,1.445,45,13.3,32,994.28,5,13,30,53.80286645914924,-1.797515601034975
03/11/2021 02:21:00,1.479,44,13.4,33,994.26,5,12,30,53.80289578551487,-1.7976740101783706
03/11/2021 02:22:00,1.536,42,13.5,33,994.54,5,10,29,53.802881499478985,-1.7977585890704255
03/11/2021 02:23:00,1.511,43,13.4,33,994.3,5,9,29,53.80277161784338,-1.797139558832722
03/11/2021 02:24:00,1.547,41,13.5,33,993.97,6,11,29,53.802656972185346,-1.7972975845629018
03/11/2021 02:25:00,1.503,43,13.6,32,994.23,5,10,29,53.8027730082342,-1.7971575053297726
03/11/2021 02:26:00,1.509,43,13.3,32,993.97,4,8,27,53.802945847412836,-1.797205422868699
03/11/2021 02:27:00,1.528,42,13.4,32,993.68,5,10,29,53.8031616018729,-1.7970545660888733
03/11/2021 02:28:00,1.509,43,13.4,32,993.46,4,8,28,53.80311782643398,-1.7968628771502637
03/11/2021 02:29:00,1.41,47,13.5,30,993.47,5,9,29,53.80338902923662,-1.7971213865155045
03/11/2021 02:30:00,1.409,47,13.5,30,993.23,5,11,29,53.80327301727092,-1.797514127895749
03/11/2021 02:31:00,1.441,45,13.2,30,993.4,7,12,29,53.80362797425576,-1.7973928820502216
03/11/2021 02:32:00,1.386,48,13.3,30,993.16,5,13,29,53.80356038879798,-1.797340452205457
03/11/2021 02:33:00,1.35,49,13.3,30,993.02,5,13,28,53.803603863199015,-1.7967907975155788
03/11/2021 02:34:00,1.259,52,13.3,30,993.13,6,13,28,53.80359504829461,-1.7969541027754123
03/11/2021 02:35:00,1.326,50,13.2,31,992.83,7,13,27,53.803557438123526,-1.7968736796386313
03/11/2021 02:36:00,1.295,51,13.1,31,992.54,6,13,27,53.80356280759991,-1.7968999346893861
03/11/2021 02:37:00,1.33,50,13.0,32,992.55,7,12,27,53.8034276144379,-1.7972717631436086
03/11/2021 02:38:00,1.336,49,13.1,32,992.7,9,15,27,53.80323275435397,-1.797184623310167
03/11/2021 02:39:00,1.379,48,13.1,31,992.81,7,13,27,53.803378085564525,-1.797103026060469
03/11/2021 02:40:00,1.45,45,13.0,31,993.0,6,12,28,53.80337849945494,-1.7971030226579765
03/11/2021 02:41:00,1.369,48,13.1,31,992.6,7,12,27,53.803529725518636,-1.7970523834342997
03/11/2021 02:42:00,1.406,47,13.1,33,992.68,7,13,25,53.80351026790737,-1.7968427639311961
03/11/2021 02:43:00,1.409,47,13.2,32,992.69,8,14,25,53.80327033782655,-1.796378831713257
03/11/2021 02:44:00,1.42,46,13.2,33,992.41,7,13,24,53.80334757334837,-1.7961825872194768
03/11/2021 02:45:00,1.373,48,13.2,34,992.42,6,11,24,53.80317421248194,-1.7967517079892994
03/11/2021 02:46:00,1.39,47,13.3,33,992.46,5,10,24,53.80324632149088,-1.7968159722718382
03/11/2021 02:47:00,1.274,52,13.2,33,992.08,4,9,23,53.803214156934516,-1.7970790478688659
03/11/2021 02:48:00,1.328,50,13.1,34,991.97,4,9,22,53.80334110604434,-1.7968159500258023
03/11/2021 02:49:00,1.295,51,13.2,34,991.83,3,9,23,53.803694303304475,-1.7965909052623255
03/11/2021 02:50:00,1.258,52,13.0,35,991.8,4,10,23,53.80357161165129,-1.796093554149761
03/11/2021 02:51:00,1.275,52,13.1,34,991.89,4,11,23,53.80357004423175,-1.796091938328571
03/11/2021 02:52:00,1.244,53,13.1,34,992.14,4,13,23,53.80354192594236,-1.795698773309971
03/11/2021 02:53:00,1.309,50,13.1,34,991.83,3,12,23,53.8032933482288,-1.7957649562376323
03/11/2021 02:54:00,1.366,48,13.1,33,991.91,3,13,23,53.803535793250425,-1.7955062957441166
03/11/2021 02:55:00,1.329,50,13.1,34,991.94,3,13,22,53.80357796486492,-1.7954256891267866
03/11/2021 02:56:00,1.35,49,13.2,33,992.06,4,16,23,53.80396718305462,-1.795617490277577
03/11/2021 02:57:00,1.432,46,13.3,34,991.87,3,15,23,53.80388198937731,-1.7961103147583293
03/11/2021 02:58:00,1.423,46,13.5,34,992.2,2,14,23,53.803881584898555,-1.7961083426992022
03/11/2021 02:59:00,1.426,46,13.4,33,992.21,2,14,23,53.80359242429407,-1.7960556965177497
03/11/2021 03:00:00,1.351,49,13.3,33,992.27,2,12,22,53.80357282541862,-1.7960021983689447
03/11/2021 03:01:00,1.376,48,13.3,32,992.0,2,12,20,53.80352609931321,-1.795561382265616
03/11/2021 03:02:00,1.379,48,13.5,32,991.97,2,13,20,53.80372067954473,-1.7958037619118947
03/11/2021 03:03:00,1.379,48,13.7,32,992.19,2,11,20,53.8035991647382,-1.7954368089423216
03/11/2021 03:04:00,1.436,46,13.8,32,991.89,2,12,20,53.80347309864384,-1.7956727613724364
03/11/2021 03:05:00,1.45,45,13.7,32,991.59,2,14,20,53.80343979946162,-1.7952555282137652
03/11/2021 03:06:00,1.42,46,13.9,32,991.42,2,13,19,53.80344115137071,-1.7953692169083961
03/11/2021 03:07:00,1.398,47,14.0,33,991.47,3,14,20,53.80373864324549,-1.7951459950566937
03/11/2021 03:08:00,1.429,46,13.9,34,991.86,3,15,20,53.80393390732156,-1.7945652160728576
03/11/2021 03:09:00,1.517,43,14.0,33,991.82,2,14,21,53.80407391763024,-1.7943214221579944
03/11/2021 03:10:00,1.521,42,13.7,34,991.74,3,15,22,53.80407869054243,-1.7943244823739841
03/11/2021 03:11:00,1.561,41,13.7,34,991.51,3,12,21,53.80398307727716,-1.7947962071514227
03/11/2021 03:12:00,1.568,41,13.6,33,991.44,4,14,23,53.80390508211766,-1.7953102813447828
03/11/2021 03:13:00,1.58,40,13.7,32,992.03,5,13,23,53.80390586229686,-1.7953179377316373
03/11/2021 03:14:00,1.598,40,13.6,33,992.09,5,13,24,53.80385534035806,-1.795140688158495
03/11/2021 03:15:00,1.679,37,13.8,34,992.22,5,13,24,53.80385786642279,-1.795178906265892
03/11/2021 03:16:00,1.706,36,13.7,34,992.25,6,14,25,53.803847246878576,-1.7952443274629768
03/11/2021 03:17:00,1.737,34,13.7,34,991.62,6,12,25,53.80411679170291,-1.7949151037154358
03/11/2021 03:18:00,1.736,34,13.6,34,991.74,7,12,24,53.804389052877596,-1.7951766668154445
03/11/2021 03:19:00,1.798,32,13.5,34,991.89,9,16,25,53.804753658750265,-1.795575594881797
03/11/2021 03:20:00,1.822,31,13.4,36,991.54,9,16,25,53.804641512818904,-1.7953464311575666
03/11/2021 03:21:00,1.82,31,13.5,35,991.85,9,18,26,53.80422120394666,-1.7952840825783711
03/11/2021 03:22:00,1.877,29,13.3,36,991.69,10,18,27,53.804162016941554,-1.7951185500673494
03/11/2021 03:23:00,1.833,31,13.3,36,991.64,10,20,29,53.8039609362989,-1.7951400869290781
03/11/2021 03:24:00,1.819,31,13.3,35,991.68,10,21,29,53.80355913047392,-1.795309073032218
03/11/2021 03:25:00,1.817,31,13.2,35,991.97,11,22,29,53.80347683194958,-1.7951318937284095
03/11/2021 03:26:00,1.87,29,13.2,36,991.66,10,20,28,53.80347697275258,-1.795374063576639
03/11/2021 03:27:00,1.798,32,13.3,36,991.59,9,21,27,53.80389650238401,-1.7952131452242892
03/11/2021 03:28:00,1.878,29,13.3,36,991.6,10,21,27,53.80380441280375,-1.7952100294820568
03/11/2021 03:29:00,1.84,30,13.4,35,991.98,9,18,27,53.803669462107784,-1.795761781345957
03/11/2021 03:30:00,1.86,30,13.3,37,992.35,8,18,28,53.80350937157868,-1.7954693812632485
03/11/2021 03:31:00,1.877,29,13.4,37,992.15,8,18,28,53.8038170548691,-1.7953132931478355
03/11/2021 03:32:00,1.925,27,13.5,37,992.12,7,17,28,53.80362898644864,-1.7956680412354178
03/11/2021 03:33:00,1.936,27,13.5,36,992.15,8,18,28,53.803949765339894,-1.7959967558089143
03/11/2021 03:34:00,1.94,27,13.4,36,992.08,7,18,29,53.80394142342175,-1.7958736377610636
03/11/2021 03:35:00,1.891,29,13.5,35,991.77,7,16,28,53.803873974688564,-1.7959664169914187
03/11/2021 03:36:00,1.826,31,13.5,36,992.03,6,14,28,53.80399384900675,-1.79590681349173
03/11/2021 03:37:00,1.882,29,13.4,36,992.06,8,16,29,53.80434752969267,-1.7958215578000656
03/11/2021 03:38:00,1.872,29,13.5,36,992.08,9,18,30,53.80396212255403,-1.7957881689213528
03/11/2021 03:39:00,1.871,29,13.5,37,991.96,11,20,29,53.80404924355333,-1.7955375072683981
03/11/2021 03:40:00,1.94,27,13.6,36,992.03,7,20,29,53.80424024836452,-1.7959751847113254
03/11/2021 03:41:00,1.93,27,13.7,35,992.25,7,19,29,53.80463300027991,-1.7962626182405843
03/11/2021 03:42:00,1.912,28,13.7,35,992.17,7,22,29,53.80458984759424,-1.7962397022155296
03/11/2021 03:43:00,1.872,29,13.6,33,992.14,7,22,29,53.804738768811966,-1.7959949896903102
03/11/2021 03:44:00,1.807,32,13.5,35,992.64,5,23,30,53.804670634394,-1.7958506809286117
03/11/2021 03:45:00,1.773,33,13.3,35,992.47,5,22,30,53.804584439314,-1.7958892748153679
03/11/2021 03:46:00,1.8,32,13.5,35,992.76,6,22,30,53.804687793804405,-1.7954795377990223
03/11/2021 03:47:00,1.824,31,13.5,35,992.96,6,24,31,53.80484124094183,-1.7959084267519603
03/11/2021 03:48:00,1.88,29,13.4,35,992.86,6,24,31,53.804845725929205,-1.7959042635234623
03/11/2021 03:49:00,1.95,26,13.4,36,992.34,6,23,32,53.804934140987484,-1.7956722675820989
03/11/2021 03:50:00,1.886,29,13.4,36,992.31,5,24,32,53.804989242682105,-1.7957668423653976
03/11/2021 03:51:00,1.791,32,13.4,37,992.11,4,24,31,53.80518631684847,-1.7960050879030454
03/11/2021 03:52:00,1.848,30,13.4,37,992.24,6,26,32,53.805197164260164,-1.7959727022877567
03/11/2021 03:53:00,1.819,31,13.5,38,992.32,7,28,33,53.80507509735099,-1.7963514705108412
03/11/2021 03:54:00,1.764,33,13.5,37,991.95,7,28,33,53.804950989711024,-1.7957539730983931
03/11/2021 03:55:00,1.889,29,13.6,37,991.72,7,28,34,53.80496353681849,-1.7956515645734772
03/11/2021 03:56:00,1.878,29,13.6,37,991.97,6,26,33,53.80498121324078,-1.7957120902351025
03/11/2021 03:57:00,1.858,30,13.7,37,991.79,5,27,34,53.80496770209712,-1.7952911038531059
03/11/2021 03:58:00,1.871,29,13.7,38,991.69,6,27,34,53.804855301196554,-1.7953975862321427
03/11/2021 03:59:00,1.895,28,13.5,38,991.59,4,27,34,53.80491569020755,-1.7954068435304806
03/11/2021 04:00:00,1.892,29,13.4,38,991.77,4,25,34,53.804915014973446,-1.7954592191151495
03/11/2021 04:01:00,1.879,29,13.4,38,991.25,6,29,34,53.80503442537093,-1.7952716553417707
03/11/2021 04:02:00,1.901,28,13.4,38,991.09,5,28,34,53.80488864285825,-1.7952708111368612
03/11/2021 04:03:00,1.914,28,13.3,38,991.34,5,27,33,53.80527366618132,-1.7950479628913987
03/11/2021 04:04:00,1.858,30,13.2,39,991.17,6,24,32,53.80526846040837,-1.795056623936281
03/11/2021 04:05:00,1.906,28,13.3,40,991.24,6,24,32,53.8053823282829,-1.7950289719382515
03/11/2021 04:06:00,1.874,29,13.3,38,991.57,5,25,32,53.805621778718574,-1.7951419336852716
03/11/2021 04:07:00,1.821,31,13.4,37,991.56,4,25,32,53.80573703307795,-1.794428415214564
03/11/2021 04:08:00,1.786,33,13.4,38,991.56,5,24,33,53.80573165179461,-1.7946460174887437
03/11/2021 04:09:00,1.727,35,13.4,38,992.01,5,26,34,53.80572132370834,-1.7945264309422204
03/11/2021 04:10:00,1.691,36,13.7,38,992.39,4,24,32,53.805916014261925,-1.7942566357398424
03/11/2021 04:11:00,1.723,35,13.7,38,991.81,6,22,32,53.80606397288868,-1.7938370305498668
03/11/2021 04:12:00,1.775,33,13.8,37,992.12,5,25,33,53.80609599067688,-1.7940739755088355
03/11/2021 04:13:00,1.952,26,13.9,37,992.27,5,21,31,53.80635050691551,-1.7941227191568634
03/11/2021 04:14:00,1.995,25,13.9,39,992.41,5,22,32,53.80630609973226,-1.7941499051529999
03/11/2021 04:15:00,1.991,25,14.0,40,992.0,5,23,32,53.80629532082148,-1.793828675153289
03/11/2021 04:16:00,1.961,26,13.9,40,991.79,5,22,33,53.8063609326682,-1.7933860339424565
03/11/2021 04:17:00,1.915,28,13.8,40,991.73,4,23,33,53.806295152213885,-1.7937585534679954
03/11/2021 04:18:00,1.818,31,13.7,39,991.61,4,22,32,53.80617052039595,-1.793847622439458
03/11/2021 04:19:00,1.796,32,13.7,41,991.42,4,24,32,53.80590126665396,-1.7936306960534276
03/11/2021 04:20:00,1.818,31,13.6,41,991.37,6,26,33,53.80580499905829,-1.7936644079818755
03/11/2021 04:21:00,1.751,34,13.6,41,991.6,8,27,34,53.805628037745024,-1.793080842881452
03/11/2021 04:22:00,1.714,35,13.7,42,991.56,8,29,35,53.80552898253512,-1.7928752382992397
03/11/2021 04:23:00,1.651,38,13.9,40,991.59,8,29,34,53.805474315363924,-1.7929194279470817
03/11/2021 04:24:00,1.652,38,13.9,40,991.7,7,27,33,53.80545627706761,-1.792924744380328
03/11/2021 04:25:00,1.601,39,13.8,40,991.97,7,26,33,53.80537765039817,-1.7928750319370366
03/11/2021 04:26:00,1.692,36,13.9,41,992.08,6,23,32,53.805539676774046,-1.793393928090581
03/11/2021 04:27:00,1.789,32,14.0,40,992.1,5,24,33,53.80541675703523,-1.7931693095680385
03/11/2021 04:28:00,1.782,33,13.8,39,991.62,6,21,33,53.805414309730054,-1.7929415353786424
03/11/2021 04:29:00,1.784,33,14.0,38,991.51,6,23,34,53.805346623012994,-1.7928914192225955
03/11/2021 04:30:00,1.778,33,14.1,38,991.38,7,26,35,53.80519716635563,-1.7933311749427485
03/11/2021 04:31:00,1.795,32,14.0,38,991.56,8,22,35,53.805465171372624,-1.7930273366073641
03/11/2021 04:32:00,1.787,33,13.9,38,991.73,10,24,35,53.80521197989699,-1.7933349408464945
03/11/2021 04:33:00,1.833,31,13.8,38,992.17,9,22,36,53.80516220103507,-1.793761173420816
03/11/2021 04:34:00,1.837,31,13.8,38,991.98,10,22,36,53.805435156248386,-1.7937395247698076
03/11/2021 04:35:00,1.78,33,13.9,38,992.32,13,25,36,53.80542672574686,-1.7943757438374706
03/11/2021 04:36:00,1.723,35,13.8,39,992.12,16,27,36,53.8053619006144,-1.7940283342267789
03/11/2021 04:37:00,1.688,36,13.7,38,991.9,15,26,36,53.8053612827205,-1.794028702326139
03/11/2021 04:38:00,1.71,35,13.8,38,991.85,15,26,35,53.80550807637937,-1.7939091702849552
03/11/2021 04:39:00,1.592,40,13.8,39,992.06,13,22,35,53.80551332236328,-1.793897650318248
03/11/2021 04:40:00,1.624,39,13.7,38,992.03,14,22,35,53.80553858083178,-1.7939147990530149
03/11/2021 04:41:00,1.666,37,13.9,39,991.88,14,23,35,53.80538263014846,-1.7938316877472849
03/11/2021 04:42:00,1.681,36,13.9,39,991.9,14,25,35,53.8054010880557,-1.793093328255896
03/11/2021 04:43:00,1.711,35,14.0,39,991.57,14,27,35,53.80505079895494,-1.7930795447501013
03/11/2021 04:44:00,1.666,37,14.0,40,991.99,14,28,36,53.805226903827936,-1.793706337501802
03/11/2021 04:45:00,1.667,37,14.1,40,991.73,13,27,36,53.80527783869926,-1.7931415144874239
03/11/2021 04:46:00,1.813,32,13.9,40,991.93,15,28,37,53.80513011897951,-1.7935128126554851
03/11/2021 04:47:00,1.908,28,14.0,40,991.66,14,26,36,53.805118988991254,-1.7936621211188855
03/11/2021 04:48:00,1.91,28,13.9,40,991.48,15,28,37,53.805022288775874,-1.7932740512231882
03/11/2021 04:49:00,1.91,28,13.9,41,991.51,13,27,36,53.804946786712485,-1.7932327155114514
03/11/2021 04:50:00,1.949,26,14.0,41,991.65,14,29,36,53.804600646081056,-1.7935374162810036
03/11/2021 04:51:00,1.98,25,14.0,41,991.41,14,28,36,53.80460150169164,-1.7937684562322636
03/11/2021 04:52:00,1.926,27,14.0,41,991.26,13,27,35,53.804635574207154,-1.7936832933215685
03/11/2021 04:53:00,1.984,25,14.1,40,991.01,13,25,36,53.804863841056005,-1.7931413155401514
03/11/2021 04:54:00,1.951,26,14.1,41,990.87,13,25,36,53.805016888993,-1.7929176455909142
03/11/2021 04:55:00,1.975,25,14.0,42,991.2,12,21,36,53.80507476592485,-1.7929806438483489
03/11/2021 04:56:00,1.991,25,13.9,41,991.16,10,18,35,53.80478653156216,-1.793458776910895
03/11/2021 04:57:00,1.975,25,13.9,42,991.04,6,13,34,53.80456417033715,-1.793767500125302
03/11/2021 04:58:00,1.948,26,13.8,42,991.31,5,11,34,53.80423355733734,-1.7941354913900671
03/11/2021 04:59:00,1.914,28,13.9,43,991.36,6,14,33,53.80427586076888,-1.7941749469451311
03/11/2021 05:00:00,1.902,28,13.9,43,991.8,8,16,33,53.80419313138941,-1.7935625763149547
03/11/2021 05:01:00,1.889,29,14.0,44,991.51,8,19,34,53.804241703413425,-1.7935186229059707
03/11/2021 05:02:00,1.886,29,13.9,43,991.52,9,19,34,53.804292795091925,-1.7934407170469606
03/11/2021 05:03:00,1.856,30,13.9,42,991.56,10,18,33,53.80416384915187,-1.7927365543736664
03/11/2021 05:04:00,1.876,29,13.9,42,991.53,11,18,32,53.80433371935902,-1.7928101102556975
03/11/2021 05:05:00,1.909,28,13.8,42,991.48,13,19,33,53.804273694824474,-1.7930928874943746
03/11/2021 05:06:00,1.886,29,13.9,43,991.78,10,15,32,53.80411223675562,-1.7935813799552867
03/11/2021 05:07:00,1.882,29,13.8,43,992.05,11,16,31,53.80449028543163,-1.7935556028518493
03/11/2021 05:08:00,1.866,30,14.0,43,992.23,,,,53.80428937184461,-1.7937544014495785
03/11/2021 05:09:00,1.886,29,14.1,42,992.27,11,17,29,53.80416006530403,-1.7944618508319727
03/11/2021 05:10:00,1.858,30,14.1,41,992.18,11,17,30,53.80409758371323,-1.7945882999217142
03/11/2021 05:11:00,1.776,33,14.2,43,991.75,10,16,30,53.803802821387,-1.7943227411611993
03/11/2021 05:12:00,1.766,33,14.1,43,991.94,9,15,29,53.803580190949795,-1.794200671777817
03/11/2021 05:13:00,1.769,33,14.1,43,991.6,9,16,29,53.80358121159003,-1.7943713051900996
03/11/2021 05:14:00,1.727,35,14.2,44,991.87,8,15,29,53.80348463859917,-1.794495787109161
03/11/2021 05:15:00,1.686,36,14.2,44,991.64,8,14,29,53.803529431655605,-1.7950384837700035
03/11/2021 05:16:00,1.776,33,14.2,43,991.61,7,14,29,53.80367085132217,-1.794535662294019
03/11/2021 05:17:00,1.862,30,14.0,43,991.91,6,12,29,53.803715603525205,-1.794426488680726
03/11/2021 05:18:00,1.82,31,14.0,43,991.87,7,12,29,53.80351260145722,-1.794222016392179
03/11/2021 05:19:00,1.794,32,13.8,44,991.58,7,11,29,53.80362076712676,-1.7946154277263322
03/11/2021 05:20:00,1.76,34,13.7,44,991.49,7,13,30,53.80355595679235,-1.7947455649079693
03/11/2021 05:21:00,1.651,38,13.7,44,991.9,6,12,30,53.80349883160146,-1.7948456533415258
03/11/2021 05:22:00,1.551,41,13.8,45,991.5,5,11,30,53.80353089032254,-1.7947715162254705
03/11/2021 05:23:00,1.529,42,13.9,45,991.87,6,13,31,53.80344850187465,-1.7953429161976524
03/11/2021 05:24:00,1.447,45,14.0,45,991.78,7,15,31,53.80335649027893,-1.7951841049157768
03/11/2021 05:25:00,1.431,46,14.0,45,992.05,7,16,31,53.80340972711654,-1.795472599891003
03/11/2021 05:26:00,1.416,46,14.1,44,992.31,6,17,31,53.80322852383169,-1.7949698848498716
03/11/2021 05:27:00,1.472,44,14.2,44,992.58,7,18,31,53.80341365641605,-1.794786641406266
03/11/2021 05:28:00,1.456,45,14.2,44,992.39,7,17,31,53.80354868975082,-1.795177242371657
03/11/2021 05:29:00,1.449,45,14.3,43,992.15,7,16,32,53.803599246100376,-1.7948549564827068
03/11/2021 05:30:00,1.417,46,14.5,42,992.08,8,16,33,53.803637430197,-1.7947220938825474
03/11/2021 05:31:00,1.423,46,14.7,44,992.19,8,17,32,53.80396233033466,-1.7945303154732137
03/11/2021 05:32:00,1.322,50,14.7,44,992.57,11,21,33,53.80380083604968,-1.7938806769248585
03/11/2021 05:33:00,1.304,51,14.9,45,992.63,10,21,33,53.80394269530783,-1.794165284164643
03/11/2021 05:34:00,1.195,55,14.9,45,992.61,9,20,33,53.80391757645534,-1.7942494337053723
03/11/2021 05:35:00,1.155,56,14.8,44,992.39,11,22,33,53.804271081301124,-1.7944670716627464
03/11/2021 05:36:00,1.11,58,14.6,45,992.58,14,25,35,53.8042511005218,-1.7943500425784793
03/11/2021 05:37:00,1.149,56,14.5,46,993.1,14,25,35,53.8046564802673,-1.794141755916025
03/11/2021 05:38:00,1.188,55,14.6,46,993.28,14,24,35,53.805064744084035,-1.794239018856215
03/11/2021 05:39:00,1.269,52,14.3,47,993.33,13,23,35,53.80478101976117,-1.7945305300991217
03/11/2021 05:40:00,1.275,52,14.4,47,993.14,10,21,34,53.80486039525521,-1.7942948219449246
03/11/2021 05:41:00,1.238,53,14.4,46,992.75,9,18,35,53.804663735842546,-1.7939899310539922
03/11/2021 05:42:00,1.291,51,14.6,47,993.12,9,18,35,53.8046211302936,-1.7942041957628088
03/11/2021 05:43:00,1.302,51,14.5,47,993.23,7,15,35,53.80454712775474,-1.7936712290784818
03/11/2021 05:44:00,1.262,52,14.6,48,993.12,7,15,36,53.80435433212621,-1.7935122377015353
03/11/2021 05:45:00,1.209,54,14.6,49,993.54,7,17,36,53.80431056868748,-1.7936562652770414
03/11/2021 05:46:00,1.131,57,14.7,50,993.66,6,17,36,53.80433470565116,-1.7939460874886801
03/11/2021 05:47:00,1.185,55,14.7,50,993.89,5,14,38,53.804304057555996,-1.79394932511784
03/11/2021 05:48:00,1.232,53,14.7,50,994.01,4,11,38,53.80440361315686,-1.7943251292761904
03/11/2021 05:49:00,1.183,55,14.7,49,994.13,5,11,39,53.804235532849546,-1.7942765102242264
03/11/2021 05:50:00,1.157,56,14.8,48,994.12,5,13,38,53.8039561284302,-1.7946035854165556
03/11/2021 05:51:00,1.187,55,14.8,49,993.88,6,15,38,53.804187898583,-1.7952014950407593
03/11/2021 05:52:00,1.203,54,14.7,50,994.18,6,14,39,53.80456269508613,-1.7952623984825566
03/11/2021 05:53:00,1.131,57,14.5,49,993.91,7,13,39,53.804970444575275,-1.795134220976491
03/11/2021 05:54:00,1.148,56,14.6,49,993.93,7,15,39,53.805052288602134,-1.7951988667410963
03/11/2021 05:55:00,1.15,56,14.6,51,994.4,7,18,40,53.80475228254044,-1.7957059132738458
03/11/2021 05:56:00,1.111,58,14.5,51,994.07,6,16,40,53.80496156494038,-1.795550526323856
03/11/2021 05:57:00,1.094,58,14.4,51,993.9,6,15,41,53.80494608705603,-1.7954285540367105
03/11/2021 05:58:00,1.123,57,14.7,49,994.08,7,15,42,53.80481993788472,-1.7960165872131273
03/11/2021 05:59:00,1.095,58,14.7,49,993.95,8,20,42,53.80519269098811,-1.796319941015044
03/11/2021 06:00:00,1.099,58,14.7,49,993.84,7,18,43,53.805626966808475,-1.7962733583854673
03/11/2021 06:01:00,1.036,61,14.6,49,993.57,6,15,43,53.80566344860831,-1.7969947179789598
03/11/2021 06:02:00,1.05,60,14.5,49,993.6,7,17,42,53.80558921148124,-1.7969020876692061
03/11/2021 06:03:00,1.059,60,14.5,49,993.37,5,17,43,53.80576099318464,-1.7968413545609747
03/11/2021 06:04:00,1.021,61,14.5,47,993.14,6,16,44,53.805790260539894,-1.7968563320470379
03/11/2021 06:05:00,1.025,61,14.7,46,992.69,7,16,45,53.80575343206159,-1.796936058018595
03/11/2021 06:06:00,1.029,61,14.8,47,992.93,8,17,45,53.80601011391662,-1.7972493737251418
03/11/2021 06:07:00,0.951,64,14.8,48,992.75,7,15,45,53.80571914600622,-1.797511770866363
03/11/2021 06:08:00,0.88,66,15.0,47,992.39,7,15,45,53.805712008138066,-1.7975271010834284
03/11/2021 06:09:00,0.846,68,14.9,47,992.06,8,19,46,53.80563259154509,-1.79777177246505
03/11/2021 06:10:00,0.946,64,14.9,47,992.3,8,21,47,53.80520283331453,-1.7975739819025307
03/11/2021 06:11:00,0.974,63,14.8,48,992.58,10,23,48,53.80537585016114,-1.7978266738953117
03/11/2021 06:12:00,1.003,62,15.0,48,992.49,12,27,48,53.8056758526464,-1.7980789060441411
03/11/2021 06:13:00,1.029,61,14.9,46,992.42,11,24,48,53.80605059422575,-1.7980946940716673
03/11/2021 06:14:00,1.058,60,14.9,47,992.42,10,27,48,53.80605543718811,-1.798084300159821
03/11/2021 06:15:00,1.018,61,15.0,46,992.55,11,26,49,53.80589616518914,-1.798235433862059
03/11/2021 06:16:00,1.104,58,14.7,47,992.47,11,26,48,53.80600740588672,-1.7988803773235078
03/11/2021 06:17:00,1.122,57,14.8,47,992.48,12,30,47,53.80615480798681,-1.7983805542238935
03/11/2021 06:18:00,1.07,59,14.7,46,993.04,14,34,48,53.80584453856067,-1.7984832609689254
03/11/2021 06:19:00,1.06,60,14.7,45,992.89,13,30,48,53.80618851850325,-1.7985534167917936
03/11/2021 06:20:00,1.081,59,14.6,45,993.12,13,31,49,53.80623744078064,-1.7982674294725471
03/11/2021 06:21:00,1.126,57,14.6,46,993.43,12,33,49,53.80620933192978,-1.7979296049440958
03/11/2021 06:22:00,1.091,59,14.4,48,992.7,16,35,49,53.80594990809758,-1.7980596688987374
03/11/2021 06:23:00,1.048,60,14.4,48,992.56,14,32,50,53.80584495064342,-1.7984394298254125
03/11/2021 06:24:00,0.993,62,14.4,47,992.96,18,35,49,53.8058974679601,-1.7985612902097425
03/11/2021 06:25:00,0.968,63,14.4,49,993.28,17,37,49,53.805978387324735,-1.798628471727901
03/11/2021 06:26:00,0.97,63,14.6,49,993.37,14,35,49,53.80590350858908,-1.7979274560281402
03/11/2021 06:27:00,1.011,62,14.6,49,993.07,13,33,48,53.806010895552994,-1.7978693974273852
03/11/2021 06:28:00,1.038,61,14.5,49,993.34,12,33,47,53.80609865061071,-1.7977809379742957
03/11/2021 06:29:00,1.108,58,14.6,49,993.7,13,35,47,53.805822953904574,-1.7982211589362045
03/11/2021 06:30:00,1.102,58,14.4,49,993.47,13,39,47,53.8058094448823,-1.7982323826276099
03/11/2021 06:31:00,1.055,60,14.4,49,993.61,13,38,47,53.80586477281838,-1.7978318427604645
03/11/2021 06:32:00,1.111,58,14.4,50,993.7,15,38,48,53.80607074068691,-1.7976768275968307
03/11/2021 06:33:00,1.059,60,14.3,51,993.35,17,39,48,53.805959808795876,-1.797241998905451
03/11/2021 06:34:00,1.057,60,14.2,51,993.18,14,40,48,53.805535462156485,-1.7972377582159398
03/11/2021 06:35:00,1.062,60,14.1,51,993.17,17,38,48,53.80563206099103,-1.7977433582197497
03/11/2021 06:36:00,1.04,61,13.9,51,993.11,20,40,49,53.805617591059494,-1.797688205644871
03/11/2021 06:37:00,1.047,60,14.0,50,993.44,20,38,51,53.80566200720678,-1.7974913290910335
03/11/2021 06:38:00,1.102,58,14.0,49,993.52,21,39,50,53.8056461994378,-1.7974195053257176
03/11/2021 06:39:00,1.134,57,14.2,50,993.22,22,41,49,53.805689914724724,-1.7974672061075778
03/11/2021 06:40:00,1.112,58,14.2,49,993.21,19,40,50,53.805645064491465,-1.7974844949160167
03/11/2021 06:41:00,1.167,56,14.3,49,993.39,18,40,51,53.80543663013066,-1.7968340405076384
03/11/2021 06:42:00,1.18,55,14.3,49,993.57,16,38,50,53.805787147919304,-1.7964509921713783
03/11/2021 06:43:00,1.165,56,14.4,50,993.65,16,35,50,53.80578179656283,-1.796565199641666
03/11/2021 06:44:00,1.193,55,14.5,49,993.95,18,39,51,53.80585837721976,-1.7963979734554385
03/11/2021 06:45:00,1.056,60,14.3,50,994.0,20,40,51,53.80555824073618,-1.795981524239145
03/11/2021 06:46:00,1.02,61,14.3,52,994.09,,,,53.80531383344217,-1.795830295338723
03/11/2021 06:47:00,1.043,60,14.2,52,994.18,20,35,51,53.805078722738735,-1.795544983874583
03/11/2021 06:48:00,1.025,61,14.2,53,994.1,22,37,52,53.805284436051565,-1.7951911320375302
03/11/2021 06:49:00,0.964,63,14.1,52,994.54,22,38,52,53.80548247638814,-1.7955714401605232
03/11/2021 06:50:00,0.978,63,14.3,53,994.74,28,44,52,53.805407649361676,-1.7954932538863702
03/11/2021 06:51:00,0.938,64,14.2,53,994.89,29,45,53,53.80539655949382,-1.7954624580695875
03/11/2021 06:52:00,0.86,67,14.1,52,994.81,28,43,52,53.80534226093655,-1.7955272289321558
03/11/2021 06:53:00,0.875,67,14.1,51,994.79,,,,53.805334351071664,-1.7955766989708861
03/11/2021 06:54:00,0.874,67,14.0,50,995.11,22,42,53,53.80559327469627,-1.7957108210261215
03/11/2021 06:55:00,0.845,68,14.0,50,995.15,24,42,53,53.80555479432659,-1.7956724654195648
03/11/2021 06:56:00,0.932,65,14.1,51,995.14,27,46,54,53.80572302844335,-1.795548452125787
03/11/2021 06:57:00,0.918,65,13.9,51,994.61,22,41,54,53.805667854408526,-1.795510347509431
03/11/2021 06:58:00,0.904,66,13.8,50,994.64,26,43,55,53.80567486540891,-1.7953159551627909
03/11/2021 06:59:00,0.928,65,13.9,51,994.51,23,43,55,53.80535826099754,-1.7953368295299756
03/11/2021 07:00:00,0.904,66,13.9,51,994.46,23,45,54,53.8056972532364,-1.7954601216766597
03/11/2021 07:01:00,0.801,69,13.9,50,994.74,23,44,55,53.80584833606925,-1.7952706026535867
03/11/2021 07:02:00,0.779,70,13.9,51,994.48,22,39,55,53.80596664661647,-1.7953994714773533
03/11/2021 07:03:00,0.847,68,13.9,50,994.62,24,44,56,53.80629478679575,-1.7955462987671007
03/11/2021 07:04:00,0.851,68,14.0,51,994.85,24,48,57,53.80628243586771,-1.795524802326216
03/11/2021 07:05:00,0.903,66,14.1,50,994.94,19,44,58,53.80637119435572,-1.7952989292992059
03/11/2021 07:06:00,0.9,66,14.0,50,994.93,21,43,58,53.8060397784844,-1.7950429901074678
03/11/2021 07:07:00,0.975,63,13.9,49,994.99,25,42,57,53.80582520846913,-1.795158232237392
03/11/2021 07:08:00,0.984,63,13.9,49,994.87,23,40,57,53.805904019490534,-1.7951321010196382
03/11/2021 07:09:00,0.996,62,14.1,48,994.97,22,38,57,53.80592226708676,-1.7951104733533565
03/11/2021 07:10:00,1.015,61,14.1,49,995.28,23,45,58,53.80585021157238,-1.7954408711083032
03/11/2021 07:11:00,1.021,61,14.0,48,995.42,19,43,58,53.80584747262937,-1.7954823817281034
03/11/2021 07:12:00,1.093,58,14.0,47,995.81,,,,53.80620956316719,-1.7958936971337038
03/11/2021 07:13:00,1.016,61,13.9,49,995.92,21,41,59,53.80659118810024,-1.7959952595570194
03/11/2021 07:14:00,0.965,63,14.0,49,995.94,23,38,59,53.806519585488104,-1.7962557495552658
03/11/2021 07:15:00,1.004,62,14.0,51,996.17,22,38,61,53.806334693099025,-1.7959594608779128
03/11/2021 07:16:00,0.991,62,13.9,51,996.19,24,40,61,53.8063284178528,-1.7959447526765868
03/11/2021 07:17:00,0.888,66,13.9,51,996.53,21,37,62,53.806353164549385,-1.7965766259839386
03/11/2021 07:18:00,0.84,68,14.0,50,996.45,23,40,62,53.806122415866895,-1.79653041481168
03/11/2021 07:19:00,0.865,67,14.0,49,996.6,27,44,61,53.80586814008849,-1.7968037021313197
03/11/2021 07:20:00,0.892,66,14.2,48,996.48,31,47,61,53.80587757840965,-1.7968174671469082
03/11/2021 07:21:00,0.934,64,14.3,48,996.65,28,45,61,53.80583268540218,-1.796864180428922
03/11/2021 07:22:00,0.899,66,14.3,47,996.73,28,44,61,53.80581342504893,-1.7969033846806937
03/11/2021 07:23:00,0.939,64,14.4,47,996.8,29,47,61,53.80545160666198,-1.7966156365306571
03/11/2021 07:24:00,0.941,64,14.5,48,996.82,27,45,61,53.80586318732688,-1.7966053584601007
03/11/2021 07:25:00,0.904,66,14.6,47,996.69,23,37,61,53.80591534629803,-1.7962725523159901
03/11/2021 07:26:00,0.835,68,14.5,47,996.92,26,42,61,53.80582243010151,-1.7961513077574378
03/11/2021 07:27:00,0.787,70,14.5,47,996.65,31,45,62,53.80579031177803,-1.7962789462029891
03/11/2021 07:28:00,0.736,72,14.5,47,996.26,34,46,62,53.8057595739162,-1.7965206147229742
03/11/2021 07:29:00,0.697,73,14.5,47,996.66,38,51,62,53.80582960283567,-1.7962666317621256
03/11/2021 07:30:00,0.699,73,14.7,48,997.06,32,45,62,53.805908777114446,-1.7963525713637014
03/11/2021 07:31:00,0.771,71,14.9,48,997.42,34,45,62,53.805611253951284,-1.796057600534962
03/11/2021 07:32:00,0.796,70,14.9,48,997.43,31,44,63,53.805606208780354,-1.7960476705142616
03/11/2021 07:33:00,0.86,67,14.8,48,997.12,35,50,62,53.80548317387266,-1.7960832070230677
03/11/2021 07:34:00,0.84,68,14.5,48,997.2,30,48,62,53.80563479032584,-1.7965579099073052
03/11/2021 07:35:00,0.785,70,14.5,48,997.3,31,47,62,53.80576097486018,-1.7964138951684048
03/11/2021 07:36:00,0.787,70,14.4,48,997.18,33,46,61,53.805683233491465,-1.7965124403063204
03/11/2021 07:37:00,0.744,72,14.4,47,997.23,36,47,60,53.805646429460836,-1.796644970015087
03/11/2021 07:38:00,0.727,72,14.3,47,997.26,40,50,60,53.80585047874914,-1.796471475049803
03/11/2021 07:39:00,0.681,74,14.2,48,997.04,36,51,61,53.80593882392725,-1.7963626138287634
03/11/2021 07:40:00,0.67,74,14.3,46,996.72,37,50,60,53.805994382167015,-1.795746010503834
03/11/2021 07:41:00,0.639,76,14.4,45,996.37,36,51,62,53.80598914137941,-1.7957110407481847
03/11/2021 07:42:00,0.615,76,14.4,46,996.68,33,49,60,53.80617808504445,-1.7958408010786977
03/11/2021 07:43:00,0.645,75,14.4,45,996.54,35,50,61,53.80651097594563,-1.7953528954220999
03/11/2021 07:44:00,0.612,77,14.3,46,996.88,30,45,60,53.80646123288065,-1.7948044823653142
03/11/2021 07:45:00,0.687,74,14.5,46,996.7,29,44,60,53.80654339295475,-1.7947629445416213
03/11/2021 07:46:00,0.701,73,14.2,47,996.63,31,45,60,53.806631147638655,-1.79482028107484
03/11/2021 07:47:00,0.715,73,14.3,47,996.44,29,48,59,53.80671255359765,-1.7943419086864376
03/11/2021 07:48:00,0.612,77,14.3,47,996.48,29,51,60,53.80670831303715,-1.7944026243376305
03/11/2021 07:49:00,0.572,78,14.4,46,996.39,,,,53.80657117592061,-1.7940585720158595
03/11/2021 07:50:00,0.573,78,14.4,45,996.38,30,51,60,53.80660207498745,-1.7940301794353126
03/11/2021 07:51:00,0.583,78,14.5,45,996.41,25,47,61,53.806444605144335,-1.794447107886308
03/11/2021 07:52:00,0.547,79,14.4,46,996.69,23,48,60,53.80642942156655,-1.7943523089231608
03/11/2021 07:53:00,0.589,77,14.3,46,996.86,22,45,60,53.80660513188803,-1.794343221335303
03/11/2021 07:54:00,0.616,76,14.1,47,996.65,,,,53.80635969110394,-1.7948493974424153
03/11/2021 07:55:00,0.597,77,14.1,45,996.44,21,47,59,53.80671696842342,-1.7945692674765898
03/11/2021 07:56:00,0.495,81,14.0,45,996.16,20,49,59,53.806802096143414,-1.7943811789743143
03/11/2021 07:57:00,0.472,82,14.0,44,995.7,22,45,58,53.80703882913426,-1.7937482665652231
03/11/2021 07:58:00,0.441,83,14.2,44,996.2,22,43,58,53.807279222204045,-1.7939354255211404
03/11/2021 07:59:00,0.399,85,14.4,44,996.35,26,46,58,53.80727153198445,-1.7939487721199447
03/11/2021 08:00:00,0.352,86,14.6,44,996.91,21,44,58,53.80731049297236,-1.794103438314871
03/11/2021 08:01:00,0.347,86,14.6,44,997.16,21,44,58,53.807376555856244,-1.7944018184963695
03/11/2021 08:02:00,0.436,83,14.6,44,996.97,22,43,58,53.80757534531887,-1.7941092149411373
03/11/2021 08:03:00,0.375,85,14.6,44,996.98,22,46,59,53.80758866734289,-1.7941070491359576
03/11/2021 08:04:00,0.406,84,14.7,44,996.55,15,42,59,53.80739537245411,-1.7935488395786952
03/11/2021 08:05:00,0.413,84,14.7,43,996.14,13,36,59,53.80740225982669,-1.7935166544349674
03/11/2021 08:06:00,0.373,86,14.7,42,996.02,17,43,59,53.807388965904096,-1.7936556712914078
03/11/2021 08:07:00,0.426,84,14.8,42,995.99,18,42,58,53.80760923289251,-1.7932759185091591
03/11/2021 08:08:00,0.513,80,14.8,41,996.01,20,45,59,53.807793327754915,-1.7937424686933015
03/11/2021 08:09:00,0.604,77,14.7,40,995.79,23,48,59,53.8074559979356,-1.7937572085889868
03/11/2021 08:10:00,0.612,77,14.7,41,995.86,22,49,58,53.807406823284055,-1.7933586704638942
03/11/2021 08:11:00,0.67,74,14.7,42,996.15,22,47,59,53.80738477508026,-1.793356589334504
03/11/2021 08:12:00,0.637,76,14.7,42,996.04,26,46,59,53.80739193795828,-1.7940551362244723
03/11/2021 08:13:00,0.67,74,14.6,40,996.01,27,45,59,53.80714550414545,-1.7942571780582413
03/11/2021 08:14:00,0.643,75,14.5,38,996.06,28,44,58,53.806925258335745,-1.7940625560415164
03/11/2021 08:15:00,0.628,76,14.6,39,996.47,25,43,58,53.8071511551801,-1.793608906559721
03/11/2021 08:16:00,0.673,74,14.6,39,996.29,25,47,58,53.80720561495716,-1.7933924090843698
03/11/2021 08:17:00,0.685,74,14.5,40,996.55,29,48,58,53.80713673855506,-1.7935456495777564
03/11/2021 08:18:00,0.673,74,14.6,41,996.88,29,47,58,53.807396920427124,-1.793569870971619
03/11/2021 08:19:00,0.61,77,14.6,41,997.14,27,47,59,53.807338102036724,-1.7936219209774897
03/11/2021 08:20:00,0.583,78,14.5,41,996.76,27,42,60,53.80747054311355,-1.7935271800200119
03/11/2021 08:21:00,0.612,77,14.6,41,996.67,30,42,60,53.80735089907524,-1.7934334521675597
03/11/2021 08:22:00,0.549,79,14.7,43,996.25,30,40,60,53.80730827583087,-1.793040897229646
03/11/2021 08:23:00,0.605,77,14.7,43,996.33,29,38,59,53.80738734798025,-1.7934101959506792
03/11/2021 08:24:00,0.576,78,14.7,43,995.93,28,35,60,53.807523403115404,-1.7938809268261688
03/11/2021 08:25:00,0.47,82,14.7,44,995.67,28,34,60,53.80747765119081,-1.7937690963236381
03/11/2021 08:26:00,0.445,83,14.6,44,995.68,28,38,59,53.80715989862194,-1.7939377750177508
03/11/2021 08:27:00,0.471,82,14.7,43,995.75,29,38,59,53.8070280204372,-1.7939332203041836
03/11/2021 08:28:00,0.472,82,14.5,43,995.61,,,,53.80697810221716,-1.7937921548157971
03/11/2021 08:29:00,0.468,82,14.5,42,995.76,26,33,58,53.8074023704494,-1.7937606571986007
03/11/2021 08:30:00,0.443,83,14.6,43,995.7,22,32,58,53.807403116831324,-1.7937459483615852
03/11/2021 08:31:00,0.414,84,14.7,43,995.67,21,32,58,53.807400101386804,-1.793751590795846
03/11/2021 08:32:00,0.432,83,14.8,43,995.39,18,25,58,53.80764689723991,-1.7935132821895787
03/11/2021 08:33:00,0.484,81,14.9,43,995.14,19,28,57,53.80754431217012,-1.7932243295835724
03/11/2021 08:34:00,0.461,82,14.8,41,995.26,24,31,56,53.80762219164655,-1.7932358940373203
03/11/2021 08:35:00,0.51,80,14.8,43,995.56,23,33,55,53.80762351856643,-1.7932047936698383
03/11/2021 08:36:00,0.507,80,14.8,45,995.6,24,32,53,53.8073877584642,-1.7928422922377214
03/11/2021 08:37:00,0.444,83,14.8,45,995.97,23,30,53,53.807313611312146,-1.7935510155184313
03/11/2021 08:38:00,0.445,83,14.8,45,996.06,26,31,52,53.80737145937054,-1.793373680952594
03/11/2021 08:39:00,0.405,84,14.9,46,996.33,26,32,52,53.80737741269841,-1.7936928211916745
03/11/2021 08:40:00,0.346,87,15.0,47,995.73,24,31,53,53.807446856695506,-1.7942304642636595
03/11/2021 08:41:00,0.425,84,15.0,47,995.5,26,32,53,53.80753450936199,-1.7943333075522507
03/11/2021 08:42:00,0.513,80,14.9,47,996.06,25,32,53,53.807425672878445,-1.7943284348781514
03/11/2021 08:43:00,0.466,82,14.8,46,996.31,28,35,54,53.80760504903196,-1.7947581128533634
03/11/2021 08:44:00,0.443,83,14.7,47,996.64,28,35,53,53.80738474613963,-1.7947135124857747
03/11/2021 08:45:00,0.439,83,14.7,48,996.73,27,36,52,53.80744985953435,-1.7946649268135633
03/11/2021 08:46:00,0.515,80,14.7,48,996.68,30,39,54,53.80767299839341,-1.7943136168282434
03/11/2021 08:47:00,0.591,77,14.7,48,996.99,32,40,55,53.807394773188406,-1.7941097666150267
03/11/2021 08:48:00,0.515,80,14.8,49,996.68,36,44,55,53.80732436899109,-1.7942790193090494
03/11/2021 08:49:00,0.574,78,15.0,49,996.85,34,47,56,53.80733336112614,-1.794135264463653
03/11/2021 08:50:00,0.641,75,14.7,49,996.52,30,46,56,53.80732884730367,-1.7941478755698355
03/11/2021 08:51:00,0.629,76,14.8,49,996.58,33,48,56,53.807734719869025,-1.794446021729454
03/11/2021 08:52:00,0.707,73,14.6,50,996.41,30,42,56,53.807951079761175,-1.7943468495296897
03/11/2021 08:53:00,0.641,75,14.8,48,996.96,30,42,56,53.80795338275255,-1.794809359882031
03/11/2021 08:54:00,0.638,76,14.7,49,997.1,34,45,56,53.80788680573667,-1.7955105656594212
03/11/2021 08:55:00,0.627,76,14.5,50,997.53,28,41,56,53.80760550438754,-1.7954562956572506
03/11/2021 08:56:00,0.49,81,14.4,51,997.41,26,40,57,53.80769035086029,-1.7956186906458425
03/11/2021 08:57:00,0.549,79,14.6,50,997.33,23,38,56,53.80739466641817,-1.7960433689408764
03/11/2021 08:58:00,0.505,81,14.6,50,997.18,25,37,56,53.80743314802479,-1.7962767045157144
03/11/2021 08:59:00,0.514,80,14.6,50,997.24,27,38,56,53.80755518476525,-1.7962189427599733
03/11/2021 09:00:00,0.462,82,14.5,51,997.13,25,35,55,53.807534485464245,-1.7960413325274025
03/11/2021 09:01:00,0.456,82,14.5,52,997.08,28,39,56,53.80758180422801,-1.7960604857768283
03/11/2021 09:02:00,0.484,81,14.4,52,996.91,31,43,56,53.8076111636912,-1.7960866397727173
03/11/2021 09:03:00,0.466,82,14.1,51,996.81,30,42,56,53.80764309704234,-1.795519358511741
03/11/2021 09:04:00,0.529,80,14.1,52,996.67,32,47,56,53.807778077795234,-1.796049626835184
03/11/2021 09:05:00,0.506,81,14.0,51,996.78,33,47,56,53.8077834241372,-1.7960787433520955
03/11/2021 09:06:00,0.543,79,14.0,51,997.22,34,42,54,53.80781815856401,-1.7962908953449177
03/11/2021 09:07:00,0.535,79,14.0,51,997.11,32,39,54,53.807589972241885,-1.796029429775976
03/11/2021 09:08:00,0.572,78,14.0,51,997.28,28,36,54,53.80759318118917,-1.7958775766278774
03/11/2021 09:09:00,0.53,80,13.9,51,997.36,30,39,54,53.807654666976354,-1.7963011410772194
03/11/2021 09:10:00,0.503,81,13.9,52,997.16,29,38,53,53.807250898752315,-1.7964368655823741
03/11/2021 09:11:00,0.566,78,14.0,53,997.09,34,41,52,53.807322010141476,-1.7962982993105416
03/11/2021 09:12:00,0.537,79,14.1,53,996.77,36,43,52,53.80733316544781,-1.796439683175814
03/11/2021 09:13:00,0.489,81,13.9,54,996.59,31,41,52,53.807000935899296,-1.7965068849023358
03/11/2021 09:14:00,0.554,79,14.0,54,996.78,30,37,52,53.80731246689505,-1.7969305740089876
03/11/2021 09:15:00,0.468,82,14.1,54,996.34,32,38,52,53.80700231124552,-1.796462361211845
03/11/2021 09:16:00,0.432,83,14.1,55,996.61,31,37,52,53.8069810321183,-1.7964106083645597
03/11/2021 09:17:00,0.345,87,14.0,55,996.17,33,41,53,53.8070810870422,-1.796313341464617
03/11/2021 09:18:00,0.377,85,13.9,54,996.28,30,41,54,53.807063938124365,-1.7955917921981677
03/11/2021 09:19:00,0.374,85,13.9,54,996.1,32,43,54,53.80712130871054,-1.7956479290598
03/11/2021 09:20:00,0.327,87,13.8,54,996.01,33,41,54,53.80700520889544,-1.796140067795317
03/11/2021 09:21:00,0.293,89,13.8,55,995.68,32,40,54,53.807000688950005,-1.7964189241352988
03/11/2021 09:22:00,0.224,91,13.8,54,995.79,32,41,53,53.80687676382819,-1.796613833417253
03/11/2021 09:23:00,0.224,91,13.7,55,995.58,34,40,54,53.80681241219743,-1.7965653794799197
03/11/2021 09:24:00,0.273,89,13.8,55,995.77,33,42,52,53.806786745258265,-1.796332246368757
03/11/2021 09:25:00,0.27,89,13.9,55,995.51,28,38,51,53.806665661375206,-1.7956931313113058
03/11/2021 09:26:00,0.314,88,13.9,54,995.75,24,36,50,53.80670014024698,-1.795431371860912
03/11/2021 09:27:00,0.204,92,13.7,53,995.66,26,36,51,53.80635844567623,-1.7956270500196891
03/11/2021 09:28:00,0.197,92,13.7,53,995.92,27,37,50,53.806089784747456,-1.7957303548755263
03/11/2021 09:29:00,0.105,96,13.7,54,995.26,25,34,50,53.80643554594472,-1.7955417898519368
03/11/2021 09:30:00,0.121,95,13.9,53,995.33,22,34,49,53.80649381457568,-1.7955910622611948
03/11/2021 09:31:00,0.161,93,14.0,52,995.62,21,30,49,53.806466463892285,-1.7959404018240528
03/11/2021 09:32:00,0.039,98,13.9,52,995.75,20,27,49,53.806425627004714,-1.7960590490272184
03/11/2021 09:33:00,0.08,96,13.9,52,995.49,16,22,49,53.806412126252354,-1.7957989990019083
03/11/2021 09:34:00,0.1,96,13.9,54,995.24,18,26,49,53.80651183662673,-1.7955755829945008
03/11/2021 09:35:00,0.054,97,14.0,54,995.05,20,29,49,53.806308656137745,-1.7960089695641979
03/11/2021 09:36:00,0.179,93,14.2,55,995.0,19,27,49,53.80636997515762,-1.795400020098655
03/11/2021 09:37:00,0.245,90,14.0,54,995.07,17,23,49,53.80634337445411,-1.796053863332565
03/11/2021 09:38:00,0.291,89,14.0,54,995.02,19,24,49,53.80625179199459,-1.7960611143012175
03/11/2021 09:39:00,0.207,92,14.1,53,994.81,16,21,48,53.80606337302956,-1.7955833071794418
03/11/2021 09:40:00,0.15,94,14.1,53,994.8,15,19,49,53.80586876651396,-1.7954718340646707
03/11/2021 09:41:00,0.161,93,14.0,52,994.86,15,19,49,53.805855657365306,-1.7950289608718606
03/11/2021 09:42:00,0.155,94,14.1,51,995.32,14,19,48,53.80583046609738,-1.7950483652781137
03/11/2021 09:43:00,0.198,92,14.2,50,995.56,15,22,48,53.80598656940772,-1.7953612467978335
03/11/2021 09:44:00,0.198,92,14.2,50,995.88,15,21,47,53.80641931034588,-1.7952549203900192
03/11/2021 09:45:00,0.204,92,14.3,51,995.91,20,28,48,53.806111078481194,-1.7955553192756388
03/11/2021 09:46:00,0.205,92,14.3,52,995.83,17,27,47,53.8060680237625,-1.7961299292989443
03/11/2021 09:47:00,0.245,90,14.4,52,996.23,18,27,46,53.80591024788664,-1.7962180020666088
03/11/2021 09:48:00,0.326,87,14.5,52,996.38,21,29,45,53.806050680565136,-1.7964667159337813
03/11/2021 09:49:00,0.299,88,14.5,52,996.53,20,29,45,53.80617392971774,-1.7961958712994281
03/11/2021 09:50:00,0.261,90,14.8,52,996.55,20,27,45,53.806554262887374,-1.7962259907669686
03/11/2021 09:51:00,0.251,90,14.9,52,996.32,21,27,45,53.80642622552435,-1.7962510516712409
03/11/2021 09:52:00,0.272,89,14.8,52,996.63,18,26,46,53.80642842214828,-1.7960507683415712
03/11/2021 09:53:00,0.285,89,14.9,52,996.76,15,26,46,53.8063045454874,-1.7967282702135179
03/11/2021 09:54:00,0.268,89,15.0,52,996.73,15,27,45,53.80631643983956,-1.7973519773144067
03/11/2021 09:55:00,0.329,87,14.9,54,996.9,,,,53.80632281762362,-1.7973574626047557
03/11/2021 09:56:00,0.379,85,14.8,54,996.81,19,32,46,53.80645961930565,-1.7973438901015149
03/11/2021 09:57:00,0.455,82,14.6,54,996.81,17,28,46,53.80663864715467,-1.7970011277640074
03/11/2021 09:58:00,0.463,82,14.8,53,996.81,15,27,46,53.80694388341309,-1.7973378104931024
03/11/2021 09:59:00,0.503,81,14.5,53,997.08,13,22,45,53.80695235556208,-1.797309820012091
03/11/2021 10:00:00,0.603,77,14.5,53,996.88,12,23,45,53.80713600154715,-1.797469890659985
03/11/2021 10:01:00,0.567,78,14.6,53,997.13,9,20,46,53.807267837355184,-1.797178633689044
03/11/2021 10:02:00,0.56,78,14.6,53,997.14,11,20,45,53.80736061412247,-1.7969644456150498
03/11/2021 10:03:00,0.663,75,14.7,53,996.79,12,20,44,53.8073539601825,-1.796663911485614
03/11/2021 10:04:00,0.691,74,14.7,53,997.08,13,22,44,53.80734422781627,-1.7966368088839424
03/11/2021 10:05:00,0.69,74,14.8,53,996.77,,,,53.80722256961575,-1.7967906111159548
03/11/2021 10:06:00,0.651,75,14.8,53,996.66,13,25,44,53.807092522225176,-1.797352777141426
03/11/2021 10:07:00,0.648,75,14.7,52,996.75,11,26,44,53.8070374371458,-1.7968972018119536
03/11/2021 10:08:00,0.67,74,14.8,52,996.73,13,25,44,53.807227551555066,-1.7967202008597123
03/11/2021 10:09:00,0.625,76,14.7,52,997.08,14,24,43,53.8072197685499,-1.796380695057761
03/11/2021 10:10:00,0.627,76,14.7,53,997.78,11,20,43,53.80755949213334,-1.7968392142752285
03/11/2021 10:11:00,0.62,76,14.7,53,997.84,12,24,44,53.807525682214006,-1.7966718548005536
03/11/2021 10:12:00,0.584,78,15.0,54,998.01,15,26,44,53.80779100781131,-1.7961896450992287
03/11/2021 10:13:00,0.56,79,15.0,54,997.65,13,22,44,53.80754027235298,-1.7966934403429238
03/11/2021 10:14:00,0.575,78,14.9,54,997.07,15,24,44,53.80753499452197,-1.796741155497417
03/11/2021 10:15:00,0.521,80,14.7,54,996.75,16,27,44,53.807626701444455,-1.796966107476741
03/11/2021 10:16:00,0.447,83,14.7,54,997.13,16,27,44,53.807466175795874,-1.7971750961307247
03/11/2021 10:17:00,0.479,82,14.6,53,997.5,14,24,44,53.80714815758963,-1.7968839764024973
03/11/2021 10:18:00,0.512,80,14.6,54,997.85,16,23,44,53.80741592251876,-1.7963893502290746
03/11/2021 10:19:00,0.465,82,14.7,55,997.71,16,23,44,53.807410525747486,-1.7962142447275875
03/11/2021 10:20:00,0.383,85,14.8,55,997.37,16,21,43,53.80737653275458,-1.7962619537801168
03/11/2021 10:21:00,0.3,88,14.8,54,997.04,17,21,44,53.80750643375052,-1.7957360350850236
03/11/2021 10:22:00,0.164,93,14.7,55,997.03,16,20,43,53.80789278717836,-1.79586280344168
03/11/2021 10:23:00,0.09,96,14.6,55,996.76,15,18,43,53.8081991973645,-1.795465234137051
03/11/2021 10:24:00,0.083,96,14.7,56,997.03,15,21,44,53.80797556750664,-1.7950005960030269
03/11/2021 10:25:00,0.04,98,14.9,56,996.95,11,15,43,53.80804534050741,-1.795063117217927
03/11/2021 10:26:00,0.033,98,14.8,54,997.28,10,14,43,53.807931865616986,-1.795287982135748
03/11/2021 10:27:00,0.117,95,14.8,54,996.82,11,14,44,53.807795933875866,-1.7948654792442824
03/11/2021 10:28:00,0.101,96,14.8,54,996.28,12,16,44,53.80789878160024,-1.79476741844525
03/11/2021 10:29:00,0.174,93,14.9,56,996.12,16,20,45,53.80805651802567,-1.794651054448292
03/11/2021 10:30:00,0.247,90,14.9,56,996.08,14,17,44,53.80779440497121,-1.7945396314312443
03/11/2021 10:31:00,0.248,90,14.9,56,995.76,15,18,44,53.807937107117645,-1.7948387027631167
03/11/2021 10:32:00,0.227,91,14.9,55,995.83,16,20,44,53.807956697003604,-1.794310944778159
03/11/2021 10:33:00,0.21,92,14.8,54,995.76,15,19,44,53.808009743605396,-1.7945804036140673
03/11/2021 10:34:00,0.184,93,14.7,54,995.79,14,17,44,53.80806661336057,-1.7945691763395064
03/11/2021 10:35:00,0.264,90,14.7,55,995.79,15,19,45,53.8082439631807,-1.7944929696032508
03/11/2021 10:36:00,0.321,87,14.6,54,996.02,13,17,45,53.808342431546876,-1.7947900011894957
03/11/2021 10:37:00,0.293,89,14.6,55,995.7,12,16,46,53.8084015095626,-1.7949127565481287
03/11/2021 10:38:00,0.296,88,14.6,53,995.35,11,17,46,53.808063568846855,-1.7948008821625925
03/11/2021 10:39:00,0.294,88,14.5,53,995.5,10,14,45,53.80785105131664,-1.7949544293096795
03/11/2021 10:40:00,0.295,88,14.3,52,995.77,10,15,45,53.80777164826602,-1.79529412468104
03/11/2021 10:41:00,0.164,93,14.3,54,995.99,12,18,45,53.80768056166597,-1.7952197124199665
03/11/2021 10:42:00,0.17,93,14.4,54,996.17,11,17,44,53.80746106584655,-1.7956132210872968
03/11/2021 10:43:00,0.194,92,14.3,54,996.36,12,16,44,53.807410800228766,-1.795967441128262
03/11/2021 10:44:00,0.185,93,14.3,53,996.59,18,23,46,53.807595313293014,-1.7956380837659736
03/11/2021 10:45:00,0.182,93,14.3,54,996.43,21,25,46,53.80747318294334,-1.7960783386269785
03/11/2021 10:46:00,0.11,95,14.2,54,996.65,19,24,46,53.80737461274181,-1.796321912239034
03/11/2021 10:47:00,0.165,93,14.2,54,996.83,20,24,46,53.8073683206422,-1.796127536376635
03/11/2021 10:48:00,0.081,96,14.1,55,996.77,23,28,45,53.807198411861584,-1.7966490246590552
03/11/2021 10:49:00,0.092,96,14.2,54,997.15,21,27,44,53.80704628809622,-1.7969148604238745
03/11/2021 10:50:00,0.027,98,13.9,54,996.65,23,31,45,53.80730121122631,-1.7965274898965986
03/11/2021 10:51:00,0.039,98,13.8,54,996.34,20,29,45,53.807314980425176,-1.7965057429088662
03/11/2021 10:52:00,0.129,95,13.8,54,996.03,,,,53.80741979006853,-1.796580559887388
03/11/2021 10:53:00,0.09,96,13.8,54,995.61,25,36,45,53.8074304307642,-1.7966274425082318
03/11/2021 10:54:00,0.104,96,13.7,55,996.02,26,36,45,53.80760210171955,-1.7969896803078862
03/11/2021 10:55:00,0.122,95,13.7,54,996.19,20,33,46,53.80723314089138,-1.7968474251522863
03/11/2021 10:56:00,0.093,96,13.8,55,996.01,22,36,46,53.807620545556645,-1.7965335823369781
03/11/2021 10:57:00,0.062,97,13.7,54,996.0,21,35,47,53.807494411536595,-1.796902252569929
03/11/2021 10:58:00,0.066,97,13.8,55,996.21,22,39,48,53.807506977270336,-1.7968573296432153
03/11/2021 10:59:00,0.129,95,13.9,56,996.12,,,,53.80752654187263,-1.7963560317644436
03/11/2021 11:00:00,0.122,95,14.0,55,996.15,20,37,48,53.80775117513571,-1.7958451105919322
03/11/2021 11:01:00,0.103,96,14.2,55,996.06,19,38,48,53.80777553565458,-1.7959805703031748
03/11/2021 11:02:00,0.11,95,14.2,54,996.13,19,37,47,53.80770624324264,-1.7960414392486765
03/11/2021 11:03:00,0.187,92,14.1,55,995.94,21,36,47,53.80777024099782,-1.7954540509120689
03/11/2021 11:04:00,0.16,93,13.8,55,995.67,21,37,48,53.80777381975644,-1.7954293414140237
03/11/2021 11:05:00,0.161,93,13.9,56,995.87,20,33,49,53.80781850469867,-1.7954795142244189
03/11/2021 11:06:00,0.245,90,13.9,57,996.14,22,36,48,53.807632319011304,-1.7956712778131894
03/11/2021 11:07:00,0.298,88,13.8,57,996.17,24,39,47,53.80769730858097,-1.7959852331839528
03/11/2021 11:08:00,0.381,85,13.8,56,996.33,23,35,46,53.80745693054217,-1.7954892160229747
03/11/2021 11:09:00,0.374,85,13.8,56,996.25,24,34,46,53.80740808535163,-1.7952459599999866
03/11/2021 11:10:00,0.408,84,13.9,56,996.32,23,35,46,53.807209929280965,-1.7955368497633997
03/11/2021 11:11:00,0.519,80,13.9,57,996.12,24,34,46,53.807080347756155,-1.795468951549255
03/11/2021 11:12:00,0.512,80,13.9,57,996.15,26,36,46,53.807020657733254,-1.7955741733571786
03/11/2021 11:13:00,0.453,83,14.1,58,995.77,27,35,46,53.8073556694719,-1.7957892267824247
03/11/2021 11:14:00,0.469,82,14.1,57,995.67,26,38,46,53.807080322829954,-1.7960124509393856
03/11/2021 11:15:00,0.448,83,14.1,58,995.37,22,36,45,53.807093597704416,-1.7960225581386375
03/11/2021 11:16:00,0.448,83,14.2,59,995.19,19,35,46,53.8074384998779,-1.7958340077180126
03/11/2021 11:17:00,0.511,80,14.1,59,995.0,20,36,46,53.807555919935425,-1.7957397452252641
03/11/2021 11:18:00,0.503,81,14.1,60,994.85,16,34,46,53.80758171956704,-1.7959159629037087
03/11/2021 11:19:00,0.461,82,14.1,61,994.83,13,31,46,53.807597601410656,-1.7958816441542929
03/11/2021 11:20:00,0.472,82,14.1,62,994.96,10,27,47,53.80777384138504,-1.795745952284591
03/11/2021 11:21:00,0.393,85,14.1,63,994.66,9,27,48,53.80777266273383,-1.7963944040154878
03/11/2021 11:22:00,0.479,82,14.0,61,994.43,9,30,48,53.80776989360597,-1.7968178600278182
03/11/2021 11:23:00,0.477,82,14.1,62,994.63,10,30,47,53.807682902803414,-1.7967357912275672
03/11/2021 11:24:00,0.558,79,14.2,63,994.57,10,30,46,53.80805701096139,-1.7970202343459392
03/11/2021 11:25:00,0.579,78,14.3,62,994.31,11,34,47,53.8084044879196,-1.7967582812384808
03/11/2021 11:26:00,0.539,79,14.3,63,994.4,8,32,45,53.808477724596294,-1.7967393903960551
03/11/2021 11:27:00,0.611,77,14.1,62,994.26,8,29,45,53.808462495521866,-1.7967549005501382
03/11/2021 11:28:00,0.638,76,14.2,62,994.54,6,32,45,53.80865416722149,-1.7968227871364337
03/11/2021 11:29:00,0.562,78,14.2,62,994.61,8,32,45,53.808639282502604,-1.7968878653922353
03/11/2021 11:30:00,0.513,80,14.3,62,994.97,8,34,46,53.80863791094416,-1.7968331585057082
03/11/2021 11:31:00,0.451,83,14.3,61,995.07,6,31,45,53.808668233620615,-1.7969042689484305
03/11/2021 11:32:00,0.509,80,14.4,61,994.94,6,33,45,53.808758956340284,-1.796806673994948
03/11/2021 11:33:00,0.505,81,14.3,62,995.01,6,37,46,53.80904947951315,-1.796361345313017
03/11/2021 11:34:00,0.391,85,14.3,62,994.79,7,35,46,53.808772798314195,-1.7957946177148818
03/11/2021 11:35:00,0.464,82,14.4,62,994.88,8,33,47,53.80877869689538,-1.795768477184955
03/11/2021 11:36:00,0.442,83,14.4,61,995.07,7,34,47,53.80869599884074,-1.7958830821517395
03/11/2021 11:37:00,0.49,81,14.4,61,994.92,7,34,47,53.80911189778946,-1.7958664957862187
03/11/2021 11:38:00,0.569,78,14.2,63,995.06,10,32,47,53.80928878378671,-1.7961686621946666
03/11/2021 11:39:00,0.439,83,14.2,63,995.23,8,29,47,53.80889886568218,-1.7959820006716993
03/11/2021 11:40:00,0.425,84,14.1,63,995.6,7,34,47,53.80881076864337,-1.7967003243263662
03/11/2021 11:41:00,0.483,81,13.9,63,995.13,6,28,46,53.80863347732925,-1.7972325001050495
03/11/2021 11:42:00,0.453,83,14.0,64,995.27,4,26,46,53.808628715575054,-1.7972348391044803
03/11/2021 11:43:00,0.43,83,13.9,64,995.02,5,26,45,53.80858929004162,-1.796605674241276
03/11/2021 11:44:00,0.499,81,13.9,64,995.05,5,26,45,53.80841409638057,-1.7960872857326777
03/11/2021 11:45:00,0.545,79,13.9,64,995.12,,,,53.808584669519945,-1.7962252959147214
03/11/2021 11:46:00,0.561,78,13.9,64,994.92,8,29,45,53.8085662200391,-1.7961908030232399
03/11/2021 11:47:00,0.466,82,13.9,63,994.75,7,30,44,53.808551998206546,-1.7961303568686706
03/11/2021 11:48:00,0.319,88,13.6,64,994.38,7,30,43,53.808638140092604,-1.7963563700911793
03/11/2021 11:49:00,0.352,86,13.7,63,994.54,6,32,44,53.80853019756094,-1.7964619820295953
03/11/2021 11:50:00,0.347,86,13.7,63,994.21,7,33,45,53.8088274984644,-1.797021505946961
03/11/2021 11:51:00,0.318,88,13.9,64,994.19,5,32,46,53.80920441068383,-1.7971763468265136
03/11/2021 11:52:00,0.326,87,13.9,63,994.22,7,33,46,53.809130645792564,-1.7966659985588294
03/11/2021 11:53:00,0.334,87,14.0,63,994.22,5,29,45,53.809452139992565,-1.79636524068881
03/11/2021 11:54:00,0.358,86,14.0,63,994.92,6,32,45,53.80938700815525,-1.7962087015478276
03/11/2021 11:55:00,0.345,87,14.1,63,994.99,6,31,45,53.80938691904767,-1.796210413881849
03/11/2021 11:56:00,0.269,89,14.1,63,995.26,6,28,45,53.80928644446746,-1.7957688224575066
03/11/2021 11:57:00,0.29,89,14.0,62,995.15,7,29,45,53.80919631324305,-1.796271028932852
03/11/2021 11:58:00,0.319,88,14.0,62,994.88,6,29,45,53.80904092176113,-1.7961396108079768
03/11/2021 11:59:00,0.314,88,14.2,63,994.89,6,27,45,53.809017036883546,-1.796086736724997
03/11/2021 12:00:00,0.301,88,14.2,63,994.79,7,27,45,53.80918044529468,-1.7961638681097958
03/11/2021 12:01:00,0.333,87,14.1,63,994.86,5,25,46,53.80906412967766,-1.7960811772569771
03/11/2021 12:02:00,0.294,88,14.2,62,994.79,6,25,45,53.8091307508237,-1.7961220172401469
03/11/2021 12:03:00,0.238,91,14.2,63,994.9,4,25,44,53.80915331203409,-1.7955282281130587
03/11/2021 12:04:00,0.244,90,14.3,63,994.8,4,25,45,53.80913615380184,-1.795539133844653
03/11/2021 12:05:00,0.352,86,14.3,64,994.44,5,28,44,53.80915839609567,-1.7955771529756677
03/11/2021 12:06:00,0.402,84,14.2,65,994.59,6,28,43,53.80887172362134,-1.7952570568694863
03/11/2021 12:07:00,0.332,87,14.3,64,994.68,4,29,43,53.80870013315057,-1.7957276341135533
03/11/2021 12:08:00,0.261,90,14.2,64,995.01,5,27,44,53.80856141725138,-1.7960448951931076
03/11/2021 12:09:00,0.271,89,14.2,62,995.1,4,25,42,53.80852986606293,-1.7953658612019243
03/11/2021 12:10:00,0.26,90,14.2,62,995.48,4,28,43,53.808644891422766,-1.7952996511667043
03/11/2021 12:11:00,0.395,85,14.4,62,995.99,4,28,43,53.80883441687321,-1.7952952108336233
03/11/2021 12:12:00,0.414,84,14.5,62,996.11,5,26,42,53.80909876014369,-1.7952073677795932
03/11/2021 12:13:00,0.454,82,14.4,62,996.44,5,27,43,53.80913182277255,-1.7957617054707522
03/11/2021 12:14:00,0.379,85,14.3,61,996.39,6,29,43,53.80912384614549,-1.795798664958495
03/11/2021 12:15:00,0.417,84,14.3,61,996.22,8,28,43,53.80913460544516,-1.7955036847421872
03/11/2021 12:16:00,0.435,83,14.3,61,996.35,8,26,44,53.809151836428406,-1.7954277671424999
03/11/2021 12:17:00,0.34,87,14.4,61,996.13,5,25,44,53.809348816929145,-1.7951519307914996
03/11/2021 12:18:00,0.252,90,14.3,62,996.17,4,25,45,53.80938779617207,-1.7949906192134528
03/11/2021 12:19:00,0.355,86,14.3,62,996.53,4,23,46,53.80922329633682,-1.7945687122707221
03/11/2021 12:20:00,0.414,84,14.4,62,996.7,4,22,46,53.80917965803748,-1.7946384808414038
03/11/2021 12:21:00,0.437,83,14.3,61,996.51,3,20,47,53.80924986274855,-1.7945320217076637
03/11/2021 12:22:00,0.401,84,14.4,62,996.5,4,23,46,53.80951972146014,-1.7943318841465044
03/11/2021 12:23:00,0.46,82,14.5,62,996.4,6,22,46,53.809619491117914,-1.7944673461119054
03/11/2021 12:24:00,0.449,83,14.6,62,996.49,6,24,47,53.809831184623924,-1.794561390207838
03/11/2021 12:25:00,0.448,83,14.5,63,996.57,7,26,47,53.80978506034274,-1.7944068787834975
03/11/2021 12:26:00,0.44,83,14.6,64,996.68,8,27,48,53.80975814149289,-1.7943945883652708
03/11/2021 12:27:00,0.429,83,14.4,63,996.54,8,25,48,53.80974644762513,-1.7945815800166018
03/11/2021 12:28:00,0.528,80,14.5,63,996.74,9,23,48,53.80992550602519,-1.7948825326727222
03/11/2021 12:29:00,0.586,78,14.7,62,996.69,,,,53.81003227021772,-1.7955084407707194
03/11/2021 12:30:00,0.659,75,14.8,63,996.86,6,21,47,53.81002022124654,-1.7955034916507382
03/11/2021 12:31:00,0.609,77,14.7,63,996.64,7,22,46,53.81000348583841,-1.7949786053128178
03/11/2021 12:32:00,0.616,76,14.7,63,996.71,9,23,46,53.810262538063824,-1.7955647856631527
03/11/2021 12:33:00,0.676,74,14.7,63,996.95,7,20,46,53.81022821096957,-1.7956638100404922
03/11/2021 12:34:00,0.646,75,14.8,64,996.68,8,22,46,53.809884340715726,-1.7960010613786017
03/11/2021 12:35:00,0.663,75,14.8,65,996.89,8,23,44,53.80995437541143,-1.7959205338855146
03/11/2021 12:36:00,0.696,73,14.7,65,997.22,9,21,44,53.80961825251135,-1.7960911875598762
03/11/2021 12:37:00,0.692,74,14.6,64,997.09,9,21,42,53.80937799238514,-1.7954865858659146
03/11/2021 12:38:00,0.805,69,14.4,63,997.26,8,19,41,53.80949733285811,-1.795514628918452
03/11/2021 12:39:00,0.769,71,14.5,64,997.14,7,18,41,53.80925168381882,-1.7951784670126931
03/11/2021 12:40:00,0.771,71,14.5,63,997.46,12,25,43,53.809207925567584,-1.794796781184819
03/11/2021 12:41:00,0.808,69,14.5,63,997.99,10,25,42,53.80937945408007,-1.794926518170076
03/11/2021 12:42:00,0.84,68,14.5,63,998.1,9,21,43,53.80942271524216,-1.7945065168224288
03/11/2021 12:43:00,0.835,68,14.5,63,997.9,7,22,44,53.80943536502392,-1.794474249702865
03/11/2021 12:44:00,0.834,68,14.4,63,997.76,5,17,43,53.80954152775396,-1.7951172932598807
03/11/2021 12:45:00,0.823,69,14.5,62,998.16,6,18,44,53.80953475244757,-1.7958243353809127
03/11/2021 12:46:00,0.806,69,14.5,62,998.0,6,19,44,53.80983935177381,-1.7960221486267334
03/11/2021 12:47:00,0.79,70,14.3,62,998.45,8,19,44,53.81015180232013,-1.7960913842123467
03/11/2021 12:48:00,0.84,68,14.2,64,998.23,11,20,45,53.81030684373647,-1.7966877924236069
03/11/2021 12:49:00,0.739,72,14.1,64,998.25,11,19,45,53.810318646852224,-1.7968007275683586
03/11/2021 12:50:00,0.75,71,14.1,65,998.45,11,20,45,53.81034352201478,-1.7971279665432143
03/11/2021 12:51:00,0.651,75,14.2,65,997.98,8,15,45,53.810631987366364,-1.7973021024477551
03/11/2021 12:52:00,0.737,72,14.0,67,997.94,,,,53.81045111002045,-1.7969457501448671
03/11/2021 12:53:00,0.742,72,14.0,66,997.81,8,18,44,53.81081926358175,-1.7969514428947877
03/11/2021 12:54:00,0.697,73,14.1,65,998.18,9,20,45,53.81074087495909,-1.7970651240245012
03/11/2021 12:55:00,0.704,73,14.0,65,998.84,8,18,45,53.81073002507732,-1.7971461622225335
03/11/2021 12:56:00,0.781,70,14.0,67,998.46,9,18,45,53.81066469460637,-1.7967728697536087
03/11/2021 12:57:00,0.711,73,14.1,67,998.63,5,12,43,53.810296016580196,-1.7971617948824508
03/11/2021 12:58:00,0.708,73,14.1,66,999.21,4,12,45,53.81036641672699,-1.797413707853822
03/11/2021 12:59:00,0.653,75,13.9,66,999.33,5,13,44,53.81038617613708,-1.797452804187959
03/11/2021 13:00:00,0.688,74,13.9,67,999.71,10,18,44,53.81016969082052,-1.7978622425974797
03/11/2021 13:01:00,0.689,74,14.0,65,999.84,11,19,44,53.810496965171026,-1.7981565613772654
03/11/2021 13:02:00,0.632,76,14.1,65,999.72,10,18,44,53.810485676565506,-1.7984174585860233
03/11/2021 13:03:00,0.679,74,14.1,65,1000.03,9,14,44,53.81052671217828,-1.7980193172740158
03/11/2021 13:04:00,0.693,74,13.9,66,999.53,12,17,45,53.810736922423985,-1.7976769468464011
03/11/2021 13:05:00,0.731,72,13.9,65,999.36,10,16,46,53.811053759745825,-1.797906527801638
03/11/2021 13:06:00,0.762,71,13.9,65,999.33,12,18,45,53.81104632887112,-1.798202190714949
03/11/2021 13:07:00,0.792,70,13.6,64,999.78,15,24,47,53.81107303665713,-1.7982055908145045
03/11/2021 13:08:00,0.776,70,13.6,65,999.95,13,24,48,53.81113452084881,-1.7981842609690215
03/11/2021 13:09:00,0.765,71,13.6,65,999.78,12,21,47,53.81120847949594,-1.7983377756093402
03/11/2021 13:10:00,0.598,77,13.6,65,999.73,12,22,47,53.81104211531314,-1.7989698884135148
03/11/2021 13:11:00,0.621,76,13.5,65,999.36,13,24,49,53.811280553612335,-1.7988831669319163
03/11/2021 13:12:00,0.631,76,13.5,66,999.63,14,22,49,53.81128749704071,-1.798496457254908
03/11/2021 13:13:00,0.636,76,13.5,66,999.41,14,21,50,53.811190936616356,-1.798575595841833
03/11/2021 13:14:00,0.634,76,13.7,67,999.32,14,20,49,53.81122712296664,-1.7982350748935636
03/11/2021 13:15:00,0.671,74,13.8,67,999.5,14,21,49,53.81112393102613,-1.7985243611202466
03/11/2021 13:16:00,0.703,73,13.9,67,999.22,14,19,49,53.81072707380196,-1.7982028415628621
03/11/2021 13:17:00,0.681,74,13.9,67,999.1,15,21,48,53.81089072101968,-1.798458996636681
03/11/2021 13:18:00,0.697,73,14.0,68,999.27,16,23,48,53.810681649321516,-1.7986946635023424
03/11/2021 13:19:00,0.741,72,14.0,69,999.16,17,26,47,53.81041872527355,-1.7983412050890082
03/11/2021 13:20:00,0.746,72,14.1,67,999.31,18,24,47,53.81031059024168,-1.7983864245042693
03/11/2021 13:21:00,0.753,71,14.1,67,999.52,17,21,47,53.81049859437549,-1.7988733415042761
03/11/2021 13:22:00,0.682,74,14.2,67,999.46,13,18,46,53.81066562423209,-1.7987668693021923
03/11/2021 13:23:00,0.625,76,14.3,68,999.78,17,23,47,53.810768685221404,-1.7984999265877872
03/11/2021 13:24:00,0.637,76,14.3,68,999.76,18,25,47,53.810989788363685,-1.7983886748809876
03/11/2021 13:25:00,0.555,79,14.3,69,999.52,18,24,45,53.81112723599136,-1.7986399637572734
03/11/2021 13:26:00,0.537,79,14.4,69,999.73,17,24,45,53.811093082174985,-1.7980123568621265
03/11/2021 13:27:00,0.544,79,14.6,68,999.68,12,21,44,53.81137119786954,-1.7977244855165413
03/11/2021 13:28:00,0.602,77,14.5,68,999.59,12,22,44,53.81155894726721,-1.7980596503040713
03/11/2021 13:29:00,0.674,74,14.5,67,999.51,12,23,43,53.81135816284364,-1.7987385139206133
03/11/2021 13:30:00,0.692,74,14.7,67,999.17,12,23,43,53.81137079353251,-1.7987377591185152
03/11/2021 13:31:00,0.785,70,14.6,67,999.29,8,18,43,53.8112024403539,-1.7981690638489667
03/11/2021 13:32:00,0.78,70,14.6,68,998.9,8,15,43,53.81086816153744,-1.7985287828631835
03/11/2021 13:33:00,0.83,68,14.6,67,998.71,9,16,43,53.81094027235502,-1.7984648948635396
03/11/2021 13:34:00,0.901,66,14.6,68,998.84,10,17,45,53.810856979637826,-1.798398164277954
03/11/2021 13:35:00,0.927,65,14.7,67,998.41,9,16,44,53.81095267218281,-1.798471167538675
03/11/2021 13:36:00,0.83,68,14.8,66,998.32,10,19,43,53.81096465210529,-1.7983120915694577
03/11/2021 13:37:00,0.845,68,14.7,65,997.99,9,18,43,53.81095708206189,-1.7988558759907824
03/11/2021 13:38:00,0.905,66,14.9,65,998.07,9,17,43,53.810823969178934,-1.7989915205740503
03/11/2021 13:39:00,0.992,62,14.9,65,998.02,10,19,43,53.81086267195182,-1.7989150754027692
03/11/2021 13:40:00,0.93,65,15.0,65,998.37,11,19,43,53.81056845410069,-1.798963335112999
03/11/2021 13:41:00,0.994,62,14.9,65,998.63,13,22,43,53.81094138117803,-1.7993326762176534
03/11/2021 13:42:00,0.95,64,14.9,64,998.81,16,25,44,53.8108433023329,-1.7995805787062442
03/11/2021 13:43:00,0.927,65,14.9,64,999.04,15,25,44,53.81091882218124,-1.7996281875568338
03/11/2021 13:44:00,0.979,63,14.9,63,999.16,16,27,45,53.81090254425605,-1.800261780889431
03/11/2021 13:45:00,0.993,62,15.0,64,999.29,17,26,45,53.8110195010602,-1.7997358320791979
03/11/2021 13:46:00,0.959,64,14.7,64,999.17,18,26,45,53.811006443802746,-1.7996794078463019
03/11/2021 13:47:00,0.945,64,14.7,63,999.47,17,24,44,53.81099942599324,-1.799814404181372
03/11/2021 13:48:00,0.874,67,14.6,64,999.41,18,27,44,53.8106432737571,-1.7996565722907742
03/11/2021 13:49:00,0.98,63,14.7,65,999.81,19,28,45,53.81078478629703,-1.799422864802249
03/11/2021 13:50:00,1.006,62,14.7,65,999.55,18,26,45,53.81078930698354,-1.7994273802372627
03/11/2021 13:51:00,0.95,64,14.6,65,999.55,16,23,45,53.81092497252487,-1.7987213640921322
03/11/2021 13:52:00,0.957,64,14.5,65,1000.04,15,21,45,53.81111004784607,-1.7986623096392598
03/11/2021 13:53:00,0.936,64,14.4,66,999.86,18,24,44,53.81117641662363,-1.7983368595501388
03/11/2021 13:54:00,0.951,64,14.3,66,999.73,17,26,45,53.81134517786696,-1.7990044942599415
03/11/2021 13:55:00,0.99,62,14.2,64,999.36,21,29,47,53.81141457212367,-1.7992443576595694
03/11/2021 13:56:00,0.992,62,14.1,63,999.13,19,29,46,53.81128130798971,-1.798848013124585
03/11/2021 13:57:00,0.976,63,14.1,63,999.25,18,29,45,53.81163556047701,-1.7984664602103395
03/11/2021 13:58:00,0.982,63,13.9,63,999.1,20,29,45,53.811397960352984,-1.7989825928018592
03/11/2021 13:59:00,1.046,60,13.9,62,998.76,20,30,45,53.8113279156139,-1.7984887698266125
03/11/2021 14:00:00,1.058,60,13.8,63,998.52,17,25,45,53.811023069220425,-1.798843841318158
03/11/2021 14:01:00,0.992,62,13.9,63,998.58,17,25,45,53.81100919249681,-1.7988818444446681
03/11/2021 14:02:00,1.03,61,13.8,63,998.65,19,28,45,53.81096377971822,-1.7989170376131245
03/11/2021 14:03:00,1.063,60,14.0,62,998.58,20,30,44,53.81086406265012,-1.7982243719959723
03/11/2021 14:04:00,1.117,58,14.0,62,998.2,22,32,44,53.81069916699886,-1.797908015742273
03/11/2021 14:05:00,1.101,58,14.0,60,998.39,22,31,44,53.81070150407152,-1.797908003337732
03/11/2021 14:06:00,1.167,56,13.9,59,998.58,21,29,44,53.81047640388026,-1.797609465552211
03/11/2021 14:07:00,1.208,54,14.0,59,998.29,19,29,45,53.810525471008,-1.797804698953156
03/11/2021 14:08:00,1.243,53,14.0,60,998.46,23,31,44,53.8104187282241,-1.7981886929722388
03/11/2021 14:09:00,1.23,53,14.1,59,998.1,23,29,44,53.810219222758555,-1.7983915446049679
03/11/2021 14:10:00,1.286,51,14.2,59,997.75,24,29,45,53.810507306072026,-1.7981718523961585
03/11/2021 14:11:00,1.3,51,14.3,59,997.94,21,26,45,53.81042272777258,-1.7980853780314652
03/11/2021 14:12:00,1.352,49,14.2,59,998.1,21,26,44,53.810662474599134,-1.798701865462381
03/11/2021 14:13:00,1.35,49,14.2,58,998.27,,,,53.810914222047195,-1.7991255323180764
03/11/2021 14:14:00,1.396,47,14.2,57,998.4,19,25,44,53.810980934963695,-1.7995247469675248
03/11/2021 14:15:00,1.372,48,14.1,58,998.05,21,26,45,53.81095036885773,-1.7991046889901035
03/11/2021 14:16:00,1.344,49,14.0,56,997.67,19,23,44,53.81076766795671,-1.7992996103441907
03/11/2021 14:17:00,1.332,50,14.1,56,997.68,18,23,44,53.8106755533595,-1.7993049350421102
03/11/2021 14:18:00,1.391,47,14.1,56,997.8,17,23,44,53.81070500164053,-1.7987512609870773
03/11/2021 14:19:00,1.464,45,14.2,56,997.94,,,,53.811031062985045,-1.7985453404541325
03/11/2021 14:20:00,1.469,44,14.4,56,998.09,18,25,45,53.810821930666336,-1.7982876137061032
03/11/2021 14:21:00,1.394,47,14.3,57,998.13,16,23,44,53.81069750680058,-1.797801753836145
03/11/2021 14:22:00,1.428,46,14.4,57,997.61,18,26,44,53.81065757777924,-1.7978188362846976
03/11/2021 14:23:00,1.442,45,14.3,58,998.05,19,27,44,53.81070660923145,-1.7977573942862122
03/11/2021 14:24:00,1.457,45,14.1,59,998.28,19,25,43,53.81091878775996,-1.797736530805053
03/11/2021 14:25:00,1.403,47,14.2,58,998.19,19,24,44,53.81092373210019,-1.7971226322523008
03/11/2021 14:26:00,1.417,46,14.2,58,998.49,18,23,44,53.81071454282509,-1.7972577134401337
03/11/2021 14:27:00,1.414,46,14.2,59,998.49,18,22,43,53.81059887579839,-1.7978529408345907
03/11/2021 14:28:00,1.415,46,14.3,58,998.34,19,26,43,53.81054667465324,-1.7976355739468997
03/11/2021 14:29:00,1.352,49,14.2,57,998.6,,,,53.810470965069285,-1.7979142658972813
03/11/2021 14:30:00,1.446,45,14.3,58,998.6,21,29,44,53.8108012780498,-1.798222335359566
03/11/2021 14:31:00,1.489,44,14.3,58,998.49,19,27,43,53.81105137938998,-1.7986845715544766
03/11/2021 14:32:00,1.504,43,14.2,58,998.62,16,27,44,53.81096720265756,-1.7986415546221122
03/11/2021 14:33:00,1.475,44,14.3,59,998.45,16,26,43,53.81107268853599,-1.7986233809293175
03/11/2021 14:34:00,1.483,44,14.0,57,998.27,15,26,44,53.810989940117715,-1.79815870435199
03/11/2021 14:35:00,1.465,45,14.2,58,998.06,13,23,43,53.811085534290186,-1.7978046810269912
03/11/2021 14:36:00,1.529,42,14.2,56,998.23,13,26,43,53.8110399246888,-1.797405483716202
03/11/2021 14:37:00,1.589,40,14.1,57,998.49,12,25,42,53.8113385743748,-1.7970202608472192
03/11/2021 14:38:00,1.563,41,14.2,57,998.98,11,25,42,53.81137990158313,-1.7970785773006204
03/11/2021 14:39:00,1.532,42,14.4,57,999.25,8,22,42,53.81143581345889,-1.797088834975862
03/11/2021 14:40:00,1.507,43,14.5,59,999.3,8,22,41,53.81155338761444,-1.796517203160049
03/11/2021 14:41:00,1.519,43,14.6,60,999.36,8,24,42,53.81156995262523,-1.7965156275561809
03/11/2021 14:42:00,1.505,43,14.5,61,999.41,8,20,42,53.81171631368628,-1.7963530603344537
03/11/2021 14:43:00,1.513,43,14.5,62,999.58,7,17,42,53.81173560974912,-1.7963191477026428
03/11/2021 14:44:00,1.496,43,14.5,63,999.6,5,23,42,53.81174710985352,-1.796365447621461
03/11/2021 14:45:00,1.556,41,14.5,62,999.59,8,25,42,53.81170604531943,-1.7959938634655979
03/11/2021 14:46:00,1.587,40,14.4,62,999.31,9,27,43,53.811674665253946,-1.7954707565437789
03/11/2021 14:47:00,1.574,40,14.4,62,999.09,8,27,42,53.81181816473398,-1.7955369895232118
03/11/2021 14:48:00,1.627,38,14.4,62,999.2,8,24,44,53.811806738252386,-1.7953902204311127
03/11/2021 14:49:00,1.704,36,14.3,62,999.72,8,26,43,53.81191703542736,-1.7957822147581355
03/11/2021 14:50:00,1.652,38,14.3,62,999.91,6,27,44,53.81193434174905,-1.7957953988103852
03/11/2021 14:51:00,1.769,33,14.4,61,999.91,5,29,44,53.81203811090032,-1.7954406398827891
03/11/2021 14:52:00,1.836,31,14.3,61,1000.0,5,33,44,53.81195678687221,-1.7952611731913577
03/11/2021 14:53:00,1.804,32,14.3,59,1000.4,5,35,44,53.81194319020074,-1.7954907542419092
03/11/2021 14:54:00,1.806,32,14.4,58,1000.17,5,35,44,53.81183841590825,-1.7961908884527282
03/11/2021 14:55:00,1.783,33,14.4,59,1000.03,7,37,45,53.81189738278687,-1.7964555153356965
03/11/2021 14:56:00,1.856,30,14.4,60,1000.46,6,36,45,53.812118201243386,-1.7969908139625084
03/11/2021 14:57:00,1.942,27,14.5,61,999.99,7,31,44,53.812298476475796,-1.7975793530121802
03/11/2021 14:58:00,1.945,27,14.5,61,999.9,6,31,44,53.81240383508406,-1.7973927272579784
03/11/2021 14:59:00,1.972,26,14.5,62,1000.09,8,29,45,53.81249701514421,-1.7973573338128497
03/11/2021 15:00:00,1.987,25,14.4,62,1000.06,7,25,45,53.81213051903773,-1.797214334594371
03/11/2021 15:01:00,1.941,27,14.5,61,999.94,7,20,44,53.81213751883875,-1.7969657497596165
03/11/2021 15:02:00,1.934,27,14.4,63,1000.07,8,20,45,53.81219049511942,-1.7969579739754393
03/11/2021 15:03:00,1.979,25,14.4,63,1000.15,7,16,44,53.812264938579254,-1.7967810789806031
03/11/2021 15:04:00,1.998,25,14.5,63,1000.31,7,17,43,53.81189361495406,-1.7964686237277556
03/11/2021 15:05:00,1.986,25,14.4,63,1000.32,7,18,43,53.81145501127595,-1.7966303251961113
03/11/2021 15:06:00,1.972,26,14.4,64,1000.43,8,20,43,53.81143481538805,-1.7964208408919553
03/11/2021 15:07:00,1.986,25,14.2,64,1000.46,6,18,42,53.811236901830824,-1.7959260839444129
03/11/2021 15:08:00,1.9,28,14.1,65,1000.08,6,19,42,53.81124951790261,-1.796502028032271
03/11/2021 15:09:00,1.903,28,14.1,63,999.63,7,20,40,53.810948631438606,-1.7965565613680756
03/11/2021 15:10:00,1.876,29,14.1,64,999.67,6,21,41,53.811042227076896,-1.79623801268095
03/11/2021 15:11:00,1.832,31,13.9,63,999.5,6,23,41,53.81097256518273,-1.7959716035642432
03/11/2021 15:12:00,1.843,30,13.8,63,999.61,6,24,42,53.81094881763293,-1.7959493936324644
03/11/2021 15:13:00,1.837,31,13.7,63,999.78,5,22,43,53.81130149199019,-1.796066557588355
03/11/2021 15:14:00,1.808,32,13.6,64,999.75,4,19,44,53.81144987227677,-1.795877109019282
03/11/2021 15:15:00,1.812,32,13.7,63,999.99,6,20,44,53.81143628748647,-1.7959791199097475
03/11/2021 15:16:00,1.772,33,13.7,63,999.57,5,23,44,53.81143592264586,-1.795976961899076
03/11/2021 15:17:00,1.731,35,13.7,63,999.49,4,27,44,53.81143047692762,-1.7959753367930882
03/11/2021 15:18:00,1.783,33,13.5,63,999.49,3,23,45,53.811428935580274,-1.7958382890640048
03/11/2021 15:19:00,1.826,31,13.6,63,999.51,7,23,43,53.81117119897609,-1.7962955254187907
03/11/2021 15:20:00,1.807,32,13.6,62,999.48,6,19,43,53.81113373662643,-1.796462357069407
03/11/2021 15:21:00,1.722,35,13.6,63,999.34,7,22,43,53.81109146255972,-1.7966382964151895
03/11/2021 15:22:00,1.684,36,13.7,64,999.37,7,24,42,53.81095188023654,-1.796939016297968
03/11/2021 15:23:00,1.673,37,13.6,63,999.11,10,27,44,53.810524858421644,-1.797094639133511
03/11/2021 15:24:00,1.71,35,13.7,62,998.89,9,24,45,53.8104429318317,-1.797286815677556
03/11/2021 15:25:00,1.681,36,13.7,62,998.85,9,23,44,53.81044555282089,-1.7973173540734801
03/11/2021 15:26:00,1.714,35,13.6,63,998.78,10,25,44,53.81057657764846,-1.7969222939599228
03/11/2021 15:27:00,1.723,35,13.6,63,998.59,10,26,44,53.81067261526306,-1.7964371990174384
03/11/2021 15:28:00,1.816,31,13.5,64,998.4,9,27,43,53.81078469418107,-1.7965711046127009
03/11/2021 15:29:00,1.822,31,13.5,64,998.12,11,32,44,53.81096157752751,-1.7967349796023477
03/11/2021 15:30:00,1.771,33,13.4,64,997.87,12,34,44,53.81094891964823,-1.7966092190148135
03/11/2021 15:31:00,1.78,33,13.4,63,997.62,10,31,43,53.81131990961022,-1.7962146719091032
03/11/2021 15:32:00,1.793,32,13.4,64,997.53,9,33,43,53.81118881770844,-1.796229833006241
03/11/2021 15:33:00,1.759,34,13.6,63,997.88,11,32,42,53.81139915981071,-1.7962439119773934
03/11/2021 15:34:00,1.799,32,13.5,63,997.55,,,,53.81145232043004,-1.7964266567505
03/11/2021 15:35:00,1.744,34,13.6,64,997.3,13,34,44,53.81158066616113,-1.7967612762688656
03/11/2021 15:36:00,1.678,37,13.5,63,997.16,15,34,44,53.811693109557126,-1.7964529274659242
03/11/2021 15:37:00,1.755,34,13.4,63,996.97,19,34,44,53.81170880853953,-1.796399824566995
03/11/2021 15:38:00,1.752,34,13.3,63,996.99,21,34,44,53.81174696715505,-1.7959249306090943
03/11/2021 15:39:00,1.76,33,13.4,64,997.41,19,33,44,53.811715898751565,-1.7958950844400376
03/11/2021 15:40:00,1.881,29,13.4,64,997.61,17,31,45,53.81180742879552,-1.7960417339871457
03/11/2021 15:41:00,1.808,32,13.2,64,997.72,17,31,45,53.81195114777573,-1.7959644614383798
03/11/2021 15:42:00,1.714,35,13.3,64,997.58,18,31,46,53.81199921916053,-1.7961776473126354
03/11/2021 15:43:00,1.727,35,13.2,64,997.41,14,27,46,53.81192985657703,-1.7962154695038424
03/11/2021 15:44:00,1.745,34,13.2,63,997.32,12,24,46,53.81181303542631,-1.7958826332195466
03/11/2021 15:45:00,1.751,34,13.1,63,997.32,11,23,47,53.811723425863065,-1.7962896540237443
03/11/2021 15:46:00,1.705,36,13.2,64,997.5,8,18,47,53.811668040525696,-1.7969323246697437
03/11/2021 15:47:00,1.633,38,13.0,64,997.26,6,15,45,53.81184220213862,-1.7965909465237457
03/11/2021 15:48:00,1.66,37,12.9,63,996.79,6,14,46,53.8119255972303,-1.795977328715384
03/11/2021 15:49:00,1.593,40,12.9,62,996.84,5,14,46,53.81158280565055,-1.79603829631887
03/11/2021 15:50:00,1.587,40,12.9,62,996.56,5,13,46,53.811857280615534,-1.7957063541192035
03/11/2021 15:51:00,1.528,42,12.9,62,996.44,4,13,47,53.811870440068446,-1.7955598311091465
03/11/2021 15:52:00,1.639,38,13.0,63,997.12,4,13,47,53.81184868584774,-1.7954301372741486
03/11/2021 15:53:00,1.689,36,12.9,63,997.31,4,13,48,53.812128295380695,-1.795854655643281
03/11/2021 15:54:00,1.757,34,12.9,64,997.2,5,14,48,53.812116635152705,-1.7957788514334936
03/11/2021 15:55:00,1.779,33,13.0,64,997.1,7,18,48,53.812078914525046,-1.7959355564969361
03/11/2021 15:56:00,1.772,33,13.0,64,997.09,7,16,49,53.811769369463185,-1.7963317114953494
03/11/2021 15:57:00,1.818,31,13.2,64,997.44,7,16,49,53.811750854885794,-1.7965842976160846
03/11/2021 15:58:00,1.858,30,13.2,65,997.31,9,17,48,53.81169004037743,-1.7960942273981955
03/11/2021 15:59:00,1.904,28,13.2,65,997.69,9,18,47,53.81187087090749,-1.7962490179680346
03/11/2021 16:00:00,1.893,29,13.2,65,997.54,9,18,46,53.81165047825267,-1.79679144085686
03/11/2021 16:01:00,1.852,30,13.2,66,997.57,6,18,46,53.811926972150495,-1.7963717856733261
03/11/2021 16:02:00,1.818,31,13.1,64,997.55,5,19,46,53.81176160726192,-1.797038159253467
03/11/2021 16:03:00,1.826,31,13.2,64,997.56,5,22,47,53.81173756300987,-1.7964872172170456
03/11/2021 16:04:00,1.833,31,13.0,63,997.61,5,21,46,53.811745872541,-1.7963540292151705
03/11/2021 16:05:00,1.964,26,12.9,63,997.32,5,24,46,53.811627895841745,-1.7961435908326095
03/11/2021 16:06:00,1.93,27,13.1,63,997.49,4,25,46,53.81166289992916,-1.7958223587246842
03/11/2021 16:07:00,1.937,27,13.1,62,997.17,4,27,46,53.81180751157762,-1.7956183699863228
03/11/2021 16:08:00,1.914,28,13.0,62,996.97,5,24,46,53.81190072960487,-1.795136521647883
03/11/2021 16:09:00,1.916,28,13.0,61,997.43,4,26,46,53.81222184547372,-1.7954772190660018
03/11/2021 16:10:00,1.968,26,13.1,61,997.61,5,27,47,53.81183802377491,-1.7953415691387402
03/11/2021 16:11:00,1.979,25,13.0,63,998.09,,,,53.811892440202094,-1.7949870408298356
03/11/2021 16:12:00,1.971,26,13.1,64,998.0,7,30,45,53.81174456861907,-1.7948368098602383
03/11/2021 16:13:00,1.941,27,13.2,65,998.08,5,31,45,53.811721172899716,-1.794850431551544
03/11/2021 16:14:00,1.962,26,13.2,67,998.05,5,31,45,53.81176134648628,-1.7947741244833344
03/11/2021 16:15:00,1.897,28,13.2,67,998.14,6,33,45,53.81169981991315,-1.7948420829273284
03/11/2021 16:16:00,1.868,29,13.2,67,997.73,7,33,45,53.81182890368041,-1.7953020855210045
03/11/2021 16:17:00,1.855,30,13.1,69,997.27,9,31,46,53.81171572732151,-1.7955484580162182
03/11/2021 16:18:00,1.818,31,13.2,68,997.19,9,34,46,53.81169407473055,-1.7951994569170964
03/11/2021 16:19:00,1.914,28,13.4,68,996.92,8,36,46,53.81194947144544,-1.7956168684173939
03/11/2021 16:20:00,1.871,29,13.2,69,996.68,5,34,46,53.81203880435574,-1.796065042704803
03/11/2021 16:21:00,1.935,27,13.1,68,996.48,9,38,46,53.81205233771148,-1.7960637606976773
03/11/2021 16:22:00,1.919,28,12.9,67,996.48,10,38,46,53.81208902143904,-1.7961513359129837
03/11/2021 16:23:00,1.937,27,13.0,67,996.17,12,36,46,53.81235380836701,-1.7962732054272006
03/11/2021 16:24:00,1.945,27,13.2,66,996.21,12,33,47,53.81267026795276,-1.7967432569574362
03/11/2021 16:25:00,1.99,25,13.1,66,995.87,11,31,47,53.81266747543792,-1.7967252435979353
03/11/2021 16:26:00,1.962,26,13.0,66,995.86,11,38,48,53.812565406791094,-1.7966555006928357
03/11/2021 16:27:00,1.961,26,13.0,67,996.1,8,36,47,53.81214253943968,-1.7967818841636833
03/11/2021 16:28:00,1.989,25,13.0,67,996.35,10,32,47,53.81228976650101,-1.7972924183566332
03/11/2021 16:29:00,1.957,26,13.1,67,996.61,14,35,47,53.812482949828784,-1.797849633613467
03/11/2021 16:30:00,1.961,26,13.1,65,996.81,,,,53.812171963894315,-1.7974521157199104
03/11/2021 16:31:00,1.999,25,13.1,65,996.66,11,36,48,53.81225274945887,-1.7974253899866293
03/11/2021 16:32:00,1.945,27,13.1,66,996.67,14,37,48,53.81238681626416,-1.7972721681011044
03/11/2021 16:33:00,1.881,29,13.2,65,996.83,13,33,48,53.812538626283924,-1.7974371051163067
03/11/2021 16:34:00,1.82,31,13.2,66,996.57,11,30,48,53.81263852323177,-1.797682397667502
03/11/2021 16:35:00,1.836,31,13.1,64,997.04,11,32,48,53.81256146869195,-1.7980458468545648
03/11/2021 16:36:00,1.82,31,13.2,63,996.8,10,33,49,53.8125693536888,-1.7979796505788006
03/11/2021 16:37:00,1.768,33,13.3,64,996.67,12,34,48,53.81262762103284,-1.7982096713331348
03/11/2021 16:38:00,1.858,30,13.4,64,996.4,18,38,49,53.81251337280095,-1.7974910547697223
03/11/2021 16:39:00,1.792,32,13.3,64,996.21,17,38,49,53.812533973026035,-1.7975433256295432
03/11/2021 16:40:00,1.823,31,13.2,65,996.16,14,33,49,53.812184370597436,-1.7977205222962183
03/11/2021 16:41:00,1.866,30,13.2,65,996.69,16,34,50,53.81214359732711,-1.7970302914554106
03/11/2021 16:42:00,1.786,33,13.2,65,996.57,16,36,50,53.81225335993729,-1.7968596368970746
03/11/2021 16:43:00,1.838,31,13.0,66,996.67,14,33,49,53.81201864324847,-1.7969682590416578
03/11/2021 16:44:00,1.89,29,13.1,66,996.58,14,29,49,53.81199676015704,-1.7975808195898693
03/11/2021 16:45:00,1.974,25,12.9,66,995.98,13,27,49,53.81206369202228,-1.7980491752008274
03/11/2021 16:46:00,1.981,25,12.9,65,996.06,12,24,48,53.81218578250214,-1.7981570066474433
03/11/2021 16:47:00,1.965,26,12.9,65,996.08,9,21,48,53.81218830828041,-1.7974307085359236
03/11/2021 16:48:00,1.955,26,12.7,65,996.02,8,25,49,53.812070919651894,-1.7972313041922658
03/11/2021 16:49:00,1.866,30,13.0,64,995.97,8,22,48,53.812214843193296,-1.7975525106993735
03/11/2021 16:50:00,1.85,30,12.9,63,995.77,8,26,49,53.81230496921632,-1.7975982088974969
03/11/2021 16:51:00,1.879,29,13.0,64,995.8,9,23,49,53.812452261184625,-1.7975710558051374
03/11/2021 16:52:00,1.871,29,13.1,64,995.37,7,18,49,53.81239125797796,-1.7974430029280346
03/11/2021 16:53:00,1.913,28,13.0,64,995.63,9,18,49,53.81222619894417,-1.7977376469271487
03/11/2021 16:54:00,1.92,27,13.1,63,995.55,8,16,49,53.81222893025493,-1.7977344682112515
03/11/2021 16:55:00,1.909,28,13.0,64,995.99,7,16,48,53.812182412187084,-1.7976524505810452
03/11/2021 16:56:00,1.823,31,13.1,64,996.09,8,21,48,53.812281677990164,-1.7979472890402148
03/11/2021 16:57:00,1.858,30,13.0,63,996.15,9,23,49,53.81227751092383,-1.7979231130634674
03/11/2021 16:58:00,1.781,33,12.9,63,996.31,8,21,49,53.81258350717775,-1.7983030910698712
03/11/2021 16:59:00,1.753,34,13.0,62,996.68,8,21,50,53.81239053282933,-1.7983998424435141
03/11/2021 17:00:00,1.782,33,13.0,62,996.65,11,25,49,53.812326525742606,-1.798149264869595
03/11/2021 17:01:00,1.79,32,13.0,62,996.87,11,26,50,53.81215245034601,-1.7987503774330524
03/11/2021 17:02:00,1.792,32,13.1,62,996.79,13,27,49,53.812189466257465,-1.7986195867748682
03/11/2021 17:03:00,1.847,30,13.0,61,996.74,15,30,50,53.812515526719864,-1.79871971004736
03/11/2021 17:04:00,1.868,29,13.0,61,996.97,17,35,49,53.81285585949449,-1.798980338563724
03/11/2021 17:05:00,1.828,31,13.3,61,996.93,17,35,49,53.812571146704215,-1.7987914215047938
03/11/2021 17:06:00,1.829,31,13.2,62,997.03,16,33,49,53.81290051995696,-1.7984171220015477
03/11/2021 17:07:00,1.84,31,13.1,61,996.81,18,32,49,53.813253783793535,-1.7979941261804422
03/11/2021 17:08:00,1.745,34,13.2,60,996.67,15,31,50,53.813113067029626,-1.7973552833004223
03/11/2021 17:09:00,1.698,36,13.2,60,996.42,15,28,50,53.813438615893695,-1.797017421684921
03/11/2021 17:10:00,1.683,36,13.3,58,996.44,18,33,49,53.813122857313196,-1.7971802028784425
03/11/2021 17:11:00,1.616,39,13.3,59,996.69,22,35,50,53.8129146907201,-1.7973993682212392
03/11/2021 17:12:00,1.642,38,13.4,59,996.85,21,36,50,53.81292533857956,-1.7974030182636573
03/11/2021 17:13:00,1.713,35,13.3,59,996.51,21,36,50,53.81304973424008,-1.797534573659475
03/11/2021 17:14:00,1.674,37,13.3,58,996.24,20,35,49,53.813201925491164,-1.7979104953664415
03/11/2021 17:15:00,1.763,33,13.3,59,996.31,20,33,48,53.813099305792164,-1.7977427047613566
03/11/2021 17:16:00,1.734,34,13.2,58,996.28,21,32,49,53.81301322727566,-1.7977323618580319
03/11/2021 17:17:00,1.77,33,13.1,57,996.21,21,29,50,53.81264149264493,-1.797455651607992
03/11/2021 17:18:00,1.842,30,13.1,59,996.45,18,29,49,53.81246173873733,-1.7970120605967292
03/11/2021 17:19:00,1.886,29,13.3,58,996.34,16,25,49,53.812506632604006,-1.7970078634034656
03/11/2021 17:20:00,1.916,28,13.4,57,996.31,16,29,49,53.812442639278544,-1.7969748817786797
03/11/2021 17:21:00,1.877,29,13.3,57,996.72,19,31,49,53.81249320741876,-1.7969987847984528
03/11/2021 17:22:00,1.871,29,13.3,58,996.45,20,34,49,53.81259209725133,-1.796979080243452
03/11/2021 17:23:00,1.891,29,13.2,56,996.31,25,35,50,53.81238915665739,-1.7970276072732525
03/11/2021 17:24:00,1.839,31,13.3,56,996.27,28,36,50,53.812425784338394,-1.797249491490268
03/11/2021 17:25:00,1.839,31,13.3,57,996.52,32,41,49,53.81239749544286,-1.7972279568590466
03/11/2021 17:26:00,1.742,34,13.4,57,996.27,29,38,47,53.81229470787524,-1.7967106988408665
03/11/2021 17:27:00,1.638,38,13.3,57,996.33,34,41,48,53.81244908293979,-1.796371950589017
03/11/2021 17:28:00,1.663,37,13.3,57,996.28,32,40,48,53.81236309579296,-1.7966030709470644
03/11/2021 17:29:00,1.65,38,13.3,56,996.46,32,41,49,53.81247873214418,-1.7966067330264908
03/11/2021 17:30:00,1.672,37,13.3,56,996.85,29,40,49,53.81223394050258,-1.7971256259320738
03/11/2021 17:31:00,1.588,40,13.3,57,996.75,31,40,49,53.811927842166604,-1.7973534049695776
03/11/2021 17:32:00,1.654,37,13.4,56,996.52,28,40,48,53.812083619860765,-1.79740188075752
03/11/2021 17:33:00,1.665,37,13.5,56,996.26,26,40,47,53.812050305490615,-1.7971285196028806
03/11/2021 17:34:00,1.623,39,13.5,56,996.38,25,39,48,53.812338748821546,-1.7969912220241295
03/11/2021 17:35:00,1.609,39,13.3,55,996.52,22,33,48,53.81224946989918,-1.7974690418748698
03/11/2021 17:36:00,1.647,38,13.4,55,996.39,24,33,49,53.81197291749973,-1.7980402269797189
03/11/2021 17:37:00,1.679,37,13.4,56,996.33,22,33,48,53.81167654464303,-1.7977752271539944
03/11/2021 17:38:00,1.634,38,13.3,59,996.23,22,38,49,53.81148034227556,-1.7973011820441962
03/11/2021 17:39:00,1.664,37,13.4,57,996.22,25,39,49,53.81147704522024,-1.7973188869960948
03/11/2021 17:40:00,1.683,36,13.2,56,996.23,21,34,48,53.811625325952384,-1.798003002117162
03/11/2021 17:41:00,1.656,37,13.2,56,996.4,21,38,49,53.81167131654723,-1.7980403369395694
03/11/2021 17:42:00,1.694,36,13.1,56,996.83,20,35,48,53.81168570587385,-1.7980331701322887
03/11/2021 17:43:00,1.713,35,13.1,56,996.87,21,36,48,53.811508961631795,-1.7984546390445464
03/11/2021 17:44:00,1.733,35,13.0,54,996.99,18,30,49,53.81137957281476,-1.798380327926344
03/11/2021 17:45:00,1.647,38,13.2,55,997.03,20,36,49,53.81133709744325,-1.7982141956335285
03/11/2021 17:46:00,1.644,38,13.2,55,997.08,21,38,49,53.81103244057042,-1.7985688309474963
03/11/2021 17:47:00,1.595,40,13.3,56,997.06,22,38,49,53.81073974349516,-1.798704406977292
03/11/2021 17:48:00,1.606,39,13.3,57,996.77,18,36,48,53.81080100502948,-1.7982906014424715
03/11/2021 17:49:00,1.554,41,13.3,57,996.28,15,33,47,53.811025877027234,-1.7977100196445612
03/11/2021 17:50:00,1.635,38,13.3,57,996.16,13,36,47,53.811060306577915,-1.7977294156055559
03/11/2021 17:51:00,1.623,39,13.4,57,996.25,13,36,47,53.81106595938041,-1.7973957102544618
03/11/2021 17:52:00,1.583,40,13.6,56,996.36,12,35,48,53.811451782581564,-1.797234448245135
03/11/2021 17:53:00,1.569,41,13.5,57,996.61,14,36,48,53.811196407664035,-1.7968688883796249
03/11/2021 17:54:00,1.471,44,13.6,58,996.91,18,35,47,53.81111744278642,-1.796924759244622
03/11/2021 17:55:00,1.461,45,13.6,57,996.75,20,34,46,53.81133060422645,-1.7967563729255696
03/11/2021 17:56:00,1.462,45,13.6,57,996.79,21,40,46,53.81137007693971,-1.7968301537675115
03/11/2021 17:57:00,1.456,45,13.5,57,996.68,22,39,46,53.81109742487394,-1.7970417293750196
03/11/2021 17:58:00,1.472,44,13.5,57,997.03,23,38,46,53.8112817547126,-1.7975371982174289
03/11/2021 17:59:00,1.489,44,13.5,58,997.66,23,37,46,53.81094852561718,-1.7980153268712888
03/11/2021 18:00:00,1.577,40,13.3,58,997.37,19,32,45,53.8109732464904,-1.7979971166632631
03/11/2021 18:01:00,1.601,39,13.4,58,997.46,18,31,46,53.81129353314668,-1.798113616237293
03/11/2021 18:02:00,1.582,40,13.4,57,997.78,19,30,45,53.81140054811265,-1.7976545709864575
03/11/2021 18:03:00,1.62,39,13.3,57,997.71,18,26,44,53.811431096484206,-1.7976138628498977
03/11/2021 18:04:00,1.602,39,13.3,57,997.29,17,24,43,53.81176022180789,-1.797391150258657
03/11/2021 18:05:00,1.576,40,13.4,55,997.29,19,27,43,53.81161605741669,-1.7971266168895512
03/11/2021 18:06:00,1.598,40,13.5,55,997.49,16,24,43,53.81159641406483,-1.7971686380037923
03/11/2021 18:07:00,1.558,41,13.6,55,997.43,18,25,42,53.81162792083432,-1.797247137678284
03/11/2021 18:08:00,1.625,39,13.7,54,997.54,20,27,43,53.81123910380526,-1.7970940217030118
03/11/2021 18:09:00,1.644,38,13.5,55,997.54,17,27,45,53.81147881633873,-1.7969814579087995
03/11/2021 18:10:00,1.624,39,13.5,55,997.65,17,27,44,53.811664166486814,-1.7969292718726584
03/11/2021 18:11:00,1.616,39,13.4,54,997.67,17,28,45,53.81147012455303,-1.7970918279576948
03/11/2021 18:12:00,1.563,41,13.4,53,997.9,18,30,45,53.81144414911531,-1.7971762485819007
03/11/2021 18:13:00,1.574,40,13.5,52,997.69,19,33,46,53.81140933543746,-1.7969400534699589
03/11/2021 18:14:00,1.555,41,13.4,52,997.78,16,32,45,53.81142100350981,-1.7969268453382872
03/11/2021 18:15:00,1.564,41,13.4,52,997.64,15,29,45,53.811411554488416,-1.796404098947183
03/11/2021 18:16:00,1.492,44,13.4,51,997.45,14,31,45,53.81154495823628,-1.7970322197602069
03/11/2021 18:17:00,1.504,43,13.5,51,997.13,15,33,47,53.81127085485344,-1.797357533665628
03/11/2021 18:18:00,1.509,43,13.5,51,997.14,16,36,47,53.81143042688198,-1.797717543371074
03/11/2021 18:19:00,1.455,45,13.6,50,997.16,15,37,48,53.81113490110463,-1.7979438001782249
03/11/2021 18:20:00,1.497,43,13.6,50,996.9,15,37,47,53.811153661642024,-1.7979582821665534
03/11/2021 18:21:00,1.52,43,13.7,51,996.69,16,37,46,53.81131878756765,-1.7972771057672858
03/11/2021 18:22:00,1.522,42,13.6,51,996.48,17,38,45,53.81148001954294,-1.7971516936981986
03/11/2021 18:23:00,1.513,43,13.5,52,996.4,17,36,46,53.811571573270456,-1.7968586308852508
03/11/2021 18:24:00,1.52,43,13.5,52,996.75,15,34,45,53.8112404373049,-1.7966630756243236
03/11/2021 18:25:00,1.578,40,13.4,54,996.29,19,39,45,53.81125732432071,-1.796834467146571
03/11/2021 18:26:00,1.508,43,13.4,55,996.47,19,37,44,53.81082877923677,-1.796658591698571
03/11/2021 18:27:00,1.534,42,13.5,55,996.41,20,37,44,53.81081539398438,-1.7967521384188008
03/11/2021 18:28:00,1.443,45,13.4,55,996.46,18,36,45,53.81079843208542,-1.7967540868535063
03/11/2021 18:29:00,1.427,46,13.5,55,996.69,17,38,46,53.81070905201927,-1.7968499383194785
03/11/2021 18:30:00,1.399,47,13.3,54,997.05,17,38,46,53.81059268030178,-1.7974573230937163
03/11/2021 18:31:00,1.305,51,13.4,53,996.86,19,39,46,53.81036501594269,-1.796889074990138
03/11/2021 18:32:00,1.356,49,13.3,53,996.77,19,36,46,53.81014323465784,-1.7968532202218763
03/11/2021 18:33:00,1.405,47,13.4,53,997.23,17,32,45,53.810065100637,-1.796852509998078
03/11/2021 18:34:00,1.41,47,13.4,52,997.05,16,31,45,53.81004996600148,-1.7968792362055963
03/11/2021 18:35:00,1.43,46,13.3,53,996.88,15,30,45,53.81001566652202,-1.7970123547282244
03/11/2021 18:36:00,1.519,43,13.4,54,997.12,15,31,47,53.80990066078044,-1.7967137781565672
03/11/2021 18:37:00,1.519,43,13.2,53,997.02,15,30,47,53.81017312333513,-1.7972823186243532
03/11/2021 18:38:00,1.446,45,13.4,54,997.23,18,33,48,53.81023176538257,-1.7973373524280976
03/11/2021 18:39:00,1.528,42,13.5,54,997.2,19,31,47,53.81057076388,-1.7976497579824677
03/11/2021 18:40:00,1.548,41,13.6,54,996.84,17,30,46,53.81073866651622,-1.797185585175894
03/11/2021 18:41:00,1.518,43,13.5,53,997.03,17,29,47,53.810363366368236,-1.7975506445220129
03/11/2021 18:42:00,1.531,42,13.3,55,996.93,17,32,48,53.810457330090536,-1.797481478069806
03/11/2021 18:43:00,1.594,40,13.2,56,996.54,15,32,48,53.81068381770721,-1.7973231067375053
03/11/2021 18:44:00,1.649,38,13.0,56,996.31,18,33,48,53.81083054225604,-1.7973723688107583
03/11/2021 18:45:00,1.704,36,13.0,57,996.26,16,31,47,53.81089610423012,-1.7972357610598078
03/11/2021 18:46:00,1.728,35,13.1,57,996.6,16,32,46,53.81109112281585,-1.797746587141941
03/11/2021 18:47:00,1.657,37,13.2,57,996.77,16,32,46,53.811149820536436,-1.7975696694166625
03/11/2021 18:48:00,1.662,37,13.2,57,996.5,17,32,46,53.81156435948853,-1.7973961626319188
03/11/2021 18:49:00,1.682,36,13.0,58,996.3,16,33,45,53.81170972169005,-1.797370342434813
03/11/2021 18:50:00,1.697,36,13.0,58,996.06,12,31,45,53.81183018729018,-1.7969385065329686
03/11/2021 18:51:00,1.77,33,13.2,58,996.18,15,34,46,53.81195238240201,-1.7974465727005564
03/11/2021 18:52:00,1.849,30,13.1,58,996.22,17,33,46,53.811990548172936,-1.7975892268118852
03/11/2021 18:53:00,1.75,34,13.2,58,996.21,16,32,46,53.811977825334196,-1.7976268249664227
03/11/2021 18:54:00,1.753,34,13.2,58,995.61,16,31,45,53.8120763742775,-1.7971842188375364
03/11/2021 18:55:00,1.706,36,13.1,58,995.78,19,31,45,53.81194205621789,-1.7973542918850791
03/11/2021 18:56:00,1.678,37,13.1,59,995.99,17,29,44,53.81194552967461,-1.79734369916
03/11/2021 18:57:00,1.7,36,13.3,58,995.94,16,27,43,53.81183659522516,-1.7975523904474644
03/11/2021 18:58:00,1.713,35,13.1,59,995.6,15,26,44,53.811900928264244,-1.7978222204320018
03/11/2021 18:59:00,1.715,35,13.2,58,995.41,17,26,45,53.8119592831092,-1.7977287860555218
03/11/2021 19:00:00,1.754,34,13.0,58,995.35,21,29,46,53.81199974421254,-1.7975748210200528
03/11/2021 19:01:00,1.772,33,13.1,59,995.37,18,27,46,53.81207984769841,-1.7973105158154232
03/11/2021 19:02:00,1.745,34,12.9,59,995.22,16,25,46,53.812079012079515,-1.7974327596178057
03/11/2021 19:03:00,1.797,32,13.0,58,995.17,15,22,45,53.811735610044565,-1.7971602138801268
03/11/2021 19:04:00,1.836,31,12.9,58,995.44,17,24,45,53.81192966375756,-1.7977132595145209
03/11/2021 19:05:00,1.87,29,12.7,58,995.8,20,26,45,53.811768770156874,-1.7977291362877779
03/11/2021 19:06:00,1.891,29,12.7,57,995.72,19,28,45,53.81208990927594,-1.7975110307119309
03/11/2021 19:07:00,1.878,29,12.5,56,995.77,20,28,45,53.81207037383438,-1.7973698853589197
03/11/2021 19:08:00,1.853,30,12.5,56,995.57,23,29,46,53.81223044934296,-1.7968486171161313
03/11/2021 19:09:00,1.79,32,12.5,55,995.5,25,29,46,53.812133121752126,-1.7967260329317796
03/11/2021 19:10:00,1.775,33,12.5,56,995.12,21,26,45,53.81238408656212,-1.7969682532674311
03/11/2021 19:11:00,1.821,31,12.8,56,995.09,18,25,46,53.812108769649676,-1.7972029716535902
03/11/2021 19:12:00,1.89,29,12.8,56,995.43,18,25,47,53.812260092339464,-1.7976543482449066
03/11/2021 19:13:00,1.911,28,12.7,57,995.53,16,22,47,53.81231720032536,-1.7974714610206453
03/11/2021 19:14:00,1.886,29,12.7,56,995.44,12,18,47,53.81237254604127,-1.7975571226010958
03/11/2021 19:15:00,1.852,30,12.6,56,995.23,10,14,47,53.812422496576644,-1.7978907585128459
03/11/2021 19:16:00,1.876,29,12.7,56,995.22,11,17,48,53.81280968461095,-1.7975194242291375
03/11/2021 19:17:00,1.933,27,12.7,58,995.59,13,18,47,53.81311907765219,-1.7978972884070654
03/11/2021 19:18:00,1.922,27,12.8,59,995.57,9,13,47,53.81295393023499,-1.7977509359458863
03/11/2021 19:19:00,1.842,30,12.8,58,995.82,11,16,46,53.81301699471573,-1.7974360294594236
03/11/2021 19:20:00,1.822,31,13.0,58,995.63,11,17,47,53.81288599796892,-1.798010336678943
03/11/2021 19:21:00,1.784,33,13.0,58,995.65,12,19,48,53.812864170868764,-1.7978119969639548
03/11/2021 19:22:00,1.801,32,12.8,58,995.21,12,20,47,53.812935467512546,-1.798371699529357
03/11/2021 19:23:00,1.824,31,12.7,57,995.63,,,,53.81296289249344,-1.7982630194265512
03/11/2021 19:24:00,1.755,34,12.8,57,995.23,16,24,47,53.812780459051794,-1.7983448466585767
03/11/2021 19:25:00,1.762,33,12.8,57,995.04,15,27,47,53.812751734108716,-1.7983078358602966
03/11/2021 19:26:00,1.79,32,12.7,55,994.86,17,27,46,53.81285411920219,-1.7978661471496291
03/11/2021 19:27:00,1.867,29,12.7,54,995.27,18,27,47,53.8129268069287,-1.79780922908435
03/11/2021 19:28:00,1.892,29,12.7,55,994.9,18,25,47,53.81312210173091,-1.7979241022924426
03/11/2021 19:29:00,1.944,27,12.8,55,994.91,18,25,47,53.813461935390905,-1.7977252181752585
03/11/2021 19:30:00,1.932,27,12.9,55,994.7,21,27,46,53.81323173217513,-1.7981659417344857
03/11/2021 19:31:00,1.907,28,12.9,55,994.76,22,29,45,53.81295049084895,-1.7986027801075621
03/11/2021 19:32:00,1.9,28,12.8,55,995.12,24,29,46,53.81295728763789,-1.7990900316565848
03/11/2021 19:33:00,1.855,30,12.9,55,994.92,20,25,45,53.81271765406256,-1.7991499972719134
03/11/2021 19:34:00,1.912,28,12.9,55,995.39,22,27,46,53.81252946245281,-1.7990413735987958
03/11/2021 19:35:00,1.931,27,12.7,55,995.36,24,29,46,53.812717481575405,-1.7995296461091683
03/11/2021 19:36:00,1.831,31,12.8,56,995.43,23,28,45,53.812758141939256,-1.8002047644671448
03/11/2021 19:37:00,1.885,29,12.8,57,995.41,25,30,46,53.81269201484116,-1.8001422611121594
03/11/2021 19:38:00,1.859,30,13.0,56,995.03,27,32,46,53.812937610590936,-1.7996906208032086
03/11/2021 19:39:00,1.805,32,13.0,58,994.99,27,32,46,53.81275033762797,-1.799913583612563
03/11/2021 19:40:00,1.76,34,13.0,57,995.15,25,30,47,53.81297960383188,-1.7999550242433837
03/11/2021 19:41:00,1.766,33,12.7,58,995.32,22,32,48,53.81302001265504,-1.7999373051691656
03/11/2021 19:42:00,1.767,33,12.8,58,995.15,24,35,48,53.81289155925166,-1.800133781519907
03/11/2021 19:43:00,1.782,33,12.7,58,995.43,24,37,48,53.81314094637132,-1.800430998890223
03/11/2021 19:44:00,1.864,30,12.8,58,995.35,20,36,48,53.812745595638695,-1.8007575200153774
03/11/2021 19:45:00,1.799,32,12.8,58,995.06,19,35,49,53.812664055753295,-1.8001141914649592
03/11/2021 19:46:00,1.829,31,12.8,58,995.09,19,32,48,53.81292987070517,-1.7996480652948401
03/11/2021 19:47:00,1.792,32,12.9,59,995.46,19,31,47,53.8127641395186,-1.8003108920141664
03/11/2021 19:48:00,1.765,33,12.9,58,995.18,19,31,48,53.812635028672034,-1.8000646807809881
03/11/2021 19:49:00,1.807,32,13.0,58,995.18,17,28,48,53.81245922891719,-1.8006037178884766
03/11/2021 19:50:00,1.888,29,12.9,58,995.37,15,27,48,53.81253759944931,-1.8000239987020468
03/11/2021 19:51:00,1.881,29,12.9,58,995.13,18,28,48,53.812594919362475,-1.8003566244596392
03/11/2021 19:52:00,1.892,29,13.0,58,994.86,18,29,49,53.81234935203894,-1.8000882754040524
03/11/2021 19:53:00,1.865,30,12.8,58,994.69,17,28,49,53.81208607525904,-1.800193179468473
03/11/2021 19:54:00,1.877,29,12.8,57,994.64,16,26,49,53.81231099853911,-1.7999939919786203
03/11/2021 19:55:00,1.837,31,12.9,57,994.2,15,23,50,53.81201761122299,-1.8002983504124779
03/11/2021 19:56:00,1.781,33,13.0,57,993.93,15,24,50,53.812236044129286,-1.7999012777811763
03/11/2021 19:57:00,1.772,33,13.1,57,994.14,17,26,50,53.81215441754633,-1.8002046384123935
03/11/2021 19:58:00,1.793,32,13.1,58,994.1,19,29,52,53.812055011012625,-1.8002420592006152
03/11/2021 19:59:00,1.844,30,13.0,58,994.15,17,28,51,53.81236532950038,-1.8005672985869587
03/11/2021 20:00:00,1.781,33,13.1,59,994.38,15,24,50,53.81248369694509,-1.8008148370289752
03/11/2021 20:01:00,1.799,32,13.0,59,994.42,14,23,50,53.81274101690578,-1.800666965310953
03/11/2021 20:02:00,1.816,31,13.0,60,994.39,10,16,50,53.812919405611524,-1.801067337581406
03/11/2021 20:03:00,1.763,33,13.0,60,994.47,9,15,50,53.812889665872696,-1.8008072681795144
03/11/2021 20:04:00,1.722,35,13.0,60,994.42,9,16,49,53.813034996979525,-1.8008146056147354
03/11/2021 20:05:00,1.67,37,13.0,61,994.23,10,16,50,53.81322611109229,-1.800567891538548
03/11/2021 20:06:00,1.674,37,13.0,61,994.05,9,16,50,53.81347147707944,-1.8001823294060395
03/11/2021 20:07:00,1.708,35,13.0,61,993.92,9,16,49,53.813726721806255,-1.7996568548595524
03/11/2021 20:08:00,1.765,33,12.9,61,994.32,10,14,49,53.813964553631784,-1.7999199091955211
03/11/2021 20:09:00,1.817,31,12.8,61,994.57,13,17,48,53.813726592534046,-1.8002926447204317
03/11/2021 20:10:00,1.778,33,12.9,60,995.39,16,21,48,53.8137552449936,-1.8002449515049124
03/11/2021 20:11:00,1.708,35,13.0,60,994.87,13,19,48,53.813856805302606,-1.8002984605613395
03/11/2021 20:12:00,1.688,36,13.0,60,994.7,17,22,48,53.81416510908467,-1.800737765524292
03/11/2021 20:13:00,1.674,37,12.9,59,994.83,17,21,48,53.814195196542165,-1.8007806285584065
03/11/2021 20:14:00,1.67,37,12.9,58,994.88,16,21,48,53.81380749126759,-1.800982764658663
03/11/2021 20:15:00,1.578,40,12.9,58,994.62,17,22,47,53.813948131469495,-1.8009623658140144
03/11/2021 20:16:00,1.62,39,12.7,59,994.9,12,16,46,53.81418406332705,-1.8010129836399706
03/11/2021 20:17:00,1.727,35,12.8,60,994.67,11,14,47,53.814055598949864,-1.801531658560455
03/11/2021 20:18:00,1.699,36,12.9,60,994.67,13,18,46,53.814381674254136,-1.801839931565752
03/11/2021 20:19:00,1.73,35,12.8,60,995.04,12,17,46,53.81422547659889,-1.8016893701474326
03/11/2021 20:20:00,1.708,35,12.9,61,995.37,9,13,45,53.81393928250377,-1.8020501185594817
03/11/2021 20:21:00,1.73,35,13.0,60,995.51,8,12,46,53.81416143957393,-1.8025895656469528
03/11/2021 20:22:00,1.816,31,13.0,60,995.11,9,13,44,53.814186323517525,-1.8025908380009998
03/11/2021 20:23:00,1.715,35,12.9,60,995.32,8,12,43,53.81421924103338,-1.8019696807213454
03/11/2021 20:24:00,1.702,36,12.8,60,994.93,10,17,43,53.81432170100998,-1.802307271253921
03/11/2021 20:25:00,1.766,33,12.9,61,995.37,14,20,43,53.81391331474064,-1.802140340329203
03/11/2021 20:26:00,1.763,33,13.0,60,995.31,11,16,43,53.813913991339724,-1.8021392854965632
03/11/2021 20:27:00,1.678,37,13.2,60,995.39,11,15,44,53.8136841409466,-1.8023694080216988
03/11/2021 20:28:00,1.734,34,13.2,61,995.22,11,14,43,53.813608375029766,-1.8024278231285786
03/11/2021 20:29:00,1.811,32,13.1,62,995.17,10,13,44,53.81385602097117,-1.8026030107170161
03/11/2021 20:30:00,1.86,30,13.3,61,994.75,,,,53.81346992068305,-1.802259704297461
03/11/2021 20:31:00,1.882,29,13.4,61,995.17,14,18,43,53.81332139459089,-1.8029006740808395
03/11/2021 20:32:00,1.853,30,13.3,61,994.72,13,17,43,53.81333887512369,-1.8030845006185305
03/11/2021 20:33:00,1.958,26,13.3,61,994.67,13,19,45,53.81322822635737,-1.8035143675674536
03/11/2021 20:34:00,1.912,28,13.4,62,994.53,15,22,44,53.813419707587975,-1.8028384968629405
03/11/2021 20:35:00,1.982,25,13.6,61,994.37,13,18,42,53.813300918148826,-1.8021938624933225
03/11/2021 20:36:00,1.967,26,13.5,59,994.13,15,20,41,53.81317505804798,-1.8026638826622794
03/11/2021 20:37:00,1.979,25,13.5,58,994.14,14,20,40,53.813183859095076,-1.8026056243888842
03/11/2021 20:38:00,1.957,26,13.5,60,994.14,14,21,41,53.81324594626626,-1.8026418310521444
03/11/2021 20:39:00,1.84,31,13.5,60,994.31,12,20,43,53.81328157653884,-1.8029044649127814
03/11/2021 20:40:00,1.847,30,13.4,61,994.27,13,20,43,53.813154763457355,-1.802928201661868
03/11/2021 20:41:00,1.807,32,13.4,60,994.45,15,21,43,53.813266214654604,-1.8035967302027467
03/11/2021 20:42:00,1.806,32,13.3,60,994.41,14,20,43,53.81322282726171,-1.8035606807716402
03/11/2021 20:43:00,1.845,30,13.4,60,994.27,10,16,45,53.813182715880814,-1.8037361964707213
03/11/2021 20:44:00,1.851,30,13.5,60,994.49,13,21,45,53.81318255782323,-1.8037405806318456
03/11/2021 20:45:00,1.874,29,13.5,59,994.56,12,21,45,53.81331404010205,-1.8038996640383527
03/11/2021 20:46:00,1.84,31,13.5,59,994.5,14,23,46,53.81326996391119,-1.803952657856826
03/11/2021 20:47:00,1.788,32,13.7,59,994.41,13,23,46,53.81318977768967,-1.8034800774255855
03/11/2021 20:48:00,1.706,36,13.7,57,994.34,11,23,46,53.81311943465563,-1.803653040810639
03/11/2021 20:49:00,1.628,38,13.6,58,994.11,12,23,46,53.813089430818906,-1.8036621914115383
03/11/2021 20:50:00,1.703,36,13.7,58,994.31,12,22,47,53.813251884868606,-1.8036300094519722
03/11/2021 20:51:00,1.73,35,13.7,58,994.29,10,20,46,53.813326970937,-1.804013347793052
03/11/2021 20:52:00,1.712,35,13.7,58,994.87,11,19,46,53.81301525315717,-1.8034914462725875
03/11/2021 20:53:00,1.772,33,13.5,58,995.11,10,18,45,53.81266108650865,-1.8031724884811149
03/11/2021 20:54:00,1.841,30,13.5,58,995.21,9,18,44,53.81262933672466,-1.8037583073467556
03/11/2021 20:55:00,1.866,30,13.4,59,995.34,7,18,43,53.81256833504327,-1.8038139739773023
03/11/2021 20:56:00,1.875,29,13.3,59,995.03,7,18,43,53.812706078333704,-1.8040420325876303
03/11/2021 20:57:00,1.831,31,13.3,59,995.43,6,13,44,53.813100032661254,-1.8037056747676476
03/11/2021 20:58:00,1.84,30,13.5,58,995.59,7,12,43,53.813189244957414,-1.803575802758848
03/11/2021 20:59:00,1.881,29,13.5,59,995.4,5,11,42,53.81292954529097,-1.8041701044571383
03/11/2021 21:00:00,1.8,32,13.6,59,995.63,6,11,41,53.8129008716574,-1.804039680976407
03/11/2021 21:01:00,1.866,30,13.5,59,996.04,5,11,41,53.81328921413129,-1.8037801653970358
03/11/2021 21:02:00,1.801,32,13.4,59,996.44,5,12,40,53.81340389818651,-1.803963941025372
03/11/2021 21:03:00,1.758,34,13.4,60,996.3,5,14,39,53.81371011369548,-1.803682637265941
03/11/2021 21:04:00,1.832,31,13.2,60,996.51,5,15,41,53.813706281517355,-1.8036894883685572
03/11/2021 21:05:00,1.887,29,13.4,61,996.25,6,15,42,53.81338502198292,-1.8037737241269665
03/11/2021 21:06:00,1.948,26,13.3,62,996.02,5,12,42,53.81310668010368,-1.8036742118031803
03/11/2021 21:07:00,1.945,27,13.3,63,995.96,5,13,42,53.81307635794164,-1.8032436241812242
03/11/2021 21:08:00,1.951,26,13.1,64,995.72,6,17,42,53.813109863894915,-1.8032040579893989
03/11/2021 21:09:00,2.0,25,13.0,63,995.64,6,15,42,53.81290706817888,-1.8036372105810525
03/11/2021 21:10:00,1.921,27,13.2,63,995.71,6,14,41,53.81291193649093,-1.803629578933881
03/11/2021 21:11:00,1.944,27,13.3,64,995.66,6,15,42,53.81255708970116,-1.803412258959118
03/11/2021 21:12:00,1.876,29,13.4,63,995.62,8,17,41,53.812729144709536,-1.8037615342192592
03/11/2021 21:13:00,1.838,31,13.5,64,995.63,6,16,41,53.812730947262466,-1.8037778046113888
03/11/2021 21:14:00,1.806,32,13.7,63,995.64,8,18,40,53.812713604848355,-1.8038811819760987
03/11/2021 21:15:00,1.689,36,13.7,62,995.57,8,17,41,53.812686927512175,-1.8040265977400487
03/11/2021 21:16:00,1.657,37,13.8,62,995.71,9,20,41,53.812979240915226,-1.804559417374815
03/11/2021 21:17:00,1.618,39,13.7,61,995.42,10,18,41,53.81283373791646,-1.8039423411900541
03/11/2021 21:18:00,1.575,40,13.4,61,995.68,9,18,39,53.81309933692573,-1.8036454847133097
03/11/2021 21:19:00,1.563,41,13.5,62,996.06,7,15,39,53.81332707046668,-1.8040343934366787
03/11/2021 21:20:00,1.6,39,13.6,62,996.02,6,13,40,53.81325343625949,-1.8040982276850197
03/11/2021 21:21:00,1.587,40,13.5,62,995.57,7,15,39,53.81324202463627,-1.8037398179578725
03/11/2021 21:22:00,1.515,43,13.6,62,995.8,8,19,40,53.81341162472456,-1.8032763131144594
03/11/2021 21:23:00,1.539,42,13.5,62,995.65,8,19,40,53.8132790658649,-1.8035990484970341
03/11/2021 21:24:00,1.508,43,13.5,61,996.27,7,17,39,53.81330299048251,-1.80359258819395
03/11/2021 21:25:00,1.417,46,13.6,61,996.43,8,21,39,53.81321351466919,-1.803999375976942
03/11/2021 21:26:00,1.493,43,13.7,61,996.32,8,20,38,53.813038257244294,-1.8040050390949203
03/11/2021 21:27:00,1.422,46,13.7,61,996.61,9,22,39,53.81306473931062,-1.8032938052861691
03/11/2021 21:28:00,1.412,47,13.7,61,996.64,9,22,39,53.81324006050355,-1.8037126779492603
03/11/2021 21:29:00,1.33,50,13.6,60,996.39,8,23,40,53.813279842443606,-1.8034278329795965
03/11/2021 21:30:00,1.401,47,13.6,62,996.45,8,23,41,53.813272208819676,-1.8032876323642828
03/11/2021 21:31:00,1.337,49,13.7,62,996.49,6,18,41,53.81326738873916,-1.8037256367103334
03/11/2021 21:32:00,1.248,53,13.6,60,996.43,5,17,40,53.813227286521254,-1.8038672390750838
03/11/2021 21:33:00,1.268,52,13.7,60,996.26,5,18,39,53.8132985284427,-1.8043163191821123
03/11/2021 21:34:00,1.35,49,13.7,59,995.96,6,17,39,53.813379344447995,-1.804127293789533
03/11/2021 21:35:00,1.408,47,13.6,57,995.79,4,16,38,53.81332995322839,-1.8046878684777607
03/11/2021 21:36:00,1.315,50,13.5,57,995.85,4,17,38,53.813063749222174,-1.8046312191495577
03/11/2021 21:37:00,1.374,48,13.5,57,995.84,5,18,38,53.813033791957395,-1.8046565224449616
03/11/2021 21:38:00,1.369,48,13.5,57,996.1,4,16,38,53.813196777401224,-1.8053433521895945
03/11/2021 21:39:00,1.4,47,13.5,57,996.19,6,19,39,53.812840844614065,-1.8054164984105323
03/11/2021 21:40:00,1.387,47,13.4,57,996.26,7,21,40,53.81281457954282,-1.8050775951066913
03/11/2021 21:41:00,1.396,47,13.6,55,996.75,7,22,40,53.813215132624755,-1.8052020031837375
03/11/2021 21:42:00,1.484,44,13.7,55,997.29,,,,53.813097275654776,-1.8058465989758474
03/11/2021 21:43:00,1.508,43,13.8,54,997.03,8,21,40,53.81298721720893,-1.8060034767136077
03/11/2021 21:44:00,1.527,42,13.7,55,997.32,9,23,40,53.812985017327634,-1.805987978581951
03/11/2021 21:45:00,1.52,43,13.9,55,997.37,7,23,41,53.81265595427154,-1.8055099571106406
03/11/2021 21:46:00,1.607,39,13.7,55,997.38,7,22,41,53.81281836307647,-1.8058605263429806
03/11/2021 21:47:00,1.618,39,13.8,55,997.14,8,22,41,53.812805427581694,-1.8058627210771767
03/11/2021 21:48:00,1.56,41,13.8,54,997.04,9,22,42,53.81240794579015,-1.8061460212263554
03/11/2021 21:49:00,1.529,42,13.9,55,996.55,9,21,41,53.81241921205105,-1.80615446510406
03/11/2021 21:50:00,1.522,42,13.8,55,996.44,9,22,42,53.81263577229672,-1.805660158426535
03/11/2021 21:51:00,1.554,41,13.8,56,996.12,10,25,42,53.81255718105659,-1.805745699507631
03/11/2021 21:52:00,1.44,45,13.9,56,996.27,,,,53.81262351066523,-1.8063899190498391
03/11/2021 21:53:00,1.404,47,13.8,55,996.1,11,28,43,53.812670164060556,-1.806306015353874
03/11/2021 21:54:00,1.373,48,13.8,56,996.1,11,30,44,53.812554185447965,-1.8065302476521816
03/11/2021 21:55:00,1.413,47,13.8,54,996.12,10,32,44,53.81269028495543,-1.8064251500457356
03/11/2021 21:56:00,1.408,47,13.8,55,995.94,11,33,44,53.81260183393776,-1.8067007214289557
03/11/2021 21:57:00,1.39,47,13.7,55,996.18,10,33,43,53.81281196609368,-1.8072145924478766
03/11/2021 21:58:00,1.367,48,13.5,55,996.11,11,35,43,53.812601965975546,-1.807359759003205
03/11/2021 21:59:00,1.303,51,13.6,55,996.24,12,31,43,53.8125247103148,-1.8073798169962547
03/11/2021 22:00:00,1.342,49,13.6,55,996.01,11,30,43,53.812729844095145,-1.8074263323126605
03/11/2021 22:01:00,1.374,48,13.5,55,995.6,8,26,42,53.81250809726971,-1.8075758516034275
03/11/2021 22:02:00,1.384,48,13.8,55,995.62,8,24,42,53.812478915304844,-1.8077358379586235
03/11/2021 22:03:00,1.328,50,13.9,55,995.79,9,26,43,53.812580356340085,-1.8071324212331734
03/11/2021 22:04:00,1.295,51,13.9,56,995.65,9,24,43,53.812342322478166,-1.8069845059958536
03/11/2021 22:05:00,1.28,52,14.0,55,995.46,9,26,43,53.812254488535366,-1.8064634457305342
03/11/2021 22:06:00,1.28,51,14.0,54,994.84,10,26,43,53.812255703264114,-1.806639667045382
03/11/2021 22:07:00,1.332,50,14.0,55,995.2,12,26,42,53.81235197419994,-1.806658362594465
03/11/2021 22:08:00,1.313,50,14.0,54,995.18,10,21,43,53.81197865354942,-1.8069070274690726
03/11/2021 22:09:00,1.283,51,14.0,54,995.36,11,22,43,53.81205281231366,-1.8064965609305326
03/11/2021 22:10:00,1.271,52,13.9,54,995.38,8,20,42,53.812007978450545,-1.8063989737383157
03/11/2021 22:11:00,1.232,53,14.0,57,995.6,7,17,43,53.81207182340708,-1.8057907671000524
03/11/2021 22:12:00,1.245,53,14.1,58,995.83,7,18,42,53.81223027716737,-1.806003185497483
03/11/2021 22:13:00,1.225,54,14.1,58,995.76,8,19,42,53.812417341427576,-1.8059725093820287
03/11/2021 22:14:00,1.181,55,14.1,58,996.04,12,24,42,53.81244961368178,-1.8059826766889506
03/11/2021 22:15:00,1.189,55,14.1,59,996.05,12,27,43,53.81247221298325,-1.806321314742618
03/11/2021 22:16:00,1.151,56,14.1,57,995.78,10,26,42,53.812189933984136,-1.805882319736975
03/11/2021 22:17:00,1.145,57,14.0,57,995.61,12,30,42,53.81235980264721,-1.8058026784920618
03/11/2021 22:18:00,1.077,59,13.9,58,995.52,11,32,41,53.812334640919026,-1.8065154051100447
03/11/2021 22:19:00,1.195,55,13.9,59,995.34,9,30,41,53.81260699606981,-1.8064577961629318
03/11/2021 22:20:00,1.173,56,13.9,58,995.46,11,32,42,53.81264666454751,-1.8063917167992636
03/11/2021 22:21:00,1.225,54,13.9,60,995.92,8,28,42,53.81239424360676,-1.80688523273696
03/11/2021 22:22:00,1.24,53,13.7,59,995.68,6,27,41,53.81237459472777,-1.8069467596720834
03/11/2021 22:23:00,1.271,52,13.6,60,995.6,5,25,40,53.812519347052195,-1.8073809976530555
03/11/2021 22:24:00,1.319,50,13.6,60,995.93,6,21,40,53.81234335751717,-1.8073942670158116
03/11/2021 22:25:00,1.337,49,13.6,59,995.98,6,15,39,53.81227631507491,-1.8075947627976277
03/11/2021 22:26:00,1.36,49,13.4,59,996.15,7,15,40,53.81221978805893,-1.8074148326571475
03/11/2021 22:27:00,1.343,49,13.3,59,995.87,7,16,40,53.81202569092535,-1.8072917050355752
03/11/2021 22:28:00,1.386,48,13.2,59,995.82,6,15,40,53.81195141897845,-1.8080077147919058
03/11/2021 22:29:00,1.435,46,13.2,58,995.25,7,16,39,53.81206022586865,-1.8085453573762564
03/11/2021 22:30:00,1.488,44,13.1,58,995.43,5,14,39,53.81217017504543,-1.8078187004053723
03/11/2021 22:31:00,1.542,42,13.0,58,995.62,8,16,38,53.81232322172737,-1.80798676496769
03/11/2021 22:32:00,1.571,41,12.9,59,995.59,7,16,38,53.81219425654215,-1.8082104662082619
03/11/2021 22:33:00,1.568,41,13.0,59,996.09,7,15,38,53.8120136229146,-1.8088532635160102
03/11/2021 22:34:00,1.569,41,12.9,58,996.33,6,16,38,53.81206047752455,-1.809204845591835
03/11/2021 22:35:00,1.561,41,12.8,58,996.62,7,18,38,53.81213665247576,-1.8090361502520798
03/11/2021 22:36:00,1.468,44,12.8,57,996.58,6,17,38,53.812145262758705,-1.8091629128417492
03/11/2021 22:37:00,1.465,45,12.7,57,996.33,6,17,39,53.81189029793375,-1.8094274430415496
03/11/2021 22:38:00,1.465,45,12.7,57,996.31,5,16,39,53.81189990244483,-1.8094100795562567
03/11/2021 22:39:00,1.445,45,12.8,59,996.02,6,17,39,53.811600582980766,-1.8097247131633434
03/11/2021 22:40:00,1.546,42,12.8,58,996.07,6,19,39,53.81169539821853,-1.8099063925815395
03/11/2021 22:41:00,1.516,43,13.0,58,996.03,8,23,40,53.81150841898388,-1.8098318332517824
03/11/2021 22:42:00,1.525,42,12.9,58,995.78,9,25,40,53.81122403835137,-1.8097450867339535
03/11/2021 22:43:00,1.633,38,12.7,57,995.59,8,23,38,53.8112247888735,-1.8097295013202916
03/11/2021 22:44:00,1.62,39,12.7,57,996.11,9,22,39,53.81153115402523,-1.8096305033145095
03/11/2021 22:45:00,1.574,40,12.5,57,995.81,9,20,39,53.81126478365484,-1.8097836881767
03/11/2021 22:46:00,1.529,42,12.5,57,996.15,8,19,38,53.81129281918612,-1.8097553935445496
03/11/2021 22:47:00,1.489,44,12.5,57,995.79,8,21,38,53.811291995062206,-1.8097515548092515
03/11/2021 22:48:00,1.476,44,12.7,56,995.85,7,19,37,53.81149694763172,-1.8096124988745252
03/11/2021 22:49:00,1.453,45,12.5,56,996.41,6,16,37,53.8116048317298,-1.8100308402900191
03/11/2021 22:50:00,1.475,44,12.5,56,996.42,7,17,36,53.81149876594691,-1.8093251900295149
03/11/2021 22:51:00,1.46,45,12.5,56,996.54,6,20,36,53.8116787534782,-1.809362705387225
03/11/2021 22:52:00,1.463,45,12.5,56,996.48,7,21,36,53.81161361587523,-1.8091908901591076
03/11/2021 22:53:00,1.369,48,12.4,57,996.15,6,20,36,53.811462339613655,-1.8093689950943008
03/11/2021 22:54:00,1.387,47,12.6,58,995.91,6,23,37,53.81147002730985,-1.80936039775748
03/11/2021 22:55:00,1.413,47,12.7,57,996.48,6,24,37,53.811686532965375,-1.8094285807946338
03/11/2021 22:56:00,1.442,45,12.8,56,996.58,8,29,38,53.81173406057449,-1.809192640305839
03/11/2021 22:57:00,1.447,45,12.9,57,996.63,9,28,38,53.81183756739646,-1.8090019810025346
03/11/2021 22:58:00,1.509,43,12.8,57,996.65,8,27,38,53.81208003346794,-1.8088714230506393
03/11/2021 22:59:00,1.518,43,12.9,57,996.19,10,29,39,53.81239483717072,-1.8085519474136598
03/11/2021 23:00:00,1.528,42,13.0,56,995.68,10,31,38,53.81240713989077,-1.8085421708475937
03/11/2021 23:01:00,1.519,43,12.9,57,995.53,10,31,38,53.81249099245373,-1.8089100128738653
03/11/2021 23:02:00,1.562,41,12.9,58,995.38,8,27,38,53.81264472548983,-1.808908332461932
03/11/2021 23:03:00,1.584,40,12.7,58,995.57,9,24,38,53.812668605801385,-1.8088871399592203
03/11/2021 23:04:00,1.597,40,12.8,57,995.06,8,20,38,53.81275695513245,-1.8087047900968434
03/11/2021 23:05:00,1.615,39,12.7,57,995.29,10,23,38,53.812847916053435,-1.8087920998885696
03/11/2021 23:06:00,1.706,36,12.8,58,995.42,6,22,39,53.81298712874126,-1.8085701881114165
03/11/2021 23:07:00,1.688,36,12.9,59,995.68,7,24,38,53.813091982162554,-1.8092292861333874
03/11/2021 23:08:00,1.677,37,12.9,59,996.02,6,27,39,53.81293631505595,-1.8087236673229858
03/11/2021 23:09:00,1.661,37,12.8,60,995.58,,,,53.81298450604706,-1.808199079576276
03/11/2021 23:10:00,1.634,38,12.9,60,995.98,5,26,40,53.81322939815024,-1.8085201877885104
03/11/2021 23:11:00,1.594,40,12.9,60,996.08,5,27,40,53.813218626803646,-1.8086583437435249
03/11/2021 23:12:00,1.571,41,12.9,60,996.44,6,24,40,53.81327974191376,-1.8088315423309054
03/11/2021 23:13:00,1.67,37,12.9,59,996.22,6,22,40,53.81315058615443,-1.8087386842717044
03/11/2021 23:14:00,1.698,36,12.8,59,996.1,7,23,40,53.81327562964043,-1.808248455575776
03/11/2021 23:15:00,1.659,37,12.8,59,996.31,7,25,40,53.81348421538968,-1.8082121454693385
03/11/2021 23:16:00,1.623,39,13.0,61,996.63,4,22,39,53.81329694642209,-1.8075758450219028
03/11/2021 23:17:00,1.564,41,13.1,61,996.73,5,21,40,53.81292899355549,-1.8072242214140075
03/11/2021 23:18:00,1.66,37,13.1,63,997.14,5,19,39,53.81290128584796,-1.8072270853165866
03/11/2021 23:19:00,1.569,41,13.1,63,997.1,4,17,39,53.812921317339224,-1.8070505313490859
03/11/2021 23:20:00,1.578,40,13.1,62,996.86,3,18,39,53.81288646029543,-1.8067372039693637
03/11/2021 23:21:00,1.567,41,13.0,62,996.61,3,19,40,53.81293075129411,-1.8072386813842836
03/11/2021 23:22:00,1.512,43,13.0,61,996.59,4,22,39,53.81307195094395,-1.8076357819378328
03/11/2021 23:23:00,1.499,43,13.2,62,996.97,5,23,40,53.812920563508634,-1.8077470242039615
03/11/2021 23:24:00,1.531,42,13.2,61,997.05,7,20,39,53.812541246522784,-1.8078021415188836
03/11/2021 23:25:00,1.53,42,13.4,63,997.27,8,24,39,53.81273258380646,-1.8079927083203482
03/11/2021 23:26:00,1.487,44,13.5,63,997.73,7,23,39,53.812630270626656,-1.808044476133699
03/11/2021 23:27:00,1.465,45,13.5,63,998.18,7,22,39,53.812837464150725,-1.8081894471964621
03/11/2021 23:28:00,1.439,46,13.6,64,998.32,8,23,39,53.812816517346256,-1.8077840980749262
03/11/2021 23:29:00,1.515,43,13.6,65,998.23,10,25,39,53.81281370660256,-1.8078122051586276
03/11/2021 23:30:00,1.609,39,13.5,65,998.22,11,27,39,53.81274969715443,-1.8070742693798905
03/11/2021 23:31:00,1.604,39,13.5,67,998.17,10,27,39,53.812784798907856,-1.8075608454442662
03/11/2021 23:32:00,1.667,37,13.4,67,998.05,11,29,39,53.81276408623721,-1.8075588105387987
03/11/2021 23:33:00,1.604,39,13.3,68,998.04,12,29,40,53.81284148685724,-1.8074429639142937
03/11/2021 23:34:00,1.604,39,13.3,67,997.87,9,28,40,53.81266486670101,-1.8074090175622288
03/11/2021 23:35:00,1.578,40,13.2,67,997.82,9,28,40,53.81239936375386,-1.8079394185297246
03/11/2021 23:36:00,1.621,39,13.1,67,997.44,7,23,39,53.81239951026788,-1.80809357415137
03/11/2021 23:37:00,1.567,41,13.2,67,996.98,8,25,41,53.8124222110226,-1.80835088131924
03/11/2021 23:38:00,1.579,40,13.3,67,996.51,7,26,41,53.81206673226193,-1.8079965937427722
03/11/2021 23:39:00,1.556,41,13.3,66,996.41,7,25,41,53.81228341224404,-1.8081767277738545
03/11/2021 23:40:00,1.62,39,13.4,67,996.12,9,25,41,53.81231661029554,-1.8076160756994715
03/11/2021 23:41:00,1.662,37,13.5,68,996.28,7,24,41,53.812621539640624,-1.8072458232779192
03/11/2021 23:42:00,1.68,36,13.4,67,995.93,8,24,42,53.81295891051681,-1.8074134363018406
03/11/2021 23:43:00,1.706,36,13.4,68,995.96,10,25,43,53.81287333726372,-1.8080404261783947
03/11/2021 23:44:00,1.744,34,13.3,67,995.73,10,25,43,53.812641708900706,-1.8079041637641216
03/11/2021 23:45:00,1.726,35,13.4,66,995.97,9,26,43,53.812818543741436,-1.8080693713201204
03/11/2021 23:46:00,1.716,35,13.5,68,996.45,8,27,43,53.81285197352936,-1.8081410694864128
03/11/2021 23:47:00,1.788,32,13.6,68,996.1,9,26,42,53.812496830748536,-1.808071089603522
03/11/2021 23:48:00,1.771,33,13.7,68,995.8,7,23,41,53.812085675118055,-1.8079256187015855
03/11/2021 23:49:00,1.707,35,13.7,68,995.67,6,20,40,53.81212466318853,-1.8076381964364872
03/11/2021 23:50:00,1.734,34,13.7,67,995.78,7,20,40,53.81209605987665,-1.807625184115478
03/11/2021 23:51:00,1.788,32,13.7,69,995.67,7,22,41,53.812157696947516,-1.8074257776142697
03/11/2021 23:52:00,1.729,35,13.7,68,995.71,7,22,41,53.81185933142086,-1.807659501253572
03/11/2021 23:53:00,1.78,33,13.6,67,995.52,7,22,40,53.81168665497195,-1.8078511212963004
03/11/2021 23:54:00,1.787,32,13.4,67,995.15,7,22,41,53.811896313361686,-1.808501448311569
03/11/2021 23:55:00,1.945,27,13.5,67,994.94,10,26,41,53.81167525722052,-1.808746544737144
03/11/2021 23:56:00,1.94,27,13.4,67,994.92,11,26,41,53.8119363953125,-1.8090235335508156
03/11/2021 23:57:00,1.905,28,13.4,66,994.79,11,26,40,53.812160639072395,-1.8086723889518943
03/11/2021 23:58:00,1.884,29,13.2,65,995.02,13,29,41,53.812284699543945,-1.8087597645495264
03/11/2021 23:59:00,1.869,29,13.0,66,995.17,14,31,41,53.812394323332626,-1.8088386575365947
04/11/2021 00:00:00,1.819,31,13.1,66,995.51,17,31,41,53.812739631901245,-1.8084299995850532
04/11/2021 00:01:00,1.726,35,13.1,66,995.71,15,29,42,53.81296619790735,-1.8088294264917084
04/11/2021 00:02:00,1.728,35,13.1,67,995.96,14,28,42,53.81311630906317,-1.8093143953440012
04/11/2021 00:03:00,1.752,34,13.1,67,995.71,12,28,40,53.81328784672133,-1.8095058571164662
04/11/2021 00:04:00,1.793,32,13.1,67,995.98,11,26,40,53.813241920134836,-1.8093689090212586
04/11/2021 00:05:00,1.788,32,13.0,66,996.38,13,24,40,53.81321916152333,-1.8093485998601007
04/11/2021 00:06:00,1.782,33,13.1,66,996.5,13,23,39,53.813620681999566,-1.8093535341557878
04/11/2021 00:07:00,1.802,32,13.1,67,996.33,15,21,39,53.8136963168116,-1.8098148961910425
04/11/2021 00:08:00,1.775,33,13.2,68,995.96,17,25,39,53.8136969871087,-1.8098135821874872
04/11/2021 00:09:00,1.705,36,13.5,68,995.98,16,24,40,53.81372044624855,-1.809729475983382
04/11/2021 00:10:00,1.806,32,13.6,68,995.73,16,23,39,53.81359619190462,-1.8096901399853325
04/11/2021 00:11:00,1.83,31,13.6,69,995.35,17,22,40,53.813781249970084,-1.810047381463498
04/11/2021 00:12:00,1.875,29,13.7,68,994.88,16,22,41,53.8135070939565,-1.8103993403476915
04/11/2021 00:13:00,1.854,30,13.7,68,994.79,14,22,40,53.81366033978196,-1.8106120248228081
04/11/2021 00:14:00,1.961,26,13.6,68,994.87,13,21,39,53.81349429435366,-1.810033608043747
04/11/2021 00:15:00,1.887,29,13.5,67,994.59,12,20,39,53.81345581383698,-1.8106619955639407
04/11/2021 00:16:00,1.999,25,13.7,67,994.62,14,23,41,53.81340307370945,-1.8104190935935354
04/11/2021 00:17:00,1.905,28,13.8,66,994.69,15,21,40,53.813223886567776,-1.8105873096861569
04/11/2021 00:18:00,1.986,25,13.9,65,994.56,16,22,40,53.813405841056834,-1.8109335410699732
04/11/2021 00:19:00,1.998,25,14.0,65,994.9,16,22,41,53.81331688420396,-1.8105340744476597
04/11/2021 00:20:00,1.972,26,13.9,65,994.88,15,21,41,53.81348092692482,-1.8107739676364445
04/11/2021 00:21:00,1.9,28,14.0,64,994.97,20,24,41,53.81315399926575,-1.8112477544859569
04/11/2021 00:22:00,1.835,31,14.1,64,995.08,19,23,42,53.812909701095045,-1.8106543049337243
04/11/2021 00:23:00,1.946,27,14.1,64,994.88,19,23,40,53.81297245870367,-1.8106278107185103
04/11/2021 00:24:00,1.889,29,14.1,64,994.72,19,26,40,53.81313427400355,-1.810878986674142
04/11/2021 00:25:00,1.919,28,14.1,63,994.79,23,30,41,53.81308048624715,-1.8105394701428403
04/11/2021 00:26:00,1.969,26,14.1,64,994.81,21,28,41,53.813352106289315,-1.8100462819141674
04/11/2021 00:27:00,1.958,26,14.4,64,995.03,16,25,40,53.81341918866157,-1.8101506269451795
04/11/2021 00:28:00,1.903,28,14.3,63,994.86,16,25,40,53.813376827592805,-1.8098945395992634
04/11/2021 00:29:00,1.9,28,14.4,63,994.91,14,24,40,53.813344237394496,-1.8098696565727825
04/11/2021 00:30:00,1.916,28,14.4,63,995.14,15,26,40,53.81334658607476,-1.8091657564656403
04/11/2021 00:31:00,1.831,31,14.5,62,995.5,19,28,40,53.813278415002245,-1.8090674088905265
04/11/2021 00:32:00,1.842,30,14.5,62,995.38,18,26,39,53.8132853105913,-1.8090680768122849
04/11/2021 00:33:00,1.784,33,14.6,62,995.3,20,28,39,53.81335451038061,-1.8085706418422383
04/11/2021 00:34:00,1.764,33,14.5,60,995.1,19,26,38,53.8134617696306,-1.8088358255534458
04/11/2021 00:35:00,1.834,31,14.7,59,995.35,18,25,37,53.81352107537074,-1.8092815062289516
04/11/2021 00:36:00,1.867,29,14.7,61,995.2,16,22,37,53.81355505698026,-1.8087918661667057
04/11/2021 00:37:00,1.88,29,14.9,59,994.94,21,25,37,53.81349043393252,-1.8088235790997587
04/11/2021 00:38:00,1.85,30,15.0,59,995.03,20,26,38,53.81350815759724,-1.8081442814305544
04/11/2021 00:39:00,1.847,30,14.9,58,995.12,22,28,39,53.81353818098829,-1.8075183024847392
04/11/2021 00:40:00,1.881,29,14.8,57,994.95,22,27,39,53.81343613556599,-1.8074189243707028
04/11/2021 00:41:00,1.854,30,14.7,57,995.04,18,25,38,53.81367074730611,-1.8074572387257737
04/11/2021 00:42:00,1.857,30,14.8,57,994.88,16,22,38,53.81380182899033,-1.8075483185193322
04/11/2021 00:43:00,1.869,29,14.8,58,995.4,17,24,38,53.81377099889427,-1.8075873234362638
04/11/2021 00:44:00,1.969,26,14.7,58,995.21,19,25,38,53.81354148107642,-1.8073758558148434
04/11/2021 00:45:00,1.921,27,14.7,58,995.15,15,24,38,53.81337146743919,-1.8075042419733536
04/11/2021 00:46:00,1.875,29,14.7,58,995.34,13,21,38,53.813617455350666,-1.8078021544968113
04/11/2021 00:47:00,1.959,26,15.0,58,995.21,11,18,37,53.81362187617609,-1.8073009606289334
04/11/2021 00:48:00,1.919,28,14.9,58,995.25,12,19,39,53.81365922975375,-1.8072303881496836
04/11/2021 00:49:00,1.888,29,14.8,59,995.2,14,20,39,53.81389855675185,-1.8074465756687594
04/11/2021 00:50:00,1.76,34,14.8,59,995.03,15,22,40,53.814241712740916,-1.8073621478263486
04/11/2021 00:51:00,1.747,34,14.7,57,995.17,16,22,40,53.81414570575634,-1.8075162281056603
04/11/2021 00:52:00,1.706,36,14.6,57,995.04,14,19,40,53.81419284869925,-1.807373938777719
04/11/2021 00:53:00,1.713,35,14.6,57,994.95,11,19,39,53.81441153262452,-1.807729724107105
04/11/2021 00:54:00,1.708,35,14.7,59,995.02,12,21,40,53.8144027386762,-1.8078158659978116
04/11/2021 00:55:00,1.677,37,15.0,59,994.72,12,20,38,53.81434641889502,-1.8079270994245866
04/11/2021 00:56:00,1.629,38,15.0,60,994.7,13,21,39,53.814725626214106,-1.8077669992021688
04/11/2021 00:57:00,1.575,40,14.9,60,994.79,14,22,39,53.81460170178374,-1.8080211398581403
04/11/2021 00:58:00,1.573,41,14.9,60,995.09,14,25,37,53.8141971141365,-1.8083434824094784
04/11/2021 00:59:00,1.586,40,14.9,60,994.98,11,23,36,53.81436853663578,-1.808567846799524
04/11/2021 01:00:00,1.608,39,14.9,61,995.1,10,18,36,53.814281378641674,-1.8090103411499179
04/11/2021 01:01:00,1.612,39,14.9,60,994.92,9,16,36,53.814312509253845,-1.808997942178865
04/11/2021 01:02:00,1.62,39,14.8,60,994.51,9,17,34,53.8141221217877,-1.808395384323676
04/11/2021 01:03:00,1.655,37,14.8,60,994.58,9,17,34,53.81423862302694,-1.8087072223822354
04/11/2021 01:04:00,1.644,38,14.9,59,994.62,9,17,33,53.8142966302993,-1.8091657575802402
04/11/2021 01:05:00,1.64,38,15.0,60,994.75,8,17,32,53.81422483651573,-1.8092701192752796
04/11/2021 01:06:00,1.607,39,14.9,59,994.87,7,16,32,53.81421739722184,-1.809338708260043
04/11/2021 01:07:00,1.552,41,15.0,59,995.17,8,15,31,53.8143797751313,-1.809209321814909
04/11/2021 01:08:00,1.54,42,15.0,60,994.84,7,14,31,53.81441912351325,-1.8084890446097373
04/11/2021 01:09:00,1.538,42,15.0,60,995.02,6,12,31,53.81446498817371,-1.8079493850813064
04/11/2021 01:10:00,1.57,41,14.9,59,995.33,7,14,32,53.814388241862375,-1.807639563427453
04/11/2021 01:11:00,1.583,40,14.9,59,995.39,8,17,31,53.81440879298083,-1.807629210144079
04/11/2021 01:12:00,1.707,36,14.9,59,995.24,10,18,31,53.814759408303814,-1.8074009203144548
04/11/2021 01:13:00,1.75,34,14.8,59,995.08,8,15,31,53.81496318738964,-1.806799159547899
04/11/2021 01:14:00,1.74,34,14.6,59,994.78,8,15,32,53.81492073670978,-1.8064582578103432
04/11/2021 01:15:00,1.751,34,14.6,58,994.69,9,15,33,53.815360027792856,-1.8065524200296468
04/11/2021 01:16:00,1.718,35,14.5,58,994.64,9,15,33,53.81516459869545,-1.80677181389046
04/11/2021 01:17:00,1.757,34,14.5,59,994.58,8,15,33,53.81510384900721,-1.8067573185339498
04/11/2021 01:18:00,1.812,32,14.5,58,994.45,8,15,33,53.81487736011015,-1.8067604800702795
04/11/2021 01:19:00,1.836,31,14.4,59,994.69,8,14,33,53.814863096059106,-1.8066829743998807
04/11/2021 01:20:00,1.84,31,14.5,59,994.93,7,12,32,53.81452062799748,-1.8067944374813243
04/11/2021 01:21:00,1.828,31,14.5,60,995.2,6,9,31,53.81448411715702,-1.8071179806335251
04/11/2021 01:22:00,1.83,31,14.6,59,995.22,6,9,31,53.81417743303092,-1.8068332619686698
04/11/2021 01:23:00,1.826,31,14.3,58,995.46,7,11,31,53.814165357973174,-1.8067594206843995
04/11/2021 01:24:00,1.829,31,14.3,57,995.73,7,12,31,53.814343626678706,-1.8061078897392713
04/11/2021 01:25:00,1.751,34,14.2,57,995.4,,,,53.814508109327484,-1.806446182722188
04/11/2021 01:26:00,1.784,33,14.4,58,995.18,10,16,31,53.814549463932224,-1.8071662902326509
04/11/2021 01:27:00,1.844,30,14.4,58,995.34,9,16,32,53.814646344317175,-1.807483531271937
04/11/2021 01:28:00,1.798,32,14.4,56,995.3,8,15,31,53.81479380644958,-1.8069131139658179
04/11/2021 01:29:00,1.805,32,14.4,56,995.41,8,13,31,53.814771107917174,-1.807184077705085
04/11/2021 01:30:00,1.807,32,14.3,56,995.24,9,14,30,53.81492597863488,-1.8066944900068356
04/11/2021 01:31:00,1.757,34,14.4,57,995.54,8,14,31,53.81491137617261,-1.8067252639471714
04/11/2021 01:32:00,1.796,32,14.5,57,995.29,10,17,31,53.81494670950074,-1.8064176206321676
04/11/2021 01:33:00,1.633,38,14.6,57,995.1,10,18,31,53.81501088316384,-1.8062080800811189
04/11/2021 01:34:00,1.613,39,14.6,57,994.97,9,19,31,53.81507545776202,-1.8062097117748284
04/11/2021 01:35:00,1.695,36,14.5,59,994.54,11,19,29,53.81506545325978,-1.8062028994731893
04/11/2021 01:36:00,1.699,36,14.7,59,994.9,12,20,29,53.815088817280625,-1.8057242229176251
04/11/2021 01:37:00,1.781,33,14.7,58,995.33,13,22,29,53.81489061468559,-1.8057016396985122
04/11/2021 01:38:00,1.703,36,14.8,58,995.31,12,21,29,53.81488851813578,-1.8057016248081916
04/11/2021 01:39:00,1.74,34,14.6,57,995.16,13,23,30,53.81489432686147,-1.805704798244481
04/11/2021 01:40:00,1.772,33,14.3,55,995.27,9,22,28,53.81489768507157,-1.8057076225942659
04/11/2021 01:41:00,1.639,38,14.3,55,995.36,9,22,28,53.81508552633211,-1.8057970503086196
04/11/2021 01:42:00,1.638,38,14.2,54,995.66,8,21,28,53.81537715230345,-1.8059045194686238
04/11/2021 01:43:00,1.639,38,14.2,54,995.92,,,,53.81531235869222,-1.805892775665049
04/11/2021 01:44:00,1.695,36,14.2,55,995.87,7,20,28,53.81492780768929,-1.8062252569650596
04/11/2021 01:45:00,1.683,36,14.1,56,996.0,6,21,28,53.815107225752236,-1.8057544709639652
04/11/2021 01:46:00,1.672,37,14.1,55,996.11,5,21,27,53.81513948432006,-1.8057069832711314
04/11/2021 01:47:00,1.562,41,14.2,54,995.8,4,20,26,53.81499710872638,-1.806203972774311
04/11/2021 01:48:00,1.631,38,14.2,53,995.99,4,19,25,53.81516749178111,-1.8065126176442128
04/11/2021 01:49:00,1.671,37,14.2,53,996.01,6,19,25,53.815137600083595,-1.8065254382107618
04/11/2021 01:50:00,1.743,34,14.2,52,995.79,6,18,25,53.815121101720905,-1.806515504368868
04/11/2021 01:51:00,1.753,34,14.1,51,995.66,6,20,27,53.81519794191478,-1.8058812378996667
04/11/2021 01:52:00,1.738,34,14.1,51,995.69,7,20,26,53.81514929089261,-1.806062789184529
04/11/2021 01:53:00,1.744,34,13.9,51,995.75,8,20,26,53.81498468566058,-1.8058074028535773
04/11/2021 01:54:00,1.781,33,14.0,50,995.5,7,20,26,53.81501495736778,-1.8055631305317565
04/11/2021 01:55:00,1.808,32,14.0,52,995.31,8,20,26,53.81531158731503,-1.8056801410089651
04/11/2021 01:56:00,1.823,31,13.9,52,995.2,7,20,26,53.81518252648888,-1.8050130466499856
04/11/2021 01:57:00,1.708,35,13.7,51,994.91,8,20,26,53.81518034233934,-1.8056688508748129
04/11/2021 01:58:00,1.78,33,13.6,52,995.23,8,20,26,53.8152888345531,-1.8060846593878748
04/11/2021 01:59:00,1.761,33,13.7,51,995.31,9,21,27,53.81560541090359,-1.805595730696717
04/11/2021 02:00:00,1.744,34,13.5,51,995.44,10,20,27,53.815495754878526,-1.8058285941168088
04/11/2021 02:01:00,1.747,34,13.5,51,995.8,12,21,27,53.81549171459979,-1.8058123602529343
04/11/2021 02:02:00,1.693,36,13.5,50,995.96,13,22,28,53.81521828908211,-1.8053415784948494
04/11/2021 02:03:00,1.735,34,13.6,51,995.77,11,20,29,53.815514483878715,-1.805339380972236
04/11/2021 02:04:00,1.663,37,13.6,50,995.69,10,18,29,53.81573312039837,-1.8051161619359033
04/11/2021 02:05:00,1.669,37,13.6,48,995.89,10,19,29,53.81571522783535,-1.805078412328927
04/11/2021 02:06:00,1.658,37,13.6,49,996.08,8,19,30,53.815699301377,-1.8051373471520316
04/11/2021 02:07:00,1.624,39,13.5,49,996.02,7,20,30,53.81548639300582,-1.8055393884959916
04/11/2021 02:08:00,1.611,39,13.4,50,996.06,6,20,29,53.815188693868855,-1.8060674983785057
04/11/2021 02:09:00,1.616,39,13.5,50,995.78,6,16,29,53.81474233851772,-1.806121941911
04/11/2021 02:10:00,1.636,38,13.5,50,996.12,4,15,30,53.81491362737788,-1.8064873055504527
04/11/2021 02:11:00,1.683,36,13.5,50,996.05,5,15,30,53.814475283563574,-1.8066042117280767
04/11/2021 02:12:00,1.659,37,13.2,51,996.04,7,16,30,53.81471121901338,-1.8067634931351364
04/11/2021 02:13:00,1.696,36,13.3,51,996.16,7,15,31,53.81478959291765,-1.8067993015660875
04/11/2021 02:14:00,1.652,38,13.3,51,995.82,8,17,32,53.814776978028654,-1.8068098228012224
04/11/2021 02:15:00,1.659,37,13.2,50,995.8,7,14,32,53.814872001115916,-1.8062736337678005
04/11/2021 02:16:00,1.62,39,13.5,49,995.87,8,17,33,53.81522575486465,-1.8062147306088123
04/11/2021 02:17:00,1.623,39,13.3,50,995.84,7,16,32,53.81525718451106,-1.8067951374133526
04/11/2021 02:18:00,1.585,40,13.2,50,995.9,6,18,32,53.815291200744255,-1.8066272397876142
04/11/2021 02:19:00,1.641,38,13.2,51,996.08,5,20,33,53.81556926562234,-1.8067973633155772
04/11/2021 02:20:00,1.659,37,13.2,52,996.46,4,18,33,53.81546296308573,-1.8067458810090933
04/11/2021 02:21:00,1.719,35,13.2,52,996.63,5,17,32,53.81546670791293,-1.8068111556883144
04/11/2021 02:22:00,1.719,35,13.1,51,996.78,6,19,32,53.81537705475688,-1.8072348879552962
04/11/2021 02:23:00,1.674,37,13.0,51,996.64,8,22,32,53.815196899868994,-1.8078899001807938
04/11/2021 02:24:00,1.67,37,13.0,51,996.73,6,22,32,53.81511298760876,-1.8072940151500179
04/11/2021 02:25:00,1.554,41,13.3,51,997.31,6,20,30,53.81546984170245,-1.8070780620400102
04/11/2021 02:26:00,1.448,45,13.5,51,997.22,8,19,30,53.815306931824956,-1.8070810542460796
04/11/2021 02:27:00,1.424,46,13.4,50,997.16,7,18,30,53.81519592509478,-1.8069239925074834
04/11/2021 02:28:00,1.386,48,13.3,52,996.97,5,18,30,53.81507381867779,-1.807083612597545
04/11/2021 02:29:00,1.388,47,13.1,52,997.03,5,16,30,53.81525880675325,-1.8070266081527426
04/11/2021 02:30:00,1.364,48,13.3,52,996.77,5,16,29,53.81525002570143,-1.8070129338097258
04/11/2021 02:31:00,1.379,48,13.3,52,996.79,6,18,31,53.815118549837024,-1.8070556447897448
04/11/2021 02:32:00,1.366,48,13.1,52,997.12,7,19,30,53.81544335960475,-1.8070462577756967
04/11/2021 02:33:00,1.351,49,13.1,52,997.37,6,20,30,53.81585601368854,-1.8071237764679713
04/11/2021 02:34:00,1.31,50,13.2,51,997.28,6,21,31,53.81591387992156,-1.8064439263579104
04/11/2021 02:35:00,1.258,52,13.3,52,997.55,6,22,31,53.81593672231261,-1.8065440635248826
04/11/2021 02:36:00,1.377,48,13.3,52,997.57,7,22,31,53.816007716082055,-1.8058882103954685
04/11/2021 02:37:00,1.387,47,13.3,51,997.33,6,21,31,53.81607207721796,-1.8061439426571435
04/11/2021 02:38:00,1.42,46,13.5,50,997.24,4,24,32,53.81638189524961,-1.806333658565045
04/11/2021 02:39:00,1.502,43,13.4,48,997.26,4,24,32,53.81634994920718,-1.8063004338881297
04/11/2021 02:40:00,1.423,46,13.4,48,997.39,7,26,32,53.816202236889474,-1.806126213601267
04/11/2021 02:41:00,1.531,42,13.3,47,997.11,7,25,32,53.81644786747757,-1.8067582539275204
04/11/2021 02:42:00,1.53,42,13.4,48,997.26,7,26,31,53.81653218427828,-1.8064023817998105
04/11/2021 02:43:00,1.529,42,13.5,48,997.6,7,25,30,53.81658573912842,-1.8061624192858097
04/11/2021 02:44:00,1.496,43,13.5,48,997.02,8,25,31,53.81658070921865,-1.8061862379682911
04/11/2021 02:45:00,1.502,43,13.6,47,997.37,8,26,31,53.816421956253805,-1.8063549204434322
04/11/2021 02:46:00,1.502,43,13.7,47,997.79,8,24,30,53.816410092839305,-1.8067051973793986
04/11/2021 02:47:00,1.53,42,13.6,47,997.91,9,24,30,53.816314304723974,-1.8067103615282067
04/11/2021 02:48:00,1.535,42,13.6,46,997.88,11,26,31,53.81598463156909,-1.8070365432263082
04/11/2021 02:49:00,1.538,42,13.4,46,997.77,12,26,31,53.81598769772517,-1.8070105474171165
04/11/2021 02:50:00,1.462,45,13.3,46,997.55,13,27,32,53.81569750342671,-1.8071255035756695
04/11/2021 02:51:00,1.554,41,13.5,46,997.87,9,26,32,53.8152905553462,-1.8072259061025744
04/11/2021 02:52:00,1.555,41,13.6,46,997.7,9,26,31,53.81540527388581,-1.807131130444548
04/11/2021 02:53:00,1.519,43,13.6,46,997.71,10,25,31,53.81549119306828,-1.8071703144663545
04/11/2021 02:54:00,1.441,45,13.6,46,997.76,10,25,32,53.8153855439232,-1.8071882483583932
04/11/2021 02:55:00,1.374,48,13.7,45,998.09,12,24,32,53.81553367359689,-1.8068821891244005
04/11/2021 02:56:00,1.387,47,13.6,46,998.14,13,26,32,53.81575851962374,-1.8074493943652619
04/11/2021 02:57:00,1.408,47,13.7,47,997.96,12,24,32,53.815724050869306,-1.8072193812990356
04/11/2021 02:58:00,1.375,48,13.8,47,997.89,8,20,34,53.815722337628124,-1.8072203905055122
04/11/2021 02:59:00,1.38,48,13.9,48,997.8,7,18,33,53.81573589657163,-1.807209931032255
04/11/2021 03:00:00,1.451,45,14.0,50,997.81,5,18,33,53.81538508643336,-1.8069180947472294
04/11/2021 03:01:00,1.39,47,14.0,51,997.88,5,19,32,53.81538660627166,-1.806788783598059
04/11/2021 03:02:00,1.286,51,13.9,50,998.1,6,19,33,53.815502837667864,-1.806140351160393
04/11/2021 03:03:00,1.327,50,13.8,50,998.11,5,19,32,53.815394068217394,-1.8063311641212232
04/11/2021 03:04:00,1.306,51,13.7,49,998.23,5,18,33,53.81541228111613,-1.8062713588147488
04/11/2021 03:05:00,1.264,52,13.8,48,998.35,6,17,32,53.815006781977665,-1.8065420259827716
04/11/2021 03:06:00,1.251,53,13.9,49,998.39,,,,53.815323573711744,-1.8061841398516572
04/11/2021 03:07:00,1.336,49,13.9,49,998.35,6,15,33,53.8151745242953,-1.8064953003945152
04/11/2021 03:08:00,1.35,49,13.9,49,998.58,7,16,34,53.81549022915052,-1.8064223072071253
04/11/2021 03:09:00,1.351,49,13.8,50,998.2,6,16,35,53.815486108912324,-1.8062549134460504
04/11/2021 03:10:00,1.355,49,13.9,51,998.12,7,18,36,53.81528515492237,-1.8064207830207641
04/11/2021 03:11:00,1.348,49,13.9,51,997.89,7,18,36,53.81529447992497,-1.806380270330374
04/11/2021 03:12:00,1.407,47,13.9,50,997.86,5,14,36,53.81546105694241,-1.806531985273763
04/11/2021 03:13:00,1.408,47,13.8,50,997.98,3,12,37,53.815561735090775,-1.8065601278025347
04/11/2021 03:14:00,1.402,47,13.7,51,997.84,2,11,36,53.81566682161112,-1.8070007425572114
04/11/2021 03:15:00,1.363,48,14.0,50,997.85,2,11,34,53.816077091358785,-1.8068780410312353
04/11/2021 03:16:00,1.431,46,14.1,50,997.97,3,11,34,53.816150953033755,-1.806916024498956
04/11/2021 03:17:00,1.493,44,14.1,50,998.27,3,11,34,53.81613925022251,-1.8068950718838181
04/11/2021 03:18:00,1.455,45,13.9,49,998.48,2,11,33,53.81613614274527,-1.8071198703532463
04/11/2021 03:19:00,1.381,48,14.0,48,997.87,2,13,32,53.81606565519879,-1.8071083697301995
04/11/2021 03:20:00,1.386,48,14.1,48,997.92,3,12,32,53.815966349226414,-1.8066119033481967
04/11/2021 03:21:00,1.36,49,14.0,47,998.08,2,11,32,53.8157933106443,-1.8063228241573388
04/11/2021 03:22:00,1.323,50,14.0,46,997.84,2,9,33,53.815752115900374,-1.8065895508746328
04/11/2021 03:23:00,1.239,53,13.9,46,997.91,2,10,33,53.815858286748195,-1.8059425888020808
04/11/2021 03:24:00,1.259,52,13.9,46,997.93,2,11,33,53.815977703276815,-1.805757859119191
04/11/2021 03:25:00,1.333,50,13.9,47,997.85,2,10,34,53.81590267771352,-1.8058195038166802
04/11/2021 03:26:00,1.393,47,13.8,49,997.67,2,10,34,53.81582846025252,-1.8063590013034632
04/11/2021 03:27:00,1.282,51,13.8,49,998.12,2,13,33,53.816202466223224,-1.8065499138332812
04/11/2021 03:28:00,1.263,52,13.8,49,998.14,3,13,33,53.816125516684735,-1.8067061311111023
04/11/2021 03:29:00,1.204,54,13.6,49,998.22,3,14,33,53.81609751906667,-1.8067977566122115
04/11/2021 03:30:00,1.152,56,13.6,50,998.26,4,12,33,53.81614270022879,-1.8066943286488795
04/11/2021 03:31:00,1.17,56,13.5,50,998.6,4,12,33,53.8162724043432,-1.8066073077601414
04/11/2021 03:32:00,1.123,57,13.6,51,999.41,4,13,34,53.81653887049583,-1.8070211774469425
04/11/2021 03:33:00,1.136,57,13.6,52,999.12,3,14,33,53.81653607950107,-1.8069967149008097
04/11/2021 03:34:00,1.137,57,13.7,51,999.13,2,9,32,53.81636733558294,-1.8063925088025148
04/11/2021 03:35:00,1.208,54,13.8,51,999.22,2,9,32,53.81598621362565,-1.8067543193858604
04/11/2021 03:36:00,1.222,54,13.6,51,999.27,2,11,33,53.81593026578171,-1.8066805500824985
04/11/2021 03:37:00,1.256,52,13.6,50,999.55,3,12,31,53.815902483796776,-1.8065845960580813
04/11/2021 03:38:00,1.222,54,13.6,50,999.53,2,10,31,53.81592205762585,-1.8064437307082568
04/11/2021 03:39:00,1.194,55,13.6,51,999.29,2,11,32,53.81589060789067,-1.8066405062002022
04/11/2021 03:40:00,1.251,53,13.5,51,999.45,3,10,32,53.816035606617255,-1.8067209610766835
04/11/2021 03:41:00,1.278,52,13.6,51,999.7,3,10,31,53.81591513381623,-1.806592425370485
04/11/2021 03:42:00,1.292,51,13.8,51,999.95,3,11,31,53.81608958793324,-1.8061056465832055
04/11/2021 03:43:00,1.316,50,13.8,51,999.74,3,12,31,53.81580339579442,-1.805754969562684
04/11/2021 03:44:00,1.337,49,13.7,51,999.91,2,11,31,53.815848897443466,-1.805567880610241
04/11/2021 03:45:00,1.304,51,13.6,50,999.71,2,12,31,53.81586180580621,-1.8055411203024183
04/11/2021 03:46:00,1.346,49,13.7,51,999.37,2,13,30,53.81575998196958,-1.805529424953253
04/11/2021 03:47:00,1.353,49,13.5,51,999.32,3,11,29,53.815346199770154,-1.8055778169104588
04/11/2021 03:48:00,1.408,47,13.3,51,999.07,3,10,28,53.81535794800297,-1.8056409729049951
04/11/2021 03:49:00,1.354,49,13.4,52,999.09,3,9,30,53.81528222229147,-1.8056325090597676
04/11/2021 03:50:00,1.435,46,13.4,53,999.64,3,12,29,53.81534179016459,-1.805262096845123
04/11/2021 03:51:00,1.383,48,13.4,54,999.45,4,12,29,53.815368586932124,-1.8049862790578497
04/11/2021 03:52:00,1.292,51,13.2,54,999.28,3,11,29,53.81513913686277,-1.8054208936622655
04/11/2021 03:53:00,1.293,51,13.3,54,999.47,3,9,29,53.81483867848603,-1.8050298925024284
04/11/2021 03:54:00,1.271,52,13.5,54,999.34,3,9,29,53.81473714317228,-1.804840602941837
04/11/2021 03:55:00,1.227,53,13.4,54,999.21,2,8,29,53.81475799360234,-1.8047223484976258
04/11/2021 03:56:00,1.157,56,13.6,52,999.09,3,9,30,53.81508378641308,-1.8046278712844037
04/11/2021 03:57:00,1.132,57,13.4,52,998.59,3,11,30,53.815055016728486,-1.8048538576497082
04/11/2021 03:58:00,1.047,60,13.5,53,998.59,3,12,30,53.81501529244773,-1.8054764419524565
04/11/2021 03:59:00,0.968,63,13.5,51,998.28,4,14,31,53.81480986490211,-1.804814151393843
04/11/2021 04:00:00,1.008,62,13.4,53,998.92,4,15,31,53.815065715587345,-1.8052878151822556
04/11/2021 04:01:00,1.006,62,13.4,53,999.17,6,16,31,53.81525047291378,-1.804855266582704
04/11/2021 04:02:00,0.964,63,13.5,53,999.16,6,15,31,53.81486145932531,-1.8050903620938459
04/11/2021 04:03:00,0.979,63,13.4,53,999.05,5,13,31,53.81463677376318,-1.8053737312554021
04/11/2021 04:04:00,0.935,64,13.5,53,999.24,6,14,30,53.81454327210445,-1.8048397274944925
04/11/2021 04:05:00,0.951,64,13.5,54,999.26,6,15,31,53.814540982791044,-1.8044670161225458
04/11/2021 04:06:00,0.948,64,13.5,55,999.28,5,16,31,53.814263095156264,-1.80482879753533
04/11/2021 04:07:00,0.957,64,13.8,56,999.79,5,18,30,53.81417154411595,-1.805570316045966
04/11/2021 04:08:00,0.94,64,13.6,56,1000.1,6,16,30,53.81383759708709,-1.8053895621796403
04/11/2021 04:09:00,0.904,66,13.5,54,1000.14,6,15,29,53.81387746773287,-1.8056128638948152
04/11/2021 04:10:00,1.019,61,13.5,55,1000.02,7,16,29,53.81404928686446,-1.8062463298841407
04/11/2021 04:11:00,1.053,60,13.5,54,999.92,7,15,27,53.81434777861228,-1.8061930704272164
04/11/2021 04:12:00,1.064,60,13.6,53,1000.31,7,14,27,53.814463770460435,-1.8055470837631553
04/11/2021 04:13:00,1.03,61,13.5,53,1000.33,7,13,27,53.81459448885442,-1.8048868049475248
04/11/2021 04:14:00,0.969,63,13.4,54,1000.19,5,10,27,53.81481150140016,-1.805435123958044
04/11/2021 04:15:00,0.966,63,13.3,54,1000.52,4,9,28,53.81478252558644,-1.8056210073770016
04/11/2021 04:16:00,0.934,64,13.4,53,1000.42,5,12,28,53.81477572634374,-1.8056118183836325
04/11/2021 04:17:00,0.959,64,13.4,53,1000.44,7,14,28,53.81484981670618,-1.8053985588122075
04/11/2021 04:18:00,0.837,68,13.3,53,1000.56,5,12,27,53.814882252885404,-1.8057384508824625
04/11/2021 04:19:00,0.826,69,13.3,53,1000.22,6,12,26,53.815244672544615,-1.806106554233567
04/11/2021 04:20:00,0.858,67,13.4,55,1000.12,5,11,26,53.81522230416018,-1.8061555684002457
04/11/2021 04:21:00,0.786,70,13.5,55,1000.27,7,14,27,53.815351810403826,-1.8058963796396046
04/11/2021 04:22:00,0.686,74,13.5,55,1000.49,9,15,28,53.81536017686043,-1.8059082631105645
04/11/2021 04:23:00,0.606,77,13.5,55,1000.77,6,12,27,53.81534246830046,-1.8058806729168677
04/11/2021 04:24:00,0.706,73,13.5,55,1000.99,5,11,28,53.81562679966077,-1.8061055515923659
04/11/2021 04:25:00,0.677,74,13.5,55,1001.0,4,10,27,53.815547918179725,-1.8061959405716135
04/11/2021 04:26:00,0.684,74,13.6,55,1000.88,5,11,28,53.815304703693826,-1.8059155383445875
04/11/2021 04:27:00,0.67,74,13.5,56,1001.46,5,11,27,53.81529197577775,-1.8052315850619256
04/11/2021 04:28:00,0.625,76,13.6,56,1001.34,5,11,27,53.81570360323119,-1.8052492639763935
04/11/2021 04:29:00,0.564,78,13.4,55,1001.09,5,10,27,53.81584728056289,-1.8051569841010138
04/11/2021 04:30:00,0.578,78,13.4,54,1000.96,5,10,27,53.81583849916907,-1.8051796548032313
04/11/2021 04:31:00,0.556,79,13.3,55,1001.11,4,9,27,53.81587932439536,-1.8051197790972047
04/11/2021 04:32:00,0.602,77,13.2,55,1001.38,4,10,27,53.816212616437916,-1.8053138047601207
04/11/2021 04:33:00,0.549,79,13.3,57,1001.35,3,9,27,53.816254680157414,-1.8056682680240816
04/11/2021 04:34:00,0.525,80,13.3,55,1001.63,4,11,27,53.81609828431802,-1.805656632350736
04/11/2021 04:35:00,0.455,82,13.2,56,1001.32,3,9,26,53.81611586310822,-1.805433715891652
04/11/2021 04:36:00,0.466,82,13.4,57,1001.23,3,9,27,53.81636051446102,-1.8059746330645963
04/11/2021 04:37:00,0.404,84,13.1,57,1000.96,3,8,27,53.816281522262535,-1.8059920829891778
04/11/2021 04:38:00,0.432,83,13.0,57,1001.13,3,9,28,53.816248395641345,-1.8059783530767959
04/11/2021 04:39:00,0.496,81,13.2,56,1001.15,4,11,28,53.81618558577811,-1.8062283936368766
04/11/2021 04:40:00,0.537,79,13.1,56,1001.3,5,12,28,53.81612903548606,-1.8055697224277687
04/11/2021 04:41:00,0.548,79,13.3,56,1001.45,8,15,28,53.81629876942725,-1.8050546055490193
04/11/2021 04:42:00,0.63,76,13.1,56,1001.73,9,17,30,53.8161968803518,-1.8054401488580694
04/11/2021 04:43:00,0.578,78,13.2,55,1001.44,8,19,31,53.816339079523104,-1.8048980621719475
04/11/2021 04:44:00,0.624,76,13.1,55,1001.52,7,17,30,53.816272773791944,-1.8049872412600734
04/11/2021 04:45:00,0.571,78,13.2,56,1001.43,7,16,30,53.81640522189961,-1.8046805896071816
04/11/2021 04:46:00,0.501,81,13.2,55,1001.11,6,16,29,53.81664233639178,-1.804800294292506
04/11/2021 04:47:00,0.488,81,13.2,54,1000.88,7,16,30,53.816581681953124,-1.8046525195590286
04/11/2021 04:48:00,0.533,79,13.0,55,1001.04,8,17,29,53.81671196383957,-1.804647800531963
04/11/2021 04:49:00,0.544,79,13.0,54,1000.99,8,17,30,53.81659349703285,-1.8053157610608779
04/11/2021 04:50:00,0.504,81,13.1,54,1001.22,9,20,30,53.81625408478651,-1.8053085599869407
04/11/2021 04:51:00,0.49,81,13.1,54,1000.76,11,19,29,53.816202937076014,-1.8053084034488267
04/11/2021 04:52:00,0.507,80,13.1,54,1000.43,11,20,29,53.816227220801345,-1.8052101934549745
04/11/2021 04:53:00,0.425,84,12.8,53,1000.66,13,21,28,53.81627024129533,-1.805078170777149
04/11/2021 04:54:00,0.445,83,12.7,53,1000.5,14,23,29,53.81597597106823,-1.8053272382857755
04/11/2021 04:55:00,0.464,82,12.7,53,1000.89,11,21,28,53.81616913540155,-1.805440941074608
04/11/2021 04:56:00,0.439,83,12.8,53,1000.85,13,24,29,53.816142380007236,-1.80567645262323
04/11/2021 04:57:00,0.52,80,12.9,54,1000.74,13,24,30,53.81618536226777,-1.8052881848412137
04/11/2021 04:58:00,0.502,81,12.8,54,1000.55,11,24,30,53.81620605034281,-1.8052709422826732
04/11/2021 04:59:00,0.571,78,12.9,54,1000.11,11,20,29,53.81590243673576,-1.8054241999605476
04/11/2021 05:00:00,0.668,74,12.8,54,999.91,10,20,30,53.815598291125866,-1.8057575583629066
04/11/2021 05:01:00,0.752,71,12.9,53,999.58,10,18,29,53.81574465236556,-1.8060761934993148
04/11/2021 05:02:00,0.736,72,12.9,52,999.49,10,20,30,53.81574768695405,-1.8065660409765267
04/11/2021 05:03:00,0.825,69,13.1,51,999.24,9,18,30,53.81545188390518,-1.8064813580604984
04/11/2021 05:04:00,0.853,68,12.9,50,999.38,9,18,30,53.81549774192657,-1.8069035851655177
04/11/2021 05:05:00,0.815,69,12.8,51,999.11,8,18,30,53.81551417735021,-1.806935300271693
04/11/2021 05:06:00,0.797,70,13.0,52,999.14,8,20,30,53.815485651486775,-1.8067363752059464
04/11/2021 05:07:00,0.787,70,13.0,50,998.83,9,22,31,53.81576622141334,-1.8061656746850399
04/11/2021 05:08:00,0.743,72,13.1,52,998.67,10,23,31,53.815802734784086,-1.8061176008022959
04/11/2021 05:09:00,0.768,71,12.9,50,998.49,9,23,31,53.81604547796515,-1.8061492935430157
04/11/2021 05:10:00,0.863,67,12.9,51,998.6,8,21,31,53.81623300797585,-1.806292490631293
04/11/2021 05:11:00,0.871,67,12.8,50,998.58,8,20,29,53.816331381202126,-1.8059345723760947
04/11/2021 05:12:00,0.928,65,12.8,51,998.45,7,22,31,53.81659160281753,-1.805983231030232
04/11/2021 05:13:00,0.872,67,12.8,51,998.37,6,21,30,53.816554873215594,-1.8064460927148984
04/11/2021 05:14:00,0.857,67,12.9,52,998.24,7,22,31,53.8166776272765,-1.806385342669036
04/11/2021 05:15:00,0.877,67,12.8,52,998.3,7,20,31,53.81672316043301,-1.8070860012217143
04/11/2021 05:16:00,0.894,66,12.6,53,998.02,6,21,31,53.816759348633276,-1.8071588609142009
04/11/2021 05:17:00,0.879,67,12.9,53,997.77,4,18,32,53.816982883882915,-1.8068717978860553
04/11/2021 05:18:00,0.875,67,13.0,54,997.51,4,15,33,53.81699113571839,-1.8068393143493473
04/11/2021 05:19:00,0.798,70,13.2,53,997.98,4,16,30,53.81678189237845,-1.8069813295284889
04/11/2021 05:20:00,0.703,73,13.3,53,998.06,4,17,30,53.81678137729071,-1.8069791020191004
04/11/2021 05:21:00,0.628,76,13.4,52,997.84,3,16,30,53.81694983281686,-1.8068909941154765
04/11/2021 05:22:00,0.677,74,13.4,52,997.97,4,19,30,53.81695748137862,-1.807282671148602
04/11/2021 05:23:00,0.631,76,13.3,53,998.43,4,18,31,53.81657977263285,-1.807013414828648
04/11/2021 05:24:00,0.635,76,13.2,53,998.22,5,17,31,53.81665544974393,-1.8070449115562774
04/11/2021 05:25:00,0.621,76,13.1,52,997.87,4,19,31,53.81647993215374,-1.8067389765020674
04/11/2021 05:26:00,0.63,76,13.1,52,997.93,4,20,31,53.816428672193716,-1.8072897296027313
04/11/2021 05:27:00,0.663,75,13.1,52,997.72,5,19,31,53.81632003020212,-1.8071666363531307
04/11/2021 05:28:00,0.64,75,13.1,50,997.57,7,19,31,53.81631750231448,-1.8077149942410506
04/11/2021 05:29:00,0.685,74,13.0,50,997.56,9,22,31,53.816201026713024,-1.8079771743656927
04/11/2021 05:30:00,0.669,74,13.0,51,997.51,8,19,31,53.81616411666576,-1.807877433892749
04/11/2021 05:31:00,0.73,72,13.0,51,997.56,8,18,33,53.81636450689238,-1.808018724880171
04/11/2021 05:32:00,0.792,70,13.2,51,997.86,10,20,32,53.816203960694786,-1.8081221708747952
04/11/2021 05:33:00,0.773,71,13.3,51,997.86,9,19,32,53.81604498262329,-1.8086343398937554
04/11/2021 05:34:00,0.781,70,13.5,50,997.64,10,20,34,53.81609203694972,-1.808505393269076
04/11/2021 05:35:00,0.872,67,13.5,49,997.66,11,20,34,53.81595882550379,-1.8083626625896916
04/11/2021 05:36:00,0.781,70,13.5,48,997.92,11,23,35,53.815903912117626,-1.8083786875664158
04/11/2021 05:37:00,0.756,71,13.7,48,997.66,13,24,34,53.815842053351034,-1.8080773735207498
04/11/2021 05:38:00,0.742,72,13.8,49,997.81,14,27,35,53.815810474025135,-1.808037813137385
04/11/2021 05:39:00,0.668,74,13.9,48,997.67,16,29,36,53.81584793983345,-1.808214086855336
04/11/2021 05:40:00,0.621,76,13.7,49,997.72,16,26,36,53.81594314392749,-1.8083598152999134
04/11/2021 05:41:00,0.578,78,13.6,49,997.84,19,29,36,53.81600284060523,-1.8083510804120535
04/11/2021 05:42:00,0.569,78,13.6,49,997.65,18,26,37,53.81625168336632,-1.8085461873782058
04/11/2021 05:43:00,0.552,79,13.5,49,997.48,16,24,37,53.816140079569706,-1.8084440648921216
04/11/2021 05:44:00,0.573,78,13.7,50,997.38,16,23,36,53.81624457051264,-1.8083012205109368
04/11/2021 05:45:00,0.587,77,13.6,51,997.58,13,21,35,53.816361650495324,-1.8076286361454679
04/11/2021 05:46:00,0.573,78,13.5,51,997.45,16,23,36,53.816386124057736,-1.8073995032294297
04/11/2021 05:47:00,0.575,78,13.3,52,997.73,16,20,35,53.81629907769617,-1.807022451713316
04/11/2021 05:48:00,0.628,76,13.2,51,997.85,15,19,35,53.81639111584226,-1.8071510717466737
04/11/2021 05:49:00,0.681,74,13.1,51,998.02,12,17,35,53.816549086411754,-1.8067459814893974
04/11/2021 05:50:00,0.63,76,13.1,51,997.85,14,19,35,53.81673421885626,-1.8070434930669417
04/11/2021 05:51:00,0.632,76,13.1,52,997.89,15,20,35,53.816689219167884,-1.8066988543631004
04/11/2021 05:52:00,0.675,74,13.2,52,997.79,13,21,35,53.81683815614113,-1.806558398080981
04/11/2021 05:53:00,0.65,75,13.2,50,997.82,13,20,35,53.81682003372838,-1.806584984185507
04/11/2021 05:54:00,0.597,77,13.2,51,997.68,14,22,34,53.8168040107923,-1.8065724441946267
04/11/2021 05:55:00,0.673,74,13.2,52,997.98,16,23,34,53.81679948800044,-1.806941766671836
04/11/2021 05:56:00,0.658,75,13.1,51,997.92,15,22,34,53.81682610993997,-1.8068320656185035
04/11/2021 05:57:00,0.73,72,13.1,49,998.39,16,25,35,53.8169491840945,-1.8061808979288991
04/11/2021 05:58:00,0.753,71,13.0,50,998.09,17,25,36,53.81697092046644,-1.8061655827308705
04/11/2021 05:59:00,0.751,71,12.9,51,997.75,14,21,36,53.81692061977569,-1.8061476092257016
04/11/2021 06:00:00,0.721,72,12.7,52,997.62,15,22,37,53.81678544125466,-1.8055738845688791
04/11/2021 06:01:00,0.685,74,12.6,53,997.27,16,25,38,53.81705226472448,-1.8059041259089952
04/11/2021 06:02:00,0.679,74,12.6,51,997.24,17,24,38,53.817074736958006,-1.8058048764079124
04/11/2021 06:03:00,0.644,75,12.6,52,997.46,17,25,38,53.81707549201146,-1.8060350050255534
04/11/2021 06:04:00,0.487,81,12.6,53,996.91,17,23,37,53.817250836113594,-1.8056374260688128
04/11/2021 06:05:00,0.469,82,12.5,52,996.91,15,21,37,53.81748971284698,-1.80612689757542
04/11/2021 06:06:00,0.48,82,12.4,52,996.78,15,23,37,53.81744015216211,-1.8059695768147246
04/11/2021 06:07:00,0.503,81,12.5,52,996.76,13,24,37,53.81744930519514,-1.806051108970265
04/11/2021 06:08:00,0.484,81,12.3,53,996.78,11,20,38,53.81730341224865,-1.8060393979820186
04/11/2021 06:09:00,0.476,82,12.4,54,996.76,10,20,38,53.81721015608793,-1.8063667426271004
04/11/2021 06:10:00,0.509,80,12.4,54,996.9,8,17,37,53.817200874118306,-1.806200372365789
04/11/2021 06:11:00,0.459,82,12.4,53,996.58,9,19,37,53.81701369746926,-1.8058160348341923
04/11/2021 06:12:00,0.396,85,12.4,51,997.0,10,20,38,53.8170104462371,-1.8059026550628507
04/11/2021 06:13:00,0.366,86,12.4,52,996.75,9,23,38,53.81695041022464,-1.8056742347348895
04/11/2021 06:14:00,0.432,83,12.4,52,996.74,10,23,38,53.81689586100263,-1.8058056229177015
04/11/2021 06:15:00,0.497,81,12.4,51,996.94,6,19,39,53.81694963279316,-1.8065106798466832
04/11/2021 06:16:00,0.544,79,12.3,51,997.01,7,19,38,53.81659929783181,-1.8066727188522391
04/11/2021 06:17:00,0.512,80,12.4,49,997.43,8,22,38,53.816168808196885,-1.806758156217679
04/11/2021 06:18:00,0.541,79,12.4,49,997.28,8,23,37,53.81584371550371,-1.8066925477928184
04/11/2021 06:19:00,0.535,79,12.4,50,997.47,8,24,37,53.81600560612668,-1.8068351801129414
04/11/2021 06:20:00,0.594,77,12.4,50,997.3,6,27,38,53.81635762612127,-1.8068137982308596
04/11/2021 06:21:00,0.503,81,12.4,48,997.14,6,29,38,53.816053935778136,-1.8066621569921357
04/11/2021 06:22:00,0.52,80,12.4,48,996.86,8,25,37,53.81605948337058,-1.8073199048924793
04/11/2021 06:23:00,0.53,80,12.4,49,997.4,9,27,38,53.8160651726578,-1.806628587999378
04/11/2021 06:24:00,0.514,80,12.3,48,997.5,6,28,39,53.815814936653304,-1.8062316640007725
04/11/2021 06:25:00,0.494,81,12.4,47,997.37,7,26,38,53.81591972274009,-1.8060221539542447
04/11/2021 06:26:00,0.464,82,12.2,47,997.47,6,28,38,53.81560840065458,-1.806125843339477
04/11/2021 06:27:00,0.533,80,12.4,45,997.22,7,29,38,53.81596633469051,-1.8062393565250885
04/11/2021 06:28:00,0.53,80,12.4,46,997.39,10,31,38,53.81591530677331,-1.8059736909881106
04/11/2021 06:29:00,0.534,79,12.6,47,997.22,7,27,37,53.8156921571387,-1.8059668622471787
04/11/2021 06:30:00,0.562,78,12.5,47,997.47,5,29,38,53.815832430598924,-1.8059709992798332
04/11/2021 06:31:00,0.617,76,12.6,47,997.22,8,30,37,53.8154522195795,-1.8060448294411016
04/11/2021 06:32:00,0.673,74,12.7,46,997.33,10,29,37,53.81529331341769,-1.8062625487875679
04/11/2021 06:33:00,0.696,73,12.8,45,997.02,10,27,35,53.81518173602327,-1.8061178901861912
04/11/2021 06:34:00,0.83,68,12.7,45,996.75,7,24,35,53.81493561611721,-1.8060759911665607
04/11/2021 06:35:00,0.928,65,12.7,45,996.81,5,25,35,53.81461823029966,-1.806276700205647
04/11/2021 06:36:00,0.898,66,12.7,46,996.35,6,24,34,53.81460691459976,-1.8063192819037772
04/11/2021 06:37:00,0.916,65,12.7,45,996.25,,,,53.81455514155746,-1.8069536016552876
04/11/2021 06:38:00,0.887,66,12.4,44,996.18,9,29,34,53.814303796226135,-1.8070427008015337
04/11/2021 06:39:00,0.876,67,12.5,43,996.08,9,29,34,53.81426246498468,-1.807245135539678
04/11/2021 06:40:00,0.814,69,12.4,43,995.7,8,26,33,53.81423295807176,-1.8072948196161385
04/11/2021 06:41:00,0.859,67,12.5,44,995.63,10,25,34,53.814195201292236,-1.8070835695526
04/11/2021 06:42:00,0.856,67,12.4,44,995.5,10,26,33,53.81395813665052,-1.8067896934791587
04/11/2021 06:43:00,0.915,65,12.5,45,995.86,15,29,33,53.81405648572236,-1.8066732082754828
04/11/2021 06:44:00,0.935,64,12.3,45,995.97,15,28,33,53.81397482965645,-1.8060592888034304
04/11/2021 06:45:00,0.864,67,12.4,44,995.76,17,26,31,53.81401314910366,-1.806470369865344
04/11/2021 06:46:00,0.941,64,12.6,44,995.49,17,26,31,53.81404970664964,-1.8065102732228573
04/11/2021 06:47:00,0.89,66,12.7,45,995.65,16,24,30,53.81408279648175,-1.806614004187192
04/11/2021 06:48:00,0.827,68,12.9,45,995.24,14,26,31,53.81391719964977,-1.8063561540673299
04/11/2021 06:49:00,0.765,71,13.0,45,995.39,12,24,31,53.81387642595896,-1.8057756165263856
04/11/2021 06:50:00,0.746,72,13.1,44,995.48,12,24,31,53.813753644449385,-1.805052365032308
04/11/2021 06:51:00,0.758,71,13.1,44,995.36,12,23,32,53.81366439984999,-1.8050371379343175
04/11/2021 06:52:00,0.815,69,13.1,45,995.14,14,25,32,53.813703290582914,-1.804792683106671
04/11/2021 06:53:00,0.738,72,13.1,45,995.35,13,24,31,53.813952044775306,-1.8051452634087641
04/11/2021 06:54:00,0.739,72,13.1,46,995.06,14,27,32,53.813961032536476,-1.8052562253748916
04/11/2021 06:55:00,0.744,72,13.4,46,995.26,13,26,32,53.81382255282194,-1.8051970462384963
04/11/2021 06:56:00,0.789,70,13.4,47,995.27,11,25,32,53.81377849901277,-1.8045934052073824
04/11/2021 06:57:00,0.673,74,13.4,47,995.63,13,26,31,53.81397761104111,-1.8049625536814116
04/11/2021 06:58:00,0.73,72,13.3,46,995.74,15,27,32,53.813960946380824,-1.804839788834989
04/11/2021 06:59:00,0.652,75,13.3,45,995.66,15,25,31,53.8143662001006,-1.8049991151927312
04/11/2021 07:00:00,0.648,75,13.2,44,996.22,13,23,31,53.81480567162182,-1.8048598458235183
04/11/2021 07:01:00,0.544,79,13.3,44,995.98,12,23,31,53.81478992033266,-1.80472057895419
04/11/2021 07:02:00,0.606,77,13.4,44,996.09,12,24,31,53.81476368888388,-1.804602034483946
04/11/2021 07:03:00,0.596,77,13.4,44,996.67,13,24,30,53.81486580486368,-1.8048462066689253
04/11/2021 07:04:00,0.688,74,13.3,44,996.89,13,22,29,53.814826357905076,-1.8048228362070633
04/11/2021 07:05:00,0.698,73,13.5,44,997.14,12,19,29,53.81497865680816,-1.8050077791928523
04/11/2021 07:06:00,0.675,74,13.6,45,996.9,12,19,31,53.81497054187586,-1.804442678059056
04/11/2021 07:07:00,0.65,75,13.5,46,996.78,11,18,31,53.81528615092915,-1.804122130695441
04/11/2021 07:08:00,0.687,74,13.5,48,996.93,10,16,30,53.81553525324087,-1.8043767800845427
04/11/2021 07:09:00,0.713,73,13.5,46,997.03,11,17,30,53.81574346435273,-1.804592879186202
04/11/2021 07:10:00,0.714,73,13.6,46,997.0,11,17,30,53.815630474386715,-1.8045509513877194
04/11/2021 07:11:00,0.643,75,13.6,46,997.1,10,17,31,53.81574158888652,-1.8048180650391585
04/11/2021 07:12:00,0.603,77,13.6,47,996.95,11,17,31,53.81575115406027,-1.8047611778933634
04/11/2021 07:13:00,0.586,78,13.7,48,997.13,10,17,30,53.815778874376846,-1.8049771381767228
04/11/2021 07:14:00,0.632,76,13.8,48,997.13,11,17,29,53.81555693011891,-1.8052642018648088
04/11/2021 07:15:00,0.532,80,13.7,46,997.45,11,17,30,53.815429792449024,-1.804813570119651
04/11/2021 07:16:00,0.683,74,13.6,45,997.37,11,17,29,53.81550458568796,-1.8046193868186147
04/11/2021 07:17:00,0.686,74,13.7,44,997.57,12,18,30,53.81561878006308,-1.8049755525705664
04/11/2021 07:18:00,0.711,73,13.6,44,997.61,13,18,30,53.81540245526254,-1.8051291155336846
04/11/2021 07:19:00,0.712,73,13.7,45,997.69,12,19,29,53.8153387815512,-1.8050122821234322
04/11/2021 07:20:00,0.641,75,13.7,45,998.27,13,19,29,53.815293147297446,-1.8049584158977898
04/11/2021 07:21:00,0.603,77,13.7,44,998.36,13,18,29,53.8150320543941,-1.804486515259414
04/11/2021 07:22:00,0.637,76,13.8,43,998.04,15,20,28,53.81478891471835,-1.8045487600352579
04/11/2021 07:23:00,0.673,74,13.8,43,998.02,17,20,27,53.81490547633393,-1.8045512674336042
04/11/2021 07:24:00,0.705,73,13.8,43,998.82,16,20,26,53.81531788543101,-1.8043060443451204
04/11/2021 07:25:00,0.768,71,13.9,43,998.79,16,20,26,53.81493624390761,-1.8046883829448108
04/11/2021 07:26:00,0.79,70,13.8,44,998.74,13,17,26,53.81467832801679,-1.8043712222782708
04/11/2021 07:27:00,0.873,67,13.7,45,998.98,12,16,26,53.81483666386334,-1.8037667684973129
04/11/2021 07:28:00,0.913,65,13.6,44,998.62,13,17,27,53.81491901293904,-1.8034594105380737
04/11/2021 07:29:00,0.888,66,13.7,44,998.73,13,18,27,53.81524880432598,-1.8036944800464012
04/11/2021 07:30:00,0.901,66,13.7,44,998.26,13,21,28,53.81501986302705,-1.8036800890610565
04/11/2021 07:31:00,0.959,64,13.8,43,998.1,13,21,27,53.81511407555593,-1.80385563552379
04/11/2021 07:32:00,0.894,66,13.7,43,998.27,12,18,26,53.814901398102535,-1.804033323924911
04/11/2021 07:33:00,0.937,64,13.6,43,998.24,11,17,24,53.81483125791083,-1.8042324124290383
04/11/2021 07:34:00,0.897,66,13.5,43,998.32,11,17,23,53.814780238202694,-1.8039699362887935
04/11/2021 07:35:00,0.849,68,13.5,43,998.47,11,17,22,53.81492044784353,-1.8037131838852536
04/11/2021 07:36:00,0.838,68,13.4,42,998.48,14,18,22,53.81453275886101,-1.8033338474583256
04/11/2021 07:37:00,0.873,67,13.4,42,998.78,13,17,22,53.81438238795579,-1.8032784750317148
04/11/2021 07:38:00,0.889,66,13.4,43,998.7,15,18,22,53.81417398162935,-1.8036139962899482
04/11/2021 07:39:00,0.846,68,13.3,44,998.75,15,18,22,53.814018720480036,-1.8038778941110285
04/11/2021 07:40:00,0.862,67,13.3,43,998.82,14,17,22,53.81386353985156,-1.8031818653017402
04/11/2021 07:41:00,0.813,69,13.5,43,999.04,11,14,21,53.81346474007815,-1.8033279576472958
04/11/2021 07:42:00,0.893,66,13.5,43,998.99,12,14,21,53.81305583609014,-1.8031958484548658
04/11/2021 07:43:00,0.916,65,13.5,44,999.0,11,13,21,53.81337663505859,-1.8031905207801566
04/11/2021 07:44:00,0.883,66,13.7,44,998.57,11,13,22,53.81359414094912,-1.8027316117841201
04/11/2021 07:45:00,0.907,65,13.7,44,998.82,11,14,22,53.81351552546096,-1.8030937239357425
04/11/2021 07:46:00,0.87,67,13.7,43,998.98,11,14,21,53.81348378408824,-1.8031175715030323
04/11/2021 07:47:00,0.863,67,13.7,43,999.32,10,13,22,53.81347678919271,-1.8031125539181407
04/11/2021 07:48:00,0.871,67,13.6,43,999.55,9,12,21,53.813706967367146,-1.8035367856989934
04/11/2021 07:49:00,0.879,67,13.5,43,999.36,8,10,21,53.813897643284506,-1.8033705187777376
04/11/2021 07:50:00,0.888,66,13.3,45,999.01,7,9,21,53.81390633445025,-1.8033766629568815
04/11/2021 07:51:00,0.839,68,13.4,45,999.33,8,11,21,53.81407540057044,-1.803335914100034
04/11/2021 07:52:00,0.864,67,13.3,44,999.72,9,11,20,53.814172813684706,-1.8035951441377571
04/11/2021 07:53:00,0.865,67,13.3,44,1000.05,8,10,20,53.81402484179045,-1.803312722921112
04/11/2021 07:54:00,0.907,65,13.4,44,999.93,11,13,21,53.814005582818005,-1.8033557915053093
04/11/2021 07:55:00,0.864,67,13.3,43,999.9,8,10,20,53.813999714649604,-1.8035729925848183
04/11/2021 07:56:00,0.831,68,13.4,42,999.71,8,11,19,53.81426609089867,-1.803523295483351
04/11/2021 07:57:00,0.852,68,13.5,43,999.97,7,9,19,53.81430722409959,-1.8033301859966981
04/11/2021 07:58:00,0.834,68,13.4,43,1000.01,,,,53.81445213292178,-1.8031831608419684
04/11/2021 07:59:00,0.822,69,13.3,43,1000.12,6,7,18,53.814255175064915,-1.8038100103442505
04/11/2021 08:00:00,0.881,66,13.3,44,1000.25,5,7,19,53.81418352903462,-1.803983347552976
04/11/2021 08:01:00,0.884,66,13.4,45,1000.02,7,9,20,53.814234464923615,-1.8037419021494636
04/11/2021 08:02:00,0.958,64,13.5,45,999.98,7,10,19,53.81423049632945,-1.8037588265825824
04/11/2021 08:03:00,0.965,63,13.5,44,1000.1,7,11,19,53.81430983767218,-1.8040377126649692
04/11/2021 08:04:00,1.053,60,13.5,44,1000.15,5,7,18,53.81431121236252,-1.804050379870302
04/11/2021 08:05:00,1.0,62,13.5,44,1000.05,5,7,17,53.81403698097445,-1.8040864876614149
04/11/2021 08:06:00,1.021,61,13.5,43,999.93,5,7,17,53.813775458159476,-1.8036099982183318
04/11/2021 08:07:00,0.912,65,13.5,45,999.81,4,7,17,53.81416849831856,-1.8038476205618903
04/11/2021 08:08:00,0.87,67,13.4,45,1000.27,3,6,17,53.81425041264655,-1.8045866115273266
04/11/2021 08:09:00,0.93,65,13.3,44,1000.17,4,7,16,53.81430084298098,-1.804712775098268
04/11/2021 08:10:00,1.0,62,13.4,43,1000.1,4,7,16,53.81420745664369,-1.8047564331265704
04/11/2021 08:11:00,0.99,62,13.5,43,1000.27,4,6,15,53.814378359066396,-1.8043692661864392
04/11/2021 08:12:00,0.988,62,13.5,42,1000.3,4,7,15,53.814351012982065,-1.804418468657611
04/11/2021 08:13:00,0.964,63,13.5,43,1000.6,4,7,15,53.81448441824472,-1.8044937550480311
04/11/2021 08:14:00,0.996,62,13.7,44,1000.8,4,6,15,53.8144510946077,-1.805152504501971
04/11/2021 08:15:00,0.982,63,13.7,44,1000.56,4,6,16,53.81410490393614,-1.805197474122806
04/11/2021 08:16:00,0.943,64,13.9,44,1000.51,4,5,16,53.814094858443084,-1.805585942667511
04/11/2021 08:17:00,0.949,64,13.9,45,1000.36,4,5,15,53.81417570250525,-1.8055699663439255
04/11/2021 08:18:00,0.952,64,13.9,44,1000.35,6,8,15,53.81398498590678,-1.8053677425008081
04/11/2021 08:19:00,0.934,64,14.2,44,1000.37,5,7,16,53.81368581617583,-1.8053746613140156
04/11/2021 08:20:00,0.887,66,14.2,42,1000.0,,,,53.81376246977425,-1.80484349490922
04/11/2021 08:21:00,1.012,62,14.2,43,1000.1,5,7,16,53.814090811281645,-1.8048148413012737
04/11/2021 08:22:00,0.978,63,14.1,43,999.9,6,7,17,53.81376081707175,-1.8050319958943528
04/11/2021 08:23:00,0.89,66,14.1,43,999.77,5,7,18,53.81369156062849,-1.8050150894872785
04/11/2021 08:24:00,0.891,66,14.3,41,1000.23,6,7,18,53.813679821177374,-1.8050694375797658
04/11/2021 08:25:00,0.928,65,14.4,41,1000.1,5,7,19,53.81373881674456,-1.8057139369414337
04/11/2021 08:26:00,1.049,60,14.5,42,999.92,5,6,18,53.81340707972399,-1.8056132757426289
04/11/2021 08:27:00,1.137,57,14.5,41,1000.18,4,5,17,53.81363608072299,-1.8051216642821863
04/11/2021 08:28:00,1.112,58,14.4,42,1000.18,5,6,18,53.81389695939341,-1.8049725557374523
04/11/2021 08:29:00,1.113,58,14.3,42,1000.09,4,5,17,53.81422925138776,-1.804590613288523
04/11/2021 08:30:00,1.111,58,14.2,41,1000.12,5,6,17,53.81423141154781,-1.8046188842645003
04/11/2021 08:31:00,1.094,58,14.3,40,999.8,5,6,17,53.814250775243664,-1.8046305403743845
04/11/2021 08:32:00,1.067,59,14.1,39,999.97,5,6,18,53.814192879785374,-1.8052142137916198
04/11/2021 08:33:00,1.019,61,14.0,38,1000.05,6,7,18,53.81460602763074,-1.8050828472094014
04/11/2021 08:34:00,1.068,59,14.0,38,999.95,6,7,18,53.814662326644054,-1.8056849592012258
04/11/2021 08:35:00,1.053,60,14.2,38,999.79,5,8,18,53.81478147569062,-1.8052040759392765
04/11/2021 08:36:00,0.965,63,14.1,37,999.94,6,8,18,53.814820854275105,-1.8050815203520105
04/11/2021 08:37:00,0.979,63,14.2,36,1000.05,6,7,18,53.81513218674322,-1.8051570646664405
04/11/2021 08:38:00,1.025,61,13.9,35,1000.04,6,8,18,53.815029860375276,-1.8047276178566292
04/11/2021 08:39:00,1.002,62,13.8,35,1000.18,,,,53.815016172840636,-1.804603045779246
04/11/2021 08:40:00,0.998,62,13.7,36,1000.4,6,7,19,53.815251854344545,-1.8050684797903231
04/11/2021 08:41:00,1.015,61,13.8,37,1000.62,5,6,18,53.815402930486904,-1.8048528247951907
04/11/2021 08:42:00,1.087,59,13.7,35,1000.54,4,6,17,53.8153996131358,-1.8049248929014514
04/11/2021 08:43:00,1.01,62,13.7,34,1000.99,4,6,17,53.8153915218966,-1.8049301990390214
04/11/2021 08:44:00,0.975,63,13.8,34,1001.25,5,6,18,53.815611461464876,-1.8043696956600228
04/11/2021 08:45:00,0.93,65,13.7,33,1001.38,4,5,17,53.8156180456002,-1.8043535701263753
04/11/2021 08:46:00,0.944,64,13.5,33,1001.34,4,5,18,53.815374867406284,-1.8048397723175686
04/11/2021 08:47:00,0.911,65,13.5,33,1001.41,3,5,17,53.81565152025727,-1.805330555281748
04/11/2021 08:48:00,0.932,65,13.5,35,1001.75,3,6,18,53.815551404110316,-1.8053290854491026
04/11/2021 08:49:00,0.859,67,13.4,34,1001.76,4,8,18,53.815250296225656,-1.8054655936221629
04/11/2021 08:50:00,0.902,66,13.4,34,1001.94,5,8,18,53.815278900342,-1.8052964248367467
04/11/2021 08:51:00,0.91,65,13.3,34,1002.14,5,9,18,53.81516035522745,-1.8046995176876652
04/11/2021 08:52:00,0.948,64,13.3,34,1002.09,5,8,17,53.81523418195333,-1.804851973153942
04/11/2021 08:53:00,0.861,67,13.2,35,1001.83,4,7,17,53.81502869479072,-1.8052175065282448
04/11/2021 08:54:00,0.769,71,13.3,35,1001.66,5,8,17,53.815313198896916,-1.8055165057357419
04/11/2021 08:55:00,0.747,71,13.2,35,1001.61,4,6,17,53.81513020896039,-1.8057937970858609
04/11/2021 08:56:00,0.722,72,13.1,35,1001.64,4,5,17,53.815041767007145,-1.8058713176042913
04/11/2021 08:57:00,0.656,75,13.3,36,1001.69,4,6,18,53.8146911954649,-1.8059768122624205
04/11/2021 08:58:00,0.728,72,13.3,37,1001.95,5,7,19,53.81466694596106,-1.8053577766450575
04/11/2021 08:59:00,0.654,75,13.3,37,1001.8,5,8,18,53.81434099304085,-1.8057217053221657
04/11/2021 09:00:00,0.686,74,13.2,38,1001.69,4,7,19,53.81433920123887,-1.80576096857829
04/11/2021 09:01:00,0.614,76,13.3,38,1001.66,5,7,19,53.81459135546429,-1.8053125487471133
04/11/2021 09:02:00,0.528,80,13.3,37,1001.62,6,9,19,53.81435882273703,-1.805006360483118
04/11/2021 09:03:00,0.559,79,13.2,37,1002.2,6,10,19,53.81405989360768,-1.8045227825017716
04/11/2021 09:04:00,0.5,81,13.2,38,1001.59,7,10,19,53.814299957878866,-1.804956858461152
04/11/2021 09:05:00,0.573,78,13.2,37,1001.89,7,10,20,53.81443174330505,-1.8054063697101637
04/11/2021 09:06:00,0.629,76,13.3,38,1001.53,7,10,19,53.81430787589307,-1.805270690711585
04/11/2021 09:07:00,0.578,78,13.3,39,1001.6,8,11,19,53.81397971854172,-1.8052665406915194
04/11/2021 09:08:00,0.686,74,13.4,39,1001.9,9,12,19,53.81359821647126,-1.8049443788062007
04/11/2021 09:09:00,0.704,73,13.4,40,1001.89,10,13,20,53.81369624002233,-1.8043544410679215
04/11/2021 09:10:00,0.674,74,13.4,39,1001.79,10,13,19,53.81370649916326,-1.8043495754187933
04/11/2021 09:11:00,0.656,75,13.3,40,1001.94,12,15,20,53.81353411979701,-1.8048472928739592
04/11/2021 09:12:00,0.708,73,13.3,39,1002.51,10,14,19,53.8138531831055,-1.8052672618043553
04/11/2021 09:13:00,0.664,75,13.5,39,1002.69,12,15,19,53.81390651878768,-1.805148202365866
04/11/2021 09:14:00,0.569,78,13.5,39,1002.82,10,14,19,53.81425655699892,-1.804817526750044
04/11/2021 09:15:00,0.657,75,13.4,40,1002.54,10,14,18,53.81427255207295,-1.8051955638942776
04/11/2021 09:16:00,0.644,75,13.3,41,1002.6,10,14,18,53.81425652371774,-1.8052326909913572
04/11/2021 09:17:00,0.686,74,13.2,41,1001.99,11,15,19,53.8139943617972,-1.8055788666762564
04/11/2021 09:18:00,0.689,74,13.2,41,1002.1,11,15,18,53.81421148337695,-1.8058656905294683
04/11/2021 09:19:00,0.746,72,13.2,40,1001.82,10,14,18,53.81436798998443,-1.806227854556928
04/11/2021 09:20:00,0.763,71,13.2,40,1001.79,11,14,18,53.81453905855322,-1.805846288251446
04/11/2021 09:21:00,0.81,69,13.3,41,1001.76,11,14,17,53.814433603540344,-1.8053191421078139
04/11/2021 09:22:00,0.785,70,13.2,39,1001.5,11,13,18,53.81436989319603,-1.8051366934852715
04/11/2021 09:23:00,0.76,71,13.2,39,1001.66,11,14,18,53.81400750336292,-1.8053757927983831
04/11/2021 09:24:00,0.74,72,13.2,39,1001.34,9,12,17,53.81400592253016,-1.8053654798077745
04/11/2021 09:25:00,0.72,72,13.2,38,1001.77,7,11,17,53.81401223758982,-1.8053792905609305
04/11/2021 09:26:00,0.646,75,13.1,38,1001.91,6,9,17,53.814065431950034,-1.8052590773735606
04/11/2021 09:27:00,0.573,78,13.4,38,1002.05,6,9,17,53.81401563592549,-1.8052452956144993
04/11/2021 09:28:00,0.583,78,13.4,39,1002.17,5,8,18,53.81390999156611,-1.8048839239801808
04/11/2021 09:29:00,0.647,75,13.3,39,1002.11,5,9,19,53.81375580129944,-1.8044241102845053
04/11/2021 09:30:00,0.651,75,13.3,39,1002.4,1,1,2,53.81379687877141,-1.804434052079535
04/11/2021 09:31:00,0.74,72,13.3,40,1002.09,1,1,2,53.81392439476011,-1.8038944162860342
04/11/2021 09:32:00,0.791,70,13.3,38,1002.4,1,1,2,53.814127258644206,-1.8037324825060044
04/11/2021 09:33:00,0.811,69,13.4,38,1002.7,1,1,2,53.81430420825174,-1.8032236106446418
04/11/2021 09:34:00,0.859,67,13.5,38,1002.79,1,1,2,53.81430504069204,-1.8032184239026736
04/11/2021 09:35:00,0.858,67,13.4,38,1002.37,1,1,2,53.81402315923239,-1.803537374895471
04/11/2021 09:36:00,0.927,65,13.4,37,1002.73,1,1,2,53.81397334001725,-1.803487132572931
04/11/2021 09:37:00,1.008,62,13.3,37,1002.5,1,1,2,53.81370946974246,-1.803111759346587
04/11/2021 09:38:00,1.005,62,13.5,37,1002.63,1,1,2,53.81390857138581,-1.8033009977652306
04/11/2021 09:39:00,1.034,61,13.6,37,1002.64,1,1,2,53.81389690093821,-1.8033199075502042
04/11/2021 09:40:00,0.877,67,13.6,38,1002.36,1,1,2,53.81396721820653,-1.8029823588373495
04/11/2021 09:41:00,0.976,63,13.6,37,1002.33,1,1,2,53.81412615045122,-1.802951201666356
04/11/2021 09:42:00,0.993,62,13.6,38,1002.17,1,1,2,53.81412356649163,-1.8029382628845754
04/11/2021 09:43:00,0.976,63,13.5,38,1002.04,1,1,2,53.8142671203285,-1.8026555747308355
04/11/2021 09:44:00,1.0,62,13.6,38,1001.99,1,1,2,53.81466364755995,-1.8026868360089428
04/11/2021 09:45:00,1.076,59,13.6,38,1002.52,1,1,2,53.81438208650753,-1.803246321565362
04/11/2021 09:46:00,1.134,57,13.7,39,1002.55,5,7,19,53.814476023976006,-1.8028742218455984
04/11/2021 09:47:00,1.168,56,13.6,38,1002.07,4,6,20,53.81460261605717,-1.8023757257130326
04/11/2021 09:48:00,1.202,54,13.7,38,1001.77,5,6,20,53.81453558578331,-1.8025790273951081
04/11/2021 09:49:00,1.199,55,13.6,39,1001.26,5,6,20,53.81469911563088,-1.8029598447255004
04/11/2021 09:50:00,1.109,58,13.5,37,1001.45,4,6,20,53.814770834823506,-1.8027127285638411
04/11/2021 09:51:00,1.133,57,13.4,38,1001.31,4,5,19,53.814835854606756,-1.8032242788329682
04/11/2021 09:52:00,1.15,56,13.5,37,1001.02,5,8,19,53.81502318514857,-1.8031197307725193
04/11/2021 09:53:00,1.153,56,13.5,37,1001.11,6,8,19,53.81494844590981,-1.8035679390893509
04/11/2021 09:54:00,1.073,59,13.4,37,1001.2,5,8,19,53.81496725552536,-1.803553504634017
04/11/2021 09:55:00,1.111,58,13.4,35,1001.17,6,8,18,53.81521746042518,-1.8033868521283003
04/11/2021 09:56:00,1.142,57,13.4,34,1001.4,6,10,19,53.81521092687553,-1.8033622000225373
04/11/2021 09:57:00,1.054,60,13.3,35,1001.75,6,11,18,53.81522738649402,-1.8035395897601316
04/11/2021 09:58:00,0.994,62,13.3,37,1002.19,6,9,17,53.81483483648635,-1.8038161800254577
04/11/2021 09:59:00,0.915,65,13.2,36,1002.21,6,9,16,53.814573389773216,-1.804016827391503
04/11/2021 10:00:00,0.925,65,13.2,36,1002.16,6,9,16,53.81426462162692,-1.8035355709875693
04/11/2021 10:01:00,0.897,66,13.2,36,1002.31,5,8,16,53.81442323814965,-1.803460068275348
04/11/2021 10:02:00,0.964,63,13.0,37,1002.3,5,6,15,53.81453461690462,-1.8030407299968296
04/11/2021 10:03:00,0.973,63,13.0,37,1002.38,3,5,14,53.814258724523675,-1.8036314090551218
04/11/2021 10:04:00,0.988,62,13.0,37,1002.51,3,5,16,53.814025617022764,-1.8036281950275106
04/11/2021 10:05:00,1.07,59,12.9,37,1002.28,4,6,15,53.81403495754608,-1.8036292916732894
04/11/2021 10:06:00,1.135,57,13.0,37,1002.03,4,6,15,53.813923807555504,-1.8038453354093906
04/11/2021 10:07:00,1.2,55,13.0,38,1002.02,4,6,15,53.81375604580002,-1.8043678985258265
04/11/2021 10:08:00,1.242,53,13.0,37,1002.03,4,5,15,53.81404019439209,-1.804232721626392
04/11/2021 10:09:00,1.248,53,13.0,38,1001.88,4,6,16,53.81376072484819,-1.804700859955511
04/11/2021 10:10:00,1.311,50,13.1,39,1001.8,3,5,16,53.813384974760204,-1.804901014469884
04/11/2021 10:11:00,1.266,52,13.3,40,1002.04,4,5,16,53.813400088697605,-1.8046791525206147
04/11/2021 10:12:00,1.333,49,13.2,42,1001.94,4,5,17,53.8133806579802,-1.8046457088204084
04/11/2021 10:13:00,1.243,53,13.1,42,1001.87,5,6,16,53.813000846559326,-1.8045228648723906
04/11/2021 10:14:00,1.251,53,13.1,42,1002.3,6,7,16,53.81285382390149,-1.8043157635292018
04/11/2021 10:15:00,1.268,52,13.1,42,1001.71,6,7,16,53.81312002169953,-1.8045813506244524
04/11/2021 10:16:00,1.275,52,13.1,42,1001.38,6,8,16,53.8127577669693,-1.8049976132728236
04/11/2021 10:17:00,1.264,52,13.0,43,1001.59,5,7,16,53.81272604622597,-1.8053008838223359
04/11/2021 10:18:00,1.271,52,13.0,42,1001.21,5,6,14,53.81270542667749,-1.806039627200819
04/11/2021 10:19:00,1.249,53,13.1,42,1001.72,5,7,15,53.81274720961169,-1.8060724334919915
04/11/2021 10:20:00,1.195,55,13.3,42,1002.19,7,10,16,53.813156850724155,-1.8061620336685338
04/11/2021 10:21:00,1.229,53,13.3,43,1002.16,8,10,16,53.81326177928981,-1.806262929711535
04/11/2021 10:22:00,1.219,54,13.4,42,1002.27,8,11,16,53.813095697114214,-1.8064009927086024
04/11/2021 10:23:00,1.233,53,13.3,41,1002.55,7,9,15,53.812835113483345,-1.8063871184836044
04/11/2021 10:24:00,1.173,56,13.3,42,1002.61,6,8,14,53.81284870641529,-1.8063708588463034
04/11/2021 10:25:00,1.126,57,13.2,41,1002.59,7,10,14,53.81321114345128,-1.8067277200197183
04/11/2021 10:26:00,1.157,56,13.1,42,1002.59,9,11,13,53.81303650639201,-1.806816435891233
04/11/2021 10:27:00,1.138,57,13.2,42,1002.57,8,10,13,53.812984195452685,-1.8071783401808859
04/11/2021 10:28:00,1.161,56,13.0,43,1002.47,7,9,12,53.81309192912189,-1.806869774289933
04/11/2021 10:29:00,1.216,54,13.2,43,1002.13,8,10,13,53.81337924596359,-1.8062862644928834
04/11/2021 10:30:00,1.194,55,13.2,42,1002.24,7,9,13,53.813462710339564,-1.8059641265989201
04/11/2021 10:31:00,1.236,53,13.1,42,1001.96,7,8,12,53.813633186362196,-1.8063340793608034
04/11/2021 10:32:00,1.248,53,13.0,44,1002.27,7,9,12,53.81329330801928,-1.8061550912312772
04/11/2021 10:33:00,1.252,53,13.0,44,1002.35,7,10,13,53.81331316135297,-1.806485206557329
04/11/2021 10:34:00,1.238,53,13.0,44,1002.23,6,9,13,53.81362153507334,-1.806620134610861
04/11/2021 10:35:00,1.27,52,13.2,45,1002.32,6,8,12,53.813585623640385,-1.8068430189650855
04/11/2021 10:36:00,1.349,49,13.1,44,1002.38,6,8,12,53.813729073882804,-1.8062951921307355
04/11/2021 10:37:00,1.337,49,13.1,44,1002.24,6,8,11,53.813871487661665,-1.8064784476901863
04/11/2021 10:38:00,1.431,46,13.2,43,1002.15,7,8,11,53.813791086590506,-1.8066734479262896
04/11/2021 10:39:00,1.427,46,13.0,43,1001.97,,,,53.81395965394945,-1.8066168517991907
04/11/2021 10:40:00,1.449,45,12.9,43,1001.72,6,7,11,53.81408327696291,-1.806563855140959
04/11/2021 10:41:00,1.426,46,13.2,43,1001.9,6,7,12,53.81394497030419,-1.8066328737229067
04/11/2021 10:42:00,1.427,46,13.1,45,1001.62,5,6,11,53.81369966964237,-1.8063690741706118
04/11/2021 10:43:00,1.53,42,13.1,45,1001.39,4,5,10,53.81363004930287,-1.8065077954042772
04/11/2021 10:44:00,1.532,42,13.2,45,1001.43,4,6,11,53.81374130377521,-1.806482536778371
04/11/2021 10:45:00,1.51,43,13.0,45,1000.84,3,5,10,53.81385269355707,-1.8066587970080636
04/11/2021 10:46:00,1.504,43,12.9,45,1001.04,4,5,10,53.813853012816956,-1.8065705067730427
04/11/2021 10:47:00,1.554,41,12.9,44,1001.05,4,5,11,53.814009685924354,-1.805940765808115
04/11/2021 10:48:00,1.604,39,12.9,44,1001.05,4,6,11,53.81363325999333,-1.8055416187571056
04/11/2021 10:49:00,1.638,38,12.9,45,1001.22,4,6,12,53.81378770246014,-1.805642701769437
04/11/2021 10:50:00,1.701,36,12.9,44,1001.39,3,5,12,53.81372530097336,-1.805745586661528
04/11/2021 10:51:00,1.719,35,13.0,45,1001.38,3,4,13,53.81348211883754,-1.8058366781640078
04/11/2021 10:52:00,1.698,36,13.0,45,1001.62,2,4,13,53.81351254511466,-1.8055430271118387
04/11/2021 10:53:00,1.701,36,13.1,44,1001.55,2,4,13,53.8134942013179,-1.8052849534936635
04/11/2021 10:54:00,1.718,35,13.1,46,1001.65,3,4,14,53.81337120498008,-1.8047434213879079
04/11/2021 10:55:00,1.78,33,13.2,45,1001.47,3,5,13,53.8133061007097,-1.8045644797721485
04/11/2021 10:56:00,1.749,34,13.1,46,1001.69,3,5,13,53.81330650015173,-1.8045670666527478
04/11/2021 10:57:00,1.765,33,13.1,45,1001.43,3,4,13,53.81355769636515,-1.8047895730616608
04/11/2021 10:58:00,1.797,32,13.2,45,1001.34,2,4,12,53.81344948831866,-1.8049946943975848
04/11/2021 10:59:00,1.758,34,13.2,46,1001.15,2,4,14,53.81333894820187,-1.8050194269446995
04/11/2021 11:00:00,1.721,35,13.1,46,1000.99,2,5,14,53.81333060474217,-1.8049727250515641
04/11/2021 11:01:00,1.711,35,13.2,48,1001.21,3,6,16,53.81338664498565,-1.8049405738847961
04/11/2021 11:02:00,1.743,34,13.3,49,1001.15,3,6,16,53.81324917408693,-1.8047539779272002
04/11/2021 11:03:00,1.65,38,13.2,49,1001.24,2,5,15,53.81287842679666,-1.8051120333587085
04/11/2021 11:04:00,1.59,40,13.2,50,1001.22,2,4,14,53.81287948486499,-1.8051103599553513
04/11/2021 11:05:00,1.617,39,13.2,49,1001.15,2,4,12,53.81309608373789,-1.8055759393054243
04/11/2021 11:06:00,1.599,40,13.3,48,1001.12,2,5,12,53.81300180081432,-1.80526690604731
04/11/2021 11:07:00,1.57,41,13.3,47,1001.04,2,6,13,53.8127690213233,-1.8052334930123668
04/11/2021 11:08:00,1.655,37,13.3,47,1000.95,2,4,13,53.812992262737545,-1.8052214876396355
04/11/2021 11:09:00,1.603,39,13.2,48,1000.99,2,4,13,53.81262172277781,-1.8054651576591052
04/11/2021 11:10:00,1.59,40,13.4,48,1001.06,2,5,14,53.81285494950969,-1.8053743887962292
04/11/2021 11:11:00,1.57,41,13.5,50,1000.6,3,6,14,53.81285642030692,-1.805369691195645
04/11/2021 11:12:00,1.518,43,13.6,51,1000.61,3,6,13,53.81290374124443,-1.8053368734788855
04/11/2021 11:13:00,1.423,46,13.7,51,1000.66,3,6,14,53.81307949103959,-1.8054402739537856
04/11/2021 11:14:00,1.437,46,13.7,52,1000.84,3,7,13,53.81301411944462,-1.8053075032713561
04/11/2021 11:15:00,1.39,47,13.7,52,1000.65,3,7,14,53.812699907479406,-1.8053850910276836
04/11/2021 11:16:00,1.406,47,13.7,53,1000.82,2,5,13,53.812668596729466,-1.8054372947194592
04/11/2021 11:17:00,1.375,48,13.8,53,1000.73,2,5,13,53.81281270813157,-1.8058106369145779
04/11/2021 11:18:00,1.394,47,13.9,54,1000.69,2,5,12,53.81266367297523,-1.8055387290268463
04/11/2021 11:19:00,1.585,40,13.9,53,1000.89,3,6,12,53.81270414637651,-1.8053035809397653
04/11/2021 11:20:00,1.607,39,14.0,54,1000.8,3,7,13,53.812801826800026,-1.8051750602687826
04/11/2021 11:21:00,1.566,41,13.9,53,1000.35,3,6,11,53.81287060698179,-1.8047572227621729
04/11/2021 11:22:00,1.631,38,13.9,53,1000.33,3,6,11,53.81299426596231,-1.804082211908517
04/11/2021 11:23:00,1.61,39,13.8,54,1000.1,3,8,13,53.81319064486883,-1.8040100607887124
04/11/2021 11:24:00,1.568,41,13.8,55,1000.33,4,8,13,53.81285991152677,-1.8035338231483553
04/11/2021 11:25:00,1.575,40,13.6,55,999.74,4,7,12,53.81305382281604,-1.8036245114537643
04/11/2021 11:26:00,1.623,39,13.5,56,999.45,5,8,12,53.81270322398577,-1.8034524496499216
04/11/2021 11:27:00,1.542,42,13.5,57,999.36,4,8,12,53.81290801107238,-1.804041903313723
04/11/2021 11:28:00,1.566,41,13.5,55,999.45,3,7,12,53.81296874673567,-1.8042534944700113
04/11/2021 11:29:00,1.595,40,13.4,54,999.24,3,7,12,53.8131401002034,-1.8045991439036255
04/11/2021 11:30:00,1.568,41,13.2,54,999.08,3,6,11,53.8131596418759,-1.8046517564805038
04/11/2021 11:31:00,1.569,41,13.1,53,999.01,2,6,10,53.81304173741639,-1.8045246898237464
04/11/2021 11:32:00,1.614,39,13.1,53,999.31,2,6,11,53.81306032390964,-1.804519666820534
04/11/2021 11:33:00,1.586,40,12.9,53,999.15,3,7,10,53.81290767471363,-1.8048142641297775
04/11/2021 11:34:00,1.594,40,12.9,54,999.22,2,7,10,53.81290437779295,-1.8049083183304273
04/11/2021 11:35:00,1.578,40,13.1,53,999.02,3,8,11,53.81293372688564,-1.8056460513985764
04/11/2021 11:36:00,1.688,36,13.0,54,999.11,3,7,10,53.81278846112193,-1.8055514633348877
04/11/2021 11:37:00,1.701,36,13.0,53,999.32,4,9,11,53.81279432683477,-1.8053745712096818
04/11/2021 11:38:00,1.659,37,12.9,54,999.13,4,8,10,53.81287439932761,-1.805638877194901
04/11/2021 11:39:00,1.726,35,12.8,55,999.03,5,8,9,53.813056842478765,-1.80563707682792
04/11/2021 11:40:00,1.747,34,12.7,53,999.02,4,8,9,53.81321995784819,-1.8060413759097995
04/11/2021 11:41:00,1.729,35,12.9,53,999.04,4,6,8,53.81329557984161,-1.8062682647142354
04/11/2021 11:42:00,1.749,34,13.0,53,998.91,4,6,8,53.81308591714041,-1.8061606484214936
04/11/2021 11:43:00,1.73,35,13.0,52,998.69,3,6,8,53.813498690641055,-1.8064377906733975
04/11/2021 11:44:00,1.719,35,13.2,52,998.64,4,7,9,53.81333926703681,-1.8070972414050845
04/11/2021 11:45:00,1.749,34,13.2,53,998.31,4,7,10,53.81320795747723,-1.8075063011220407
04/11/2021 11:46:00,1.685,36,13.2,51,998.22,4,7,10,53.813140234614536,-1.8071175411091494
04/11/2021 11:47:00,1.663,37,13.1,51,998.1,3,7,10,53.81329450143547,-1.8065221349080047
04/11/2021 11:48:00,1.623,39,13.2,50,997.93,3,6,11,53.81294824489742,-1.8065905573937695
04/11/2021 11:49:00,1.777,33,13.2,49,997.62,3,6,10,53.81303217900826,-1.8073117869788693
04/11/2021 11:50:00,1.739,34,13.3,50,997.71,3,7,10,53.81326044071487,-1.8077805129865963
04/11/2021 11:51:00,1.894,28,13.1,51,997.5,2,6,11,53.81283721204437,-1.8079021792450296
04/11/2021 11:52:00,1.826,31,13.1,52,997.47,,,,53.813070116650415,-1.8075166329462529
04/11/2021 11:53:00,1.859,30,13.1,53,997.5,2,5,11,53.81295952881284,-1.8073669497619218
04/11/2021 11:54:00,1.886,29,13.2,52,997.53,1,4,10,53.8130979491744,-1.8073213216999324
04/11/2021 11:55:00,1.882,29,13.2,53,997.66,,,,53.813024711104816,-1.8075292503255347
04/11/2021 11:56:00,1.884,29,13.3,53,997.64,2,5,10,53.81288803030303,-1.8074726544810784
04/11/2021 11:57:00,1.881,29,13.3,55,997.57,2,5,11,53.81254598891737,-1.8077366347763641
04/11/2021 11:58:00,1.91,28,13.4,54,997.8,2,5,11,53.81269366001253,-1.808143243224113
04/11/2021 11:59:00,1.944,27,13.4,54,997.91,2,6,11,53.812570440948654,-1.8082541296399954
04/11/2021 12:00:00,1.841,30,13.5,54,997.75,2,5,12,53.81220186263625,-1.808480624576138
04/11/2021 12:01:00,1.823,31,13.4,54,997.61,2,6,13,53.81181782860459,-1.8082032816355464
04/11/2021 12:02:00,1.764,33,13.6,54,997.49,,,,53.81179791421164,-1.8080411327952468
04/11/2021 12:03:00,1.685,36,13.4,55,997.91,2,6,14,53.81156233565189,-1.8083548800029439
04/11/2021 12:04:00,1.766,33,13.5,55,997.97,2,6,14,53.81136518458175,-1.8089586627903436
04/11/2021 12:05:00,1.771,33,13.4,55,997.87,2,6,13,53.81104320086418,-1.8094484380164166
04/11/2021 12:06:00,1.725,35,13.4,55,998.64,3,7,12,53.81110597329141,-1.8094744975495827
04/11/2021 12:07:00,1.676,37,13.3,54,998.57,3,7,13,53.811033016541494,-1.8094484856921225
04/11/2021 12:08:00,1.686,36,13.3,54,999.22,3,6,14,53.81132972980749,-1.8094226340033843
04/11/2021 12:09:00,1.665,37,13.4,54,999.43,3,6,14,53.81138800926739,-1.8092127520577568
04/11/2021 12:10:00,1.659,37,13.4,53,999.37,3,5,15,53.81127300974499,-1.8089085459797183
04/11/2021 12:11:00,1.713,35,13.3,51,999.34,3,6,14,53.81142113692262,-1.80900759285636
04/11/2021 12:12:00,1.739,34,13.4,52,999.26,3,7,14,53.811422621438254,-1.8090181874340683
04/11/2021 12:13:00,1.718,35,13.4,52,999.28,4,9,16,53.811258880446,-1.808669456202268
04/11/2021 12:14:00,1.699,36,13.2,51,999.16,4,7,16,53.81139106329954,-1.808326096778187
04/11/2021 12:15:00,1.761,33,13.2,52,998.94,4,8,16,53.81137956576189,-1.8083451417601115
04/11/2021 12:16:00,1.807,32,13.1,52,998.85,5,9,16,53.81171859349642,-1.8081186278436465
04/11/2021 12:17:00,1.786,33,13.0,52,998.68,5,8,16,53.81170601296762,-1.8081209041667363
04/11/2021 12:18:00,1.698,36,13.1,52,998.6,6,9,17,53.81176493810732,-1.8085755467757842
04/11/2021 12:19:00,1.656,37,13.1,52,998.8,5,8,16,53.811732259483954,-1.8088286436617569
04/11/2021 12:20:00,1.659,37,12.9,52,998.98,4,7,15,53.811810631986674,-1.80892636345669
04/11/2021 12:21:00,1.711,35,12.9,52,998.97,3,6,14,53.81221500866749,-1.809189352616015
04/11/2021 12:22:00,1.671,37,13.1,52,999.06,3,5,16,53.81206613456563,-1.8094950783371224
04/11/2021 12:23:00,1.766,33,13.1,52,999.41,4,6,16,53.8120491640419,-1.8095844393109208
04/11/2021 12:24:00,1.726,35,13.0,52,999.15,3,5,15,53.81205907153922,-1.8100671698376958
04/11/2021 12:25:00,1.701,36,13.0,51,999.76,3,5,15,53.81166729317976,-1.8101663314772298
04/11/2021 12:26:00,1.577,40,13.0,51,1000.01,3,5,14,53.81143258115379,-1.8100910445741967
04/11/2021 12:27:00,1.61,39,13.0,51,1000.02,3,5,14,53.811148266999815,-1.8098902561339851
04/11/2021 12:28:00,1.486,44,12.9,52,999.6,3,5,16,53.81131909157699,-1.809886840695377
04/11/2021 12:29:00,1.645,38,12.6,52,999.87,3,6,15,53.81105814215679,-1.8096688453347594
04/11/2021 12:30:00,1.663,37,12.5,51,999.78,3,6,15,53.81111439717119,-1.8102414697712057
04/11/2021 12:31:00,1.607,39,12.5,50,999.53,4,7,15,53.811375698572434,-1.8100902816578777
04/11/2021 12:32:00,1.606,39,12.8,51,1000.01,3,6,15,53.811111727960295,-1.8103724788573643
04/11/2021 12:33:00,1.64,38,12.8,50,999.57,3,4,14,53.811490114186356,-1.8103101974627882
04/11/2021 12:34:00,1.6,40,12.9,50,999.8,3,6,14,53.81137364594134,-1.8099053391085889
04/11/2021 12:35:00,1.562,41,12.9,49,999.87,3,6,15,53.811565136731105,-1.8098999824991446
04/11/2021 12:36:00,1.517,43,12.9,49,999.71,3,6,14,53.8115749703585,-1.809868791278403
04/11/2021 12:37:00,1.563,41,12.9,49,999.64,3,6,14,53.811811018458805,-1.8104665393656107
04/11/2021 12:38:00,1.572,41,12.8,49,999.77,3,7,14,53.811734987169494,-1.8105143710923455
04/11/2021 12:39:00,1.624,39,13.0,48,1000.14,3,6,14,53.81207115374713,-1.8104688871629897
04/11/2021 12:40:00,1.585,40,13.0,47,1000.01,2,5,14,53.81183314697731,-1.8101486963627145
04/11/2021 12:41:00,1.552,41,13.0,47,1000.52,2,6,14,53.81168407207911,-1.8102613981990636
04/11/2021 12:42:00,1.538,42,12.9,46,1000.75,4,8,15,53.811970487917876,-1.810012720602789
04/11/2021 12:43:00,1.591,40,13.0,45,1000.96,3,8,15,53.811700272013425,-1.8103679840857385
04/11/2021 12:44:00,1.566,41,12.9,45,1000.47,3,8,15,53.811870596983596,-1.8099484357254143
04/11/2021 12:45:00,1.491,44,13.1,44,1000.76,3,6,13,53.81145863421565,-1.8097313637498524
04/11/2021 12:46:00,1.509,43,13.0,44,1001.07,3,6,13,53.81148104959836,-1.8095036163693725
04/11/2021 12:47:00,1.538,42,13.1,44,1001.2,3,7,13,53.811220846781424,-1.809804351812786
04/11/2021 12:48:00,1.51,43,13.0,44,1000.45,3,5,13,53.810818814786856,-1.8098561482729891
04/11/2021 12:49:00,1.474,44,12.8,43,1000.31,3,5,12,53.81091398880969,-1.809646443029746
04/11/2021 12:50:00,1.543,42,12.8,42,1000.19,3,6,12,53.810639544063875,-1.8096445600553885
04/11/2021 12:51:00,1.635,38,12.8,42,1000.15,3,5,11,53.81067006174166,-1.8103155947026357
04/11/2021 12:52:00,1.627,38,12.8,42,1000.33,3,5,11,53.810720230430206,-1.8104800519378088
04/11/2021 12:53:00,1.63,38,12.9,41,1000.01,2,5,12,53.81103751276996,-1.8106459695415036
04/11/2021 12:54:00,1.638,38,12.8,40,999.8,3,5,12,53.81095059050354,-1.8109441597760287
04/11/2021 12:55:00,1.689,36,12.9,40,999.65,2,4,12,53.81099074059334,-1.8109879776333488
04/11/2021 12:56:00,1.648,38,12.9,42,999.55,2,4,10,53.81083378662761,-1.8109991931614031
04/11/2021 12:57:00,1.669,37,12.9,42,999.88,,,,53.81112305834575,-1.8111560576748589
04/11/2021 12:58:00,1.719,35,13.0,40,999.89,2,3,10,53.811053909012486,-1.811253191278278
04/11/2021 12:59:00,1.682,36,13.0,40,999.85,3,4,10,53.81104491013689,-1.8114314525682331
04/11/2021 13:00:00,1.655,37,13.1,40,1000.08,3,3,9,53.81116117797092,-1.8119581310407615
04/11/2021 13:01:00,1.628,38,13.0,40,1000.26,2,3,8,53.8110263587792,-1.8120965197753771
04/11/2021 13:02:00,1.654,37,12.9,39,1000.07,3,4,10,53.81093275801806,-1.8120094031279987
04/11/2021 13:03:00,1.699,36,13.0,39,1000.32,3,4,9,53.81075545690748,-1.8121515492417657
04/11/2021 13:04:00,1.753,34,12.9,38,1000.66,4,4,10,53.81049749150561,-1.8120302579932654
04/11/2021 13:05:00,1.727,35,12.8,37,1000.41,3,3,9,53.81043924492564,-1.8120356920192824
04/11/2021 13:06:00,1.696,36,13.0,38,1000.26,2,3,8,53.81038594381015,-1.8123228748260662
04/11/2021 13:07:00,1.754,34,13.0,38,999.9,2,2,7,53.81011144177632,-1.8119750908044463
04/11/2021 13:08:00,1.794,32,12.8,37,1000.08,3,3,8,53.81033602928707,-1.8119522360862743
04/11/2021 13:09:00,1.888,29,12.8,37,1000.11,2,3,7,53.81063662699421,-1.8114288971895938
04/11/2021 13:10:00,1.834,31,12.9,37,1000.11,2,3,6,53.81054501075543,-1.8112871665509376
04/11/2021 13:11:00,1.734,34,12.9,37,1000.32,2,3,6,53.81021921554644,-1.81118381199589
04/11/2021 13:12:00,1.669,37,13.0,39,1000.32,3,3,7,53.81020083734765,-1.8106090744707537
04/11/2021 13:13:00,1.671,37,13.0,38,1000.47,3,4,7,53.81011467984968,-1.8110511331193129
04/11/2021 13:14:00,1.576,40,13.1,38,1000.77,3,4,8,53.809865162781655,-1.8108142552822644
04/11/2021 13:15:00,1.58,40,13.1,38,1001.04,3,4,8,53.80948435578166,-1.811204518522275
04/11/2021 13:16:00,1.54,42,13.1,37,1000.75,4,5,10,53.80956080772363,-1.8114354391786596
04/11/2021 13:17:00,1.56,41,13.1,36,1000.42,4,5,10,53.80955438654838,-1.81142371569754
04/11/2021 13:18:00,1.57,41,13.2,35,1000.42,4,6,10,53.809551498044684,-1.81143398861455
04/11/2021 13:19:00,1.584,40,13.3,35,1000.0,5,6,11,53.80950625615999,-1.8115082159305989
04/11/2021 13:20:00,1.53,42,13.4,36,1000.04,4,6,11,53.809471048684365,-1.8110082085893038
04/11/2021 13:21:00,1.603,39,13.5,36,1000.32,4,6,10,53.809450533737646,-1.8108958058671143
04/11/2021 13:22:00,1.605,39,13.4,36,1000.08,3,5,10,53.80932599053068,-1.8105220976430934
04/11/2021 13:23:00,1.619,39,13.3,36,1000.02,3,5,9,53.80915828621249,-1.8111270805849642
04/11/2021 13:24:00,1.595,40,13.2,37,1000.12,3,5,9,53.80874106878519,-1.8111900903159945
04/11/2021 13:25:00,1.604,39,13.1,37,1000.38,2,5,10,53.80897644917676,-1.810866068875049
04/11/2021 13:26:00,1.745,34,13.1,36,1000.27,2,5,10,53.80932007226372,-1.8110818986008792
04/11/2021 13:27:00,1.709,35,13.1,36,1000.17,2,4,10,53.80927968321698,-1.8112743143186059
04/11/2021 13:28:00,1.634,38,13.1,36,1000.19,2,5,11,53.80921944033674,-1.8112564471094768
04/11/2021 13:29:00,1.621,39,13.1,38,1000.16,,,,53.809125577442714,-1.8110605925108958
04/11/2021 13:30:00,1.629,38,13.1,38,1000.22,2,5,11,53.80898102650293,-1.811761902842977
04/11/2021 13:31:00,1.671,37,12.9,39,1000.18,2,5,11,53.80883120515912,-1.8114170970162842
04/11/2021 13:32:00,1.646,38,13.1,39,1000.22,1,4,10,53.80883920342042,-1.8119053854018248
04/11/2021 13:33:00,1.656,37,13.0,37,1000.07,1,4,10,53.80900793142494,-1.812035295419971
04/11/2021 13:34:00,1.583,40,12.9,35,1000.02,2,4,9,53.8089544298386,-1.8120073330677697
04/11/2021 13:35:00,1.667,37,13.0,36,1000.09,2,5,10,53.80905039385322,-1.8123920227236883
04/11/2021 13:36:00,1.654,37,13.0,36,1000.29,2,4,10,53.809261955182826,-1.8129956206915285
04/11/2021 13:37:00,1.602,39,13.3,35,1000.5,2,5,11,53.809501057445836,-1.8129256646979923
04/11/2021 13:38:00,1.637,38,13.5,35,1000.5,3,5,10,53.80931660281219,-1.812913649493413
04/11/2021 13:39:00,1.69,36,13.5,35,1000.85,2,5,11,53.80954798707174,-1.812329620221673
04/11/2021 13:40:00,1.745,34,13.4,35,1001.14,2,5,11,53.809555979551575,-1.8123227372538049
04/11/2021 13:41:00,1.771,33,13.3,36,1001.21,2,4,10,53.809294472688,-1.812114725377182
04/11/2021 13:42:00,1.708,35,13.2,36,1001.06,1,3,10,53.809221889178716,-1.8122364523744652
04/11/2021 13:43:00,1.693,36,13.2,37,1000.92,2,4,10,53.8092621476757,-1.812239055697013
04/11/2021 13:44:00,1.692,36,13.1,37,1000.91,2,5,11,53.80945500485542,-1.8116900204375173
04/11/2021 13:45:00,1.712,35,13.0,36,1000.98,3,6,12,53.809363926479435,-1.8117261543797267
04/11/2021 13:46:00,1.762,33,13.1,37,1001.06,3,6,11,53.80922373080823,-1.8119190378723862
04/11/2021 13:47:00,1.835,31,13.1,36,1001.49,3,6,13,53.809041943735544,-1.8117521821992866
04/11/2021 13:48:00,1.835,31,13.0,37,1001.1,3,7,13,53.80875680778227,-1.8115527950229142
04/11/2021 13:49:00,1.821,31,13.1,37,1001.35,3,6,13,53.80876595746368,-1.8115404625371503
04/11/2021 13:50:00,1.835,31,13.0,36,1001.66,3,6,13,53.80837118745919,-1.8115186536782308
04/11/2021 13:51:00,1.84,31,13.0,36,1001.37,3,7,14,53.80808112968882,-1.8110906974376217
04/11/2021 13:52:00,1.852,30,13.1,36,1001.53,3,9,14,53.80820423351823,-1.8110042373249442
04/11/2021 13:53:00,1.852,30,13.3,37,1001.18,2,8,15,53.808288759620034,-1.8117117361065904
04/11/2021 13:54:00,1.875,29,13.2,36,1001.14,2,8,14,53.80823098486474,-1.811550269082328
04/11/2021 13:55:00,1.866,30,13.1,35,1000.79,2,7,14,53.80833350155869,-1.8116253245217822
04/11/2021 13:56:00,1.827,31,13.1,34,1001.08,2,8,15,53.80854644318276,-1.812027017220891
04/11/2021 13:57:00,1.867,29,12.8,34,1001.18,2,7,15,53.80871681005392,-1.8119907480403374
04/11/2021 13:58:00,1.79,32,12.8,36,1000.5,2,7,15,53.8087453916127,-1.8117195314060823
04/11/2021 13:59:00,1.778,33,12.8,36,1000.55,2,7,15,53.808891663729746,-1.8111438197015355
04/11/2021 14:00:00,1.76,34,12.9,36,1000.42,2,7,14,53.8089642047176,-1.8113955886042488
04/11/2021 14:01:00,1.782,33,12.8,36,1000.66,2,6,15,53.80917217238859,-1.8116725609049906
04/11/2021 14:02:00,1.793,32,12.7,36,1000.33,2,6,16,53.809177477603875,-1.8112919871982227
04/11/2021 14:03:00,1.867,29,12.7,35,1000.15,2,7,15,53.80908736604122,-1.8115964017815103
04/11/2021 14:04:00,1.883,29,12.7,36,999.89,2,6,14,53.80892724014812,-1.8121581829716396
04/11/2021 14:05:00,1.925,27,12.6,36,999.37,2,6,14,53.808704292967455,-1.8119341369029744
04/11/2021 14:06:00,1.834,31,12.6,36,999.3,2,7,14,53.80862038186068,-1.8119998790667269
04/11/2021 14:07:00,1.835,31,12.8,37,999.43,3,6,14,53.80858181503786,-1.8119247599115136
04/11/2021 14:08:00,1.888,29,12.7,37,999.51,3,5,14,53.80871029177142,-1.812280523897518
04/11/2021 14:09:00,1.959,26,12.7,38,999.05,1,1,2,53.80849407565808,-1.8117026773653957
04/11/2021 14:10:00,1.988,25,12.7,38,999.1,1,1,2,53.808405983969756,-1.811740043579026
04/11/2021 14:11:00,1.896,28,12.8,38,999.06,1,1,2,53.80831077220314,-1.811340593481832
04/11/2021 14:12:00,1.894,28,12.8,37,999.04,1,1,2,53.80797287518965,-1.8115379532451246
04/11/2021 14:13:00,1.794,32,12.8,37,998.95,1,1,2,53.80787484767371,-1.8113218576181065
04/11/2021 14:14:00,1.79,32,12.9,36,998.76,1,1,2,53.80789663669703,-1.8113631993208976
04/11/2021 14:15:00,1.716,35,12.9,36,998.48,1,1,2,53.807914727676405,-1.8120672640942537
04/11/2021 14:16:00,1.674,37,13.0,37,998.75,1,1,2,53.8081713098248,-1.8115999120763935
04/11/2021 14:17:00,1.634,38,12.9,38,998.63,1,1,2,53.80826310700636,-1.8109514573463241
04/11/2021 14:18:00,1.607,39,12.7,36,998.34,1,1,2,53.80827429772429,-1.8106232161693652
04/11/2021 14:19:00,1.564,41,12.6,37,998.51,1,1,2,53.80799208419972,-1.8108787565021534
04/11/2021 14:20:00,1.567,41,12.7,37,998.38,1,1,2,53.80806334574895,-1.8111137341775732
04/11/2021 14:21:00,1.55,41,12.7,37,998.12,1,1,2,53.80828527865291,-1.811099990258824
04/11/2021 14:22:00,1.6,39,12.7,36,997.91,1,1,2,53.80834638704308,-1.8111051166249335
04/11/2021 14:23:00,1.622,39,12.7,36,997.82,1,1,2,53.80843131139831,-1.8117376300682335
04/11/2021 14:24:00,1.604,39,12.5,36,997.23,1,1,2,53.8083816336201,-1.8114605071674497
04/11/2021 14:25:00,1.636,38,12.5,37,996.85,1,1,2,53.80863185968605,-1.8109685009953191
04/11/2021 14:26:00,1.686,36,12.3,37,996.48,1,1,2,53.80846033580954,-1.8109893846457283
04/11/2021 14:27:00,1.589,40,12.2,38,996.34,1,1,2,53.80848346308963,-1.810968016076576
04/11/2021 14:28:00,1.592,40,12.2,38,996.0,1,1,2,53.8080914000951,-1.8109312637028119
04/11/2021 14:29:00,1.477,44,12.3,38,995.88,1,1,2,53.80789033373247,-1.8107151892508715
04/11/2021 14:30:00,1.476,44,12.2,40,995.94,1,1,2,53.80794595231543,-1.8110453186542212
04/11/2021 14:31:00,1.438,46,12.1,41,995.74,1,1,2,53.80821541870129,-1.8106339974464163
04/11/2021 14:32:00,1.423,46,12.1,41,995.49,1,1,2,53.808460904115826,-1.8110511822107953
04/11/2021 14:33:00,1.333,50,12.3,40,995.54,1,1,2,53.8084349298226,-1.8110211613368048
04/11/2021 14:34:00,1.27,52,12.4,41,995.45,1,1,2,53.808412975681534,-1.8102836830329845
04/11/2021 14:35:00,1.26,52,12.4,40,995.42,1,1,2,53.808421367631965,-1.8102569562586455
04/11/2021 14:36:00,1.296,51,12.3,40,995.4,1,1,2,53.80838885013934,-1.8105688162383142
04/11/2021 14:37:00,1.336,49,12.5,39,995.03,1,1,2,53.808610342727455,-1.8104488317357885
04/11/2021 14:38:00,1.343,49,12.6,40,995.05,1,1,2,53.80866603185989,-1.8106556553533544
04/11/2021 14:39:00,1.395,47,12.7,40,994.94,1,1,2,53.8086656127438,-1.81060006874766
04/11/2021 14:40:00,1.343,49,12.7,40,994.51,1,1,2,53.80870342751115,-1.811256569421031
04/11/2021 14:41:00,1.252,53,13.0,41,994.81,1,1,2,53.80869277949784,-1.8110073130197848
04/11/2021 14:42:00,1.266,52,13.1,41,994.83,1,1,2,53.808781938646035,-1.8109447483177084
04/11/2021 14:43:00,1.2,55,13.0,41,994.69,1,1,2,53.80883478899048,-1.811117742244941
04/11/2021 14:44:00,1.254,52,12.9,41,995.17,1,1,2,53.80886378160626,-1.8109040226380553
04/11/2021 14:45:00,1.299,51,13.0,40,995.11,1,1,2,53.80869058871177,-1.8109083388637888
04/11/2021 14:46:00,1.307,51,12.9,40,994.91,1,1,2,53.80871301522806,-1.8109075816040552
04/11/2021 14:47:00,1.314,50,13.0,39,994.51,1,1,2,53.80835357393971,-1.8106802769543386
04/11/2021 14:48:00,1.256,52,13.0,40,994.61,1,1,2,53.80838428047739,-1.810621098579658
04/11/2021 14:49:00,1.308,50,13.0,39,994.53,1,1,2,53.80841310839293,-1.8106390443035525
04/11/2021 14:50:00,1.29,51,13.0,39,994.44,1,1,2,53.80808024594901,-1.810134346426301
04/11/2021 14:51:00,1.304,51,13.0,37,994.63,1,1,2,53.808048449975935,-1.8101677738049937
04/11/2021 14:52:00,1.309,50,13.0,37,994.31,1,1,2,53.80775400626176,-1.8103976160613626
04/11/2021 14:53:00,1.31,50,13.0,37,994.25,1,1,2,53.807726090904524,-1.8101269870981411
04/11/2021 14:54:00,1.393,47,12.8,37,994.06,1,1,2,53.80774631558998,-1.8098576868009415
04/11/2021 14:55:00,1.389,47,13.0,39,994.27,1,1,2,53.80762086665733,-1.80975656448215
04/11/2021 14:56:00,1.302,51,13.0,38,994.51,1,1,2,53.807320349498234,-1.8095602604512462
04/11/2021 14:57:00,1.274,52,13.0,38,994.65,1,1,2,53.8072343707275,-1.8094904195794053
04/11/2021 14:58:00,1.278,52,12.8,38,994.68,1,1,2,53.80749623251761,-1.8099878659140591
04/11/2021 14:59:00,1.22,54,12.9,38,994.66,1,1,2,53.807453730607214,-1.8100114646476673
04/11/2021 15:00:00,1.194,55,12.8,38,994.74,1,1,2,53.80746855077942,-1.8100350930136024
04/11/2021 15:01:00,1.211,54,13.0,39,994.35,1,1,2,53.80717156606953,-1.8099846169773557
04/11/2021 15:02:00,1.196,55,12.9,39,994.4,1,1,2,53.80707611033674,-1.8100538342862758
04/11/2021 15:03:00,1.213,54,13.0,39,994.09,1,1,2,53.806726522911276,-1.8097750346789905
04/11/2021 15:04:00,1.229,53,13.0,39,994.28,1,1,2,53.80680450486457,-1.8101487961166831
04/11/2021 15:05:00,1.28,52,13.1,39,994.32,1,1,2,53.806588951711916,-1.810369731992697
04/11/2021 15:06:00,1.266,52,13.0,39,994.42,1,1,2,53.806933577334554,-1.8099650355807133
04/11/2021 15:07:00,1.219,54,12.9,38,994.56,1,1,2,53.806748443547065,-1.8097711902785787
04/11/2021 15:08:00,1.214,54,12.8,38,994.43,1,1,2,53.806581418600445,-1.8098688954369462
04/11/2021 15:09:00,1.262,52,12.9,39,994.57,1,1,2,53.80666436263639,-1.8091470121126314
04/11/2021 15:10:00,1.228,53,13.0,38,994.82,1,1,2,53.806552149536145,-1.809322604643276
04/11/2021 15:11:00,1.196,55,13.0,37,994.45,1,1,2,53.80637567124031,-1.8088117252047975
04/11/2021 15:12:00,1.135,57,12.8,38,994.46,1,1,2,53.806376137422255,-1.8090104112817778
04/11/2021 15:13:00,1.105,58,12.8,37,994.51,1,1,2,53.806306505215936,-1.8093588576533612
04/11/2021 15:14:00,1.076,59,12.8,36,994.76,1,1,2,53.80637376140694,-1.8094482810602834
04/11/2021 15:15:00,1.066,60,12.9,35,994.47,1,1,2,53.806145641061214,-1.80923267572417
04/11/2021 15:16:00,1.099,58,12.9,36,994.42,1,1,2,53.8063313222791,-1.8092987399135467
04/11/2021 15:17:00,1.152,56,12.7,36,994.63,1,1,2,53.80636064282316,-1.8096287370884552
04/11/2021 15:18:00,1.173,56,12.8,38,994.78,1,1,2,53.806328354216696,-1.8095622574514512
04/11/2021 15:19:00,1.185,55,12.7,38,994.69,1,1,2,53.806433251376326,-1.8090214304861443
04/11/2021 15:20:00,1.172,56,12.8,38,994.57,1,1,2,53.80658070541543,-1.8090074351735344
04/11/2021 15:21:00,1.18,55,12.8,39,994.8,1,1,2,53.80653479230281,-1.8094617610192467
04/11/2021 15:22:00,1.266,52,12.7,38,994.84,1,1,2,53.80659401542896,-1.8094429319809933
04/11/2021 15:23:00,1.262,52,12.7,38,994.81,1,1,2,53.80669881835136,-1.8093237660175323
04/11/2021 15:24:00,1.205,54,12.6,37,994.7,1,1,2,53.8066971041699,-1.809330953075361
04/11/2021 15:25:00,1.173,56,12.7,37,994.75,1,1,2,53.806805587477314,-1.8094275737092254
04/11/2021 15:26:00,1.165,56,12.7,36,995.03,1,1,2,53.806662933304416,-1.8089898992873794
04/11/2021 15:27:00,1.219,54,12.6,35,994.98,1,1,2,53.806721449180394,-1.8090746611980342
04/11/2021 15:28:00,1.213,54,12.7,35,995.31,1,1,2,53.80683204578255,-1.8092847580125806
04/11/2021 15:29:00,1.179,55,12.8,35,995.42,1,1,2,53.80720453873614,-1.8092489867755968
04/11/2021 15:30:00,1.174,55,12.9,35,995.31,1,1,2,53.806949795969054,-1.8090824769917813
04/11/2021 15:31:00,1.17,56,13.1,35,995.45,1,1,2,53.806977013835805,-1.8094231460681534
04/11/2021 15:32:00,1.104,58,12.9,36,995.8,1,1,2,53.806965135262026,-1.8094458189942613
04/11/2021 15:33:00,1.078,59,12.8,34,995.82,1,1,2,53.80724474320783,-1.8096126869286104
04/11/2021 15:34:00,1.094,58,12.7,34,996.09,1,1,2,53.807102414133844,-1.8095441754247255
04/11/2021 15:35:00,1.042,60,12.7,35,995.66,1,1,2,53.807147101521196,-1.8096686884971118
04/11/2021 15:36:00,1.046,60,12.6,36,995.71,1,1,2,53.807429557296516,-1.8099412977875802
04/11/2021 15:37:00,0.997,62,12.7,34,995.6,1,1,2,53.80758632179016,-1.8098142047075623
04/11/2021 15:38:00,1.05,60,12.9,36,995.7,1,1,2,53.80763817304443,-1.8096024036058982
04/11/2021 15:39:00,1.019,61,12.8,35,995.44,1,1,2,53.80763724249072,-1.809602509731307
04/11/2021 15:40:00,1.054,60,12.9,34,995.28,1,1,2,53.80755801195209,-1.809662226396707
04/11/2021 15:41:00,1.132,57,12.8,34,995.26,1,1,2,53.80749830482316,-1.809587254939875
04/11/2021 15:42:00,1.18,55,12.7,33,995.2,1,1,2,53.807808435771,-1.809998249541052
04/11/2021 15:43:00,1.175,55,12.6,33,995.06,1,1,2,53.807819314045915,-1.8100462951469962
04/11/2021 15:44:00,1.21,54,12.4,32,995.22,1,1,2,53.808025645654304,-1.8099715912737773
04/11/2021 15:45:00,1.193,55,12.5,32,995.19,1,1,2,53.80763933842022,-1.8098354385403321
04/11/2021 15:46:00,1.213,54,12.6,33,995.58,1,1,2,53.8075123947806,-1.8099892560319704
04/11/2021 15:47:00,1.222,54,12.6,32,995.85,1,1,2,53.8074435261363,-1.809939461618444
04/11/2021 15:48:00,1.312,50,12.8,33,995.86,1,1,2,53.8076896995734,-1.8096154336395254
04/11/2021 15:49:00,1.362,48,12.7,33,995.8,1,1,2,53.80747364297053,-1.8100707962338403
04/11/2021 15:50:00,1.415,46,12.6,33,995.97,1,1,2,53.807560099014786,-1.8101346979095752
04/11/2021 15:51:00,1.426,46,12.5,33,996.03,1,1,2,53.807592146112206,-1.8100110806043288
04/11/2021 15:52:00,1.407,47,12.4,33,995.68,1,1,2,53.80773944493926,-1.8100433981385515
04/11/2021 15:53:00,1.363,48,12.4,33,995.1,1,1,2,53.80772158584619,-1.809902217479869
04/11/2021 15:54:00,1.393,47,12.3,32,994.68,1,1,2,53.8075995587064,-1.8096213358373028
04/11/2021 15:55:00,1.368,48,12.3,32,994.47,1,1,2,53.80780749884135,-1.8090181794786913
04/11/2021 15:56:00,1.341,49,12.5,32,994.67,1,1,2,53.8078750977401,-1.8088831745827232
04/11/2021 15:57:00,1.284,51,12.4,33,994.46,1,1,2,53.80783843499213,-1.8086178544094724
04/11/2021 15:58:00,1.272,52,12.4,33,994.92,1,1,2,53.80765199115712,-1.8079311384171899
04/11/2021 15:59:00,1.221,54,12.3,33,995.22,1,1,2,53.80806473834692,-1.8079699890701968
04/11/2021 16:00:00,1.23,53,12.4,33,994.77,1,1,2,53.80813933343076,-1.8081566858625873
04/11/2021 16:01:00,1.239,53,12.4,34,994.34,1,1,2,53.808214002404625,-1.8083907029666897
04/11/2021 16:02:00,1.251,53,12.5,33,993.87,1,1,2,53.80837296752123,-1.8084838329272606
04/11/2021 16:03:00,1.271,52,12.6,33,993.93,1,1,2,53.80853784026745,-1.8082645472646448
04/11/2021 16:04:00,1.228,53,12.4,33,993.93,1,1,2,53.808314156445896,-1.8083784688966034
04/11/2021 16:05:00,1.301,51,12.5,33,993.99,1,1,2,53.80846787553895,-1.8085278419411708
04/11/2021 16:06:00,1.326,50,12.6,34,994.11,1,1,2,53.80846800362119,-1.8085407002059413
04/11/2021 16:07:00,1.361,48,12.7,34,994.23,1,1,2,53.80821201725627,-1.8081560464516258
04/11/2021 16:08:00,1.299,51,12.6,35,994.08,1,1,2,53.80839165615493,-1.8085017128160477
04/11/2021 16:09:00,1.317,50,12.7,36,993.86,1,1,2,53.8086751650598,-1.8090069821415813
04/11/2021 16:10:00,1.334,49,12.8,36,993.76,1,1,2,53.808537156208935,-1.8091598835111902
04/11/2021 16:11:00,1.387,47,12.8,36,993.3,1,1,2,53.80868431612101,-1.8090024588362623
04/11/2021 16:12:00,1.389,47,12.8,37,993.02,1,1,2,53.808401770217216,-1.8091634319706191
04/11/2021 16:13:00,1.381,48,12.8,37,992.81,1,1,2,53.80846608434866,-1.809525760375118
04/11/2021 16:14:00,1.345,49,12.9,36,992.95,1,1,2,53.80807959543258,-1.809231409067014
04/11/2021 16:15:00,1.327,50,12.9,37,992.99,1,1,2,53.80803035536239,-1.8091186482255672
04/11/2021 16:16:00,1.315,50,12.8,38,993.09,1,1,2,53.807722078465375,-1.809601112191374
04/11/2021 16:17:00,1.302,51,12.9,37,992.99,1,1,2,53.807640352694236,-1.8093928543955389
04/11/2021 16:18:00,1.172,56,13.0,37,992.85,1,1,2,53.80755142314296,-1.8096245111484104
04/11/2021 16:19:00,1.152,56,13.1,38,992.69,1,1,2,53.807674615270145,-1.8102994945251654
04/11/2021 16:20:00,1.192,55,13.1,38,993.29,1,1,2,53.80787713716599,-1.810219541446693
04/11/2021 16:21:00,1.171,56,13.0,38,993.45,1,1,2,53.80776546656064,-1.8103293112502759
04/11/2021 16:22:00,1.192,55,13.2,37,994.08,1,1,2,53.807760051831536,-1.8103391271027547
04/11/2021 16:23:00,1.147,56,13.1,38,993.97,1,1,2,53.807761390872095,-1.8104743300462864
04/11/2021 16:24:00,1.149,56,13.1,38,993.73,1,1,2,53.80778984845368,-1.810129693559143
04/11/2021 16:25:00,1.175,55,13.2,38,993.54,1,1,2,53.80757462827821,-1.8105402563442496
04/11/2021 16:26:00,1.106,58,13.1,39,993.81,1,1,2,53.80757739297648,-1.8107718977396587
04/11/2021 16:27:00,1.088,59,13.0,39,993.5,1,1,2,53.807456621976726,-1.8106121707553158
04/11/2021 16:28:00,1.169,56,12.9,39,993.82,1,1,2,53.80719229640343,-1.8103308345691085
04/11/2021 16:29:00,1.235,53,12.9,39,994.18,1,1,2,53.80710503618472,-1.8101957674129445
04/11/2021 16:30:00,1.215,54,13.1,40,994.43,1,1,2,53.80708323864849,-1.8102125667670301
04/11/2021 16:31:00,1.201,54,13.2,39,994.4,1,1,2,53.806893029127345,-1.8105266436291534
04/11/2021 16:32:00,1.154,56,13.4,39,994.26,1,1,2,53.80668993693047,-1.8099866378124618
04/11/2021 16:33:00,1.008,62,13.5,39,994.26,,,,53.80659077659187,-1.809860007301189
04/11/2021 16:34:00,0.994,62,13.5,38,994.51,1,1,2,53.80644143363248,-1.8100477472460166
04/11/2021 16:35:00,1.039,61,13.5,38,994.67,1,1,2,53.806471386949184,-1.810096943424025
04/11/2021 16:36:00,0.963,63,13.5,38,994.86,1,1,2,53.806482642454974,-1.8104682936011482
04/11/2021 16:37:00,0.893,66,13.5,38,994.72,1,1,2,53.80652963896124,-1.8112016492274121
04/11/2021 16:38:00,0.857,67,13.4,37,994.65,1,1,2,53.80636014845278,-1.811380600290423
04/11/2021 16:39:00,0.809,69,13.5,36,994.7,1,1,2,53.80629364353758,-1.8114190247738167
04/11/2021 16:40:00,0.783,70,13.5,36,994.85,1,1,2,53.80626648184132,-1.812155041645133
04/11/2021 16:41:00,0.78,70,13.5,37,994.77,1,1,2,53.8060137043503,-1.8125079818636929
04/11/2021 16:42:00,0.723,72,13.4,37,994.78,1,1,2,53.805944690690694,-1.813001696166318
04/11/2021 16:43:00,0.768,71,13.3,35,994.71,1,1,2,53.806064648343245,-1.8129728001403798
04/11/2021 16:44:00,0.757,71,13.3,37,994.47,1,1,2,53.80635080904896,-1.812629157823279
04/11/2021 16:45:00,0.735,72,13.2,35,994.85,1,1,2,53.80628589343809,-1.812641036093377
04/11/2021 16:46:00,0.738,72,13.2,36,994.81,1,1,2,53.80661222157573,-1.8122411226839572
04/11/2021 16:47:00,0.785,70,13.2,36,995.39,1,1,2,53.80671127726406,-1.8117562943122638
04/11/2021 16:48:00,0.879,67,13.3,36,995.04,1,1,2,53.80663695428647,-1.8118662402923105
04/11/2021 16:49:00,0.818,69,13.4,36,995.47,1,1,2,53.80669336676745,-1.8116598998248397
04/11/2021 16:50:00,0.89,66,13.2,38,995.31,1,1,2,53.80707248042502,-1.8117410673998053
04/11/2021 16:51:00,0.875,67,13.2,36,995.49,1,1,2,53.80704235818778,-1.8111479693690333
04/11/2021 16:52:00,0.85,68,13.3,37,995.43,1,1,2,53.807174889576686,-1.811140840281766
04/11/2021 16:53:00,0.881,66,13.3,36,995.75,1,1,2,53.807076080244705,-1.810516181971296
04/11/2021 16:54:00,0.832,68,13.3,37,995.77,1,1,2,53.807341566068395,-1.810849120554632
04/11/2021 16:55:00,0.886,66,13.5,37,995.54,1,1,2,53.80766041692655,-1.8103805539067876
04/11/2021 16:56:00,0.906,66,13.3,36,995.32,1,1,2,53.80762135004274,-1.8101432478914925
04/11/2021 16:57:00,0.911,65,13.4,36,995.31,1,1,2,53.807561088160526,-1.8102658933767526
04/11/2021 16:58:00,0.914,65,13.5,34,995.6,1,1,2,53.80752314269732,-1.809777887310241
04/11/2021 16:59:00,0.926,65,13.4,35,995.34,1,1,2,53.80760727459017,-1.8097794267260932
04/11/2021 17:00:00,0.934,64,13.6,35,995.8,1,1,2,53.80759220942066,-1.809795759109964
04/11/2021 17:01:00,0.937,64,13.6,35,995.74,1,1,2,53.80779695111211,-1.809543641652245
04/11/2021 17:02:00,0.909,65,13.5,34,995.69,1,1,2,53.807743816985095,-1.8096100973730171
04/11/2021 17:03:00,0.879,67,13.6,34,995.89,1,1,2,53.8079534083689,-1.8095412241301518
04/11/2021 17:04:00,0.886,66,13.6,35,995.76,1,1,2,53.80763365191792,-1.8094297487531419
04/11/2021 17:05:00,0.791,70,13.6,35,995.73,1,1,2,53.80792968357075,-1.8089801492252071
04/11/2021 17:06:00,0.777,70,13.7,35,996.08,1,1,2,53.80798295351256,-1.808440910802195
04/11/2021 17:07:00,0.829,68,13.5,34,995.92,1,1,2,53.80791980219688,-1.8080085657014027
04/11/2021 17:08:00,0.815,69,13.5,34,996.37,1,1,2,53.80812598991911,-1.8080415668531444
04/11/2021 17:09:00,0.764,71,13.7,33,996.4,1,1,2,53.80801926817281,-1.8080991448082393
04/11/2021 17:10:00,0.846,68,13.6,32,996.19,1,1,2,53.80821996153949,-1.8082248242672698
04/11/2021 17:11:00,0.846,68,13.6,32,996.02,1,1,2,53.80829145640311,-1.80846709265778
04/11/2021 17:12:00,0.787,70,13.7,32,996.19,1,1,2,53.80832307474045,-1.8087396317358735
04/11/2021 17:13:00,0.85,68,13.7,32,996.37,1,1,2,53.80845977591291,-1.8094235367855132
04/11/2021 17:14:00,0.881,66,13.7,31,996.36,1,1,2,53.808669394094125,-1.8094015783085629
04/11/2021 17:15:00,0.859,67,13.8,31,996.56,1,1,2,53.80861197080642,-1.809411236135935
04/11/2021 17:16:00,0.873,67,13.8,31,996.55,1,1,2,53.80875361073723,-1.809100488290518
04/11/2021 17:17:00,0.817,69,13.7,30,996.84,1,1,2,53.808625700186596,-1.808385849026224
04/11/2021 17:18:00,0.777,70,13.7,31,996.8,1,1,2,53.80862544267023,-1.8084229527580138
04/11/2021 17:19:00,0.889,66,13.7,31,996.62,1,1,2,53.808276192282165,-1.80815628028774
04/11/2021 17:20:00,0.979,63,13.7,32,996.6,1,1,2,53.80847933127671,-1.8079509496205168
04/11/2021 17:21:00,1.086,59,13.7,32,996.8,1,1,2,53.80840184673103,-1.807258186328142
04/11/2021 17:22:00,1.155,56,13.5,33,996.61,1,1,2,53.80846140864076,-1.806966337243144
04/11/2021 17:23:00,1.199,55,13.4,33,996.79,1,1,2,53.80838606599464,-1.8073240863161784
04/11/2021 17:24:00,1.184,55,13.2,32,997.21,1,1,2,53.808285429794786,-1.80700373541171
04/11/2021 17:25:00,1.271,52,13.1,33,996.74,1,1,2,53.80840083529558,-1.8071913913992141
04/11/2021 17:26:00,1.26,52,13.0,33,996.24,1,1,2,53.80803957912284,-1.8070777152565887
04/11/2021 17:27:00,1.261,52,13.0,33,996.24,1,1,2,53.808053904496795,-1.8070865494790533
04/11/2021 17:28:00,1.273,52,13.0,31,996.12,1,1,2,53.80779111654873,-1.807388002634327
04/11/2021 17:29:00,1.266,52,13.0,31,996.69,1,1,2,53.8076840608834,-1.8067091124433865
04/11/2021 17:30:00,1.297,51,12.7,32,996.74,1,1,2,53.80764886459599,-1.8067264434275243
04/11/2021 17:31:00,1.229,53,12.8,32,996.96,1,1,2,53.80782910079658,-1.807271443538448
04/11/2021 17:32:00,1.219,54,12.9,32,996.72,1,1,2,53.807803213675435,-1.8073890214165842
04/11/2021 17:33:00,1.301,51,12.9,31,996.98,1,1,2,53.80768449076995,-1.8073949525966517
04/11/2021 17:34:00,1.3,51,12.9,30,997.1,1,1,2,53.80762669160651,-1.8069057717755093
04/11/2021 17:35:00,1.327,50,12.9,30,997.42,1,1,2,53.80776903012254,-1.806877577391634
04/11/2021 17:36:00,1.322,50,13.0,30,997.24,1,1,2,53.80797474049876,-1.8069945945075552
04/11/2021 17:37:00,1.364,48,12.9,30,997.19,1,1,2,53.80825396803474,-1.8072343984672286
04/11/2021 17:38:00,1.431,46,12.8,30,997.58,1,1,2,53.80813499357654,-1.8073489617702836
04/11/2021 17:39:00,1.413,47,12.9,30,997.25,1,1,2,53.808003704017665,-1.8072971880709834
04/11/2021 17:40:00,1.418,46,12.8,32,997.1,1,1,2,53.80803957493934,-1.8072587101811237
04/11/2021 17:41:00,1.454,45,12.9,32,997.17,1,1,2,53.8079339966,-1.8073173086192489
04/11/2021 17:42:00,1.363,48,13.0,33,997.28,1,1,2,53.807574132165996,-1.8070972219137393
04/11/2021 17:43:00,1.45,45,13.0,32,997.04,1,1,2,53.807548621086475,-1.8067997820637731
04/11/2021 17:44:00,1.483,44,12.9,32,996.99,1,1,2,53.80742789223657,-1.8065579731717036
04/11/2021 17:45:00,1.442,45,12.9,31,996.87,1,1,2,53.80742079127923,-1.8069395108870874
04/11/2021 17:46:00,1.455,45,12.9,30,996.8,1,1,2,53.807153528076796,-1.8067199132264746
04/11/2021 17:47:00,1.498,43,12.8,31,996.65,1,1,2,53.807195981699536,-1.8070039814638326
04/11/2021 17:48:00,1.518,43,12.7,31,996.87,3,9,21,53.80742552082199,-1.8066695870320968
04/11/2021 17:49:00,1.556,41,12.7,30,996.63,3,9,22,53.807433343458904,-1.8065845768423365
04/11/2021 17:50:00,1.692,36,12.7,30,996.75,,,,53.807455637533444,-1.8067988185615842
04/11/2021 17:51:00,1.704,36,12.8,32,997.0,4,11,20,53.80743030866782,-1.8064067465213598
04/11/2021 17:52:00,1.679,37,12.8,31,997.17,4,13,21,53.80736396517813,-1.8061794648714817
04/11/2021 17:53:00,1.696,36,12.7,32,997.02,3,13,22,53.80739342511787,-1.8065982679752497
04/11/2021 17:54:00,1.68,37,12.6,32,997.12,3,13,22,53.80711746525601,-1.8060995207102615
04/11/2021 17:55:00,1.605,39,12.6,32,997.33,5,15,22,53.806857569538934,-1.8065637442503888
04/11/2021 17:56:00,1.644,38,12.6,32,996.95,6,16,22,53.80684121367631,-1.8066834168138441
04/11/2021 17:57:00,1.549,41,12.6,32,996.91,6,16,22,53.806871579767666,-1.8067182988815251
04/11/2021 17:58:00,1.489,44,12.6,33,997.1,5,14,22,53.80707220463518,-1.8070587528266597
04/11/2021 17:59:00,1.481,44,12.7,33,997.04,6,13,22,53.80690883060351,-1.8075447019223745
04/11/2021 18:00:00,1.507,43,12.5,32,997.0,6,13,23,53.806558779584186,-1.8077717881002848
04/11/2021 18:01:00,1.487,44,12.5,33,996.76,4,14,25,53.806413465789305,-1.8080215092665564
04/11/2021 18:02:00,1.478,44,12.6,33,996.81,4,12,24,53.80616565113304,-1.8082903402620372
04/11/2021 18:03:00,1.493,44,12.6,33,996.52,2,12,24,53.80627811839505,-1.8082772765476396
04/11/2021 18:04:00,1.491,44,12.6,33,996.4,2,13,25,53.80626410998173,-1.8084561331670035
04/11/2021 18:05:00,1.469,44,12.5,33,996.51,3,13,25,53.806391412904574,-1.8083732549313387
04/11/2021 18:06:00,1.513,43,12.4,33,996.81,3,12,25,53.806220016409384,-1.8081253198371676
04/11/2021 18:07:00,1.551,41,12.3,33,996.83,3,10,25,53.80632979775892,-1.8085589822733426
04/11/2021 18:08:00,1.599,40,12.4,32,997.21,3,12,25,53.806647070323486,-1.8089530551339386
04/11/2021 18:09:00,1.667,37,12.2,31,997.16,4,12,25,53.80630023399114,-1.8087388900192876
04/11/2021 18:10:00,1.637,38,12.2,32,997.15,6,13,25,53.806141227006854,-1.808835485583652
04/11/2021 18:11:00,1.638,38,12.2,32,997.01,6,14,26,53.80584418455964,-1.8083735373225749
04/11/2021 18:12:00,1.637,38,12.3,32,996.94,5,13,26,53.805617141513814,-1.808480582527101
04/11/2021 18:13:00,1.681,36,12.3,30,997.01,4,14,26,53.805602198087286,-1.8083444009813772
04/11/2021 18:14:00,1.753,34,12.3,30,997.26,4,14,25,53.80554947260403,-1.8082187487610946
04/11/2021 18:15:00,1.75,34,12.3,30,997.49,3,12,24,53.805700380476765,-1.8084276568484605
04/11/2021 18:16:00,1.841,30,12.3,31,997.85,4,13,25,53.805706387086936,-1.8082982985193907
04/11/2021 18:17:00,1.879,29,12.3,30,997.89,5,14,25,53.80567747776725,-1.8083054526201823
04/11/2021 18:18:00,1.859,30,12.3,30,998.1,7,13,24,53.805719462801804,-1.8085898150703725
04/11/2021 18:19:00,1.902,28,12.2,32,998.23,4,10,24,53.805608637530824,-1.8092713176228161
04/11/2021 18:20:00,1.867,29,12.3,33,997.82,4,10,25,53.80527579123834,-1.809553700225956
04/11/2021 18:21:00,1.791,32,12.4,32,997.63,4,9,24,53.805403908833384,-1.8092073289213104
04/11/2021 18:22:00,1.824,31,12.3,31,997.79,6,11,25,53.805413361660975,-1.80903855095438
04/11/2021 18:23:00,1.814,31,12.3,32,998.2,5,9,23,53.80532302735399,-1.8083965728513085
04/11/2021 18:24:00,1.729,35,12.4,33,998.32,5,9,24,53.80531890001899,-1.808391601974043
04/11/2021 18:25:00,1.73,35,12.3,33,998.38,7,11,23,53.80550839809879,-1.8081441025274125
04/11/2021 18:26:00,1.715,35,12.3,34,998.22,8,11,23,53.8054726489744,-1.8074946678440935
04/11/2021 18:27:00,1.816,31,12.3,34,998.46,9,13,22,53.80561845351569,-1.8073178774385217
04/11/2021 18:28:00,1.856,30,12.3,35,997.87,9,13,23,53.8056140716531,-1.8073367696813931
04/11/2021 18:29:00,1.945,27,12.4,36,998.19,9,13,24,53.80548532896762,-1.8070527563197996
04/11/2021 18:30:00,1.884,29,12.4,37,997.73,10,15,24,53.80520107244524,-1.806780445355144
04/11/2021 18:31:00,1.888,29,12.5,36,997.66,11,17,26,53.805417863559356,-1.8071625373114657
04/11/2021 18:32:00,1.897,28,12.6,35,997.61,11,17,26,53.80537173913303,-1.8071743620699976
04/11/2021 18:33:00,1.919,28,12.5,36,997.57,10,17,27,53.80529656442716,-1.8071473660643493
04/11/2021 18:34:00,1.994,25,12.5,35,997.43,10,15,26,53.80536300649078,-1.807035640636728
04/11/2021 18:35:00,1.977,25,12.5,34,997.18,,,,53.805612572665346,-1.806528736761822
04/11/2021 18:36:00,1.951,26,12.5,34,997.0,10,14,26,53.80577182884202,-1.8064539159809911
04/11/2021 18:37:00,1.986,25,12.5,35,996.69,9,15,27,53.80609414176565,-1.8069576957208409
04/11/2021 18:38:00,1.962,26,12.6,34,996.63,10,16,28,53.806157017925344,-1.8072845846314074
04/11/2021 18:39:00,1.834,31,12.6,33,996.49,14,19,29,53.806124132526705,-1.807431835161679
04/11/2021 18:40:00,1.883,29,12.7,33,995.92,17,24,30,53.80608420931914,-1.807692001924281
04/11/2021 18:41:00,1.965,26,12.6,33,995.72,19,26,30,53.80573969342671,-1.807295415659251
04/11/2021 18:42:00,1.916,28,12.6,33,995.55,20,25,30,53.80602103237907,-1.8076025362400174
04/11/2021 18:43:00,1.934,27,12.6,34,995.59,18,24,29,53.80605920061414,-1.807600709569728
04/11/2021 18:44:00,1.868,29,12.7,34,995.77,15,20,29,53.80628159751625,-1.8079018282742803
04/11/2021 18:45:00,1.853,30,12.7,32,995.78,15,21,28,53.8060524195685,-1.8083572732348878
04/11/2021 18:46:00,1.85,30,12.6,31,995.61,15,21,29,53.80612076870418,-1.8081947981962476
04/11/2021 18:47:00,1.812,32,12.6,31,995.99,16,23,30,53.806407276442656,-1.8079521850329605
04/11/2021 18:48:00,1.796,32,12.7,34,995.97,13,19,29,53.80642573898288,-1.8076630214827751
04/11/2021 18:49:00,1.779,33,12.7,34,995.97,13,16,28,53.8067564023607,-1.8080604251271735
04/11/2021 18:50:00,1.774,33,12.6,35,995.85,13,16,29,53.80645671333516,-1.8081530999449418
04/11/2021 18:51:00,1.802,32,12.6,35,995.92,12,15,30,53.80629182684448,-1.8082045951659145
04/11/2021 18:52:00,1.847,30,12.6,35,995.78,11,15,30,53.80618623752157,-1.8083336353494346
04/11/2021 18:53:00,1.944,27,12.6,36,995.44,12,16,31,53.80613817721732,-1.808484683217482
04/11/2021 18:54:00,1.943,27,12.8,36,995.11,12,16,31,53.805948158765574,-1.8090036236264941
04/11/2021 18:55:00,1.911,28,12.8,36,994.98,12,16,30,53.806045118226955,-1.8089541769927737
04/11/2021 18:56:00,1.879,29,12.9,36,995.02,11,16,30,53.806038167475855,-1.8093332339452164
04/11/2021 18:57:00,1.818,31,13.2,36,995.33,9,13,30,53.805781840954836,-1.8090126207612172
04/11/2021 18:58:00,1.768,33,13.1,35,995.28,11,16,30,53.805686225077984,-1.8087996242878899
04/11/2021 18:59:00,1.791,32,13.4,35,995.27,11,16,31,53.80572779846152,-1.8083922319745878
04/11/2021 19:00:00,1.783,33,13.4,35,994.94,11,15,31,53.80569427395241,-1.8078814196036412
04/11/2021 19:01:00,1.772,33,13.4,35,995.33,10,14,31,53.80539361164716,-1.8083045570237015
04/11/2021 19:02:00,1.798,32,13.3,36,995.41,9,13,32,53.805098033373056,-1.8079051357055096
04/11/2021 19:03:00,1.753,34,13.3,36,995.3,9,15,31,53.805364309124016,-1.8074779874556262
04/11/2021 19:04:00,1.681,36,13.3,35,995.45,9,14,31,53.805580305966664,-1.8075277396735496
04/11/2021 19:05:00,1.742,34,13.4,34,995.96,8,12,32,,
04/11/2021 19:06:00,1.733,35,13.5,34,995.97,7,11,30,,
04/11/2021 19:07:00,1.715,35,13.7,35,995.87,7,13,30,,
04/11/2021 19:08:00,1.723,35,13.6,34,995.88,,,,,
04/11/2021 19:09:00,1.798,32,13.7,34,995.9,7,12,29,,
04/11/2021 19:10:00,1.797,32,13.9,36,995.88,7,10,28,,
04/11/2021 19:11:00,1.734,34,13.9,36,995.46,,,,,
04/11/2021 19:12:00,1.791,32,14.0,34,995.89,6,9,27,,
04/11/2021 19:13:00,1.8,32,14.2,34,996.08,6,10,27,,
04/11/2021 19:14:00,1.859,30,14.1,34,995.97,5,9,26,,
04/11/2021 19:15:00,1.847,30,14.4,34,995.21,5,9,26,,
04/11/2021 19:16:00,1.862,30,14.4,33,994.63,5,10,26,,
04/11/2021 19:17:00,1.911,28,14.5,33,994.84,6,12,26,,
04/11/2021 19:18:00,1.97,26,14.4,34,994.98,6,12,27,,
04/11/2021 19:19:00,1.909,28,14.2,34,995.3,5,11,26,,
04/11/2021 19:20:00,1.876,29,14.1,33,995.27,5,12,27,,
04/11/2021 19:21:00,1.827,31,14.1,33,995.84,6,13,27,,
04/11/2021 19:22:00,1.749,34,14.2,32,995.62,6,14,28,,
04/11/2021 19:23:00,1.773,33,14.1,31,995.62,5,15,28,,
04/11/2021 19:24:00,1.805,32,14.1,30,995.29,5,16,28,,
04/11/2021 19:25:00,1.729,35,14.2,30,995.22,4,14,28,,
04/11/2021 19:26:00,1.776,33,14.3,32,995.39,3,14,28,,
04/11/2021 19:27:00,1.712,35,14.3,32,995.71,4,14,28,,
04/11/2021 19:28:00,1.749,34,14.2,33,996.6,4,15,27,,
04/11/2021 19:29:00,1.662,37,14.1,33,996.0,4,12,27,,
04/11/2021 19:30:00,1.767,33,14.0,33,995.51,3,11,27,,
04/11/2021 19:31:00,1.827,31,13.9,33,995.68,4,13,27,,
04/11/2021 19:32:00,1.81,32,14.0,33,995.85,5,14,27,,
04/11/2021 19:33:00,1.803,32,13.9,32,996.06,5,15,27,,
04/11/2021 19:34:00,1.828,31,13.9,31,996.01,4,12,26,,
04/11/2021 19:35:00,1.9,28,13.8,31,995.46,4,13,27,,
04/11/2021 19:36:00,1.935,27,13.8,33,995.42,3,12,26,,
04/11/2021 19:37:00,1.946,27,13.8,32,995.12,3,10,27,,
04/11/2021 19:38:00,1.899,28,13.7,32,994.85,2,11,27,,
04/11/2021 19:39:00,1.878,29,13.7,33,994.89,2,11,27,,
04/11/2021 19:40:00,1.843,30,13.6,35,994.63,2,10,27,,
04/11/2021 19:41:00,1.94,27,13.7,34,994.4,2,11,28,,
04/11/2021 19:42:00,1.948,26,13.6,33,994.41,2,10,28,,
04/11/2021 19:43:00,1.951,26,13.7,32,994.51,2,9,28,,
04/11/2021 19:44:00,1.968,26,13.7,32,994.36,2,8,29,,
04/11/2021 19:45:00,1.93,27,13.6,33,994.16,3,9,29,,
04/11/2021 19:46:00,1.848,30,13.6,33,993.96,3,10,29,,
04/11/2021 19:47:00,1.781,33,13.6,33,994.65,3,8,29,,
04/11/2021 19:48:00,1.839,31,13.6,32,994.66,3,9,30,,
04/11/2021 19:49:00,1.781,33,13.7,32,994.66,5,10,30,,
04/11/2021 19:50:00,1.783,33,13.7,31,994.75,5,11,30,,
04/11/2021 19:51:00,1.813,32,13.9,30,994.52,4,11,30,,
04/11/2021 19:52:00,1.817,31,14.2,31,994.47,4,10,30,,
04/11/2021 19:53:00,1.792,32,14.2,30,994.91,5,12,30,,
04/11/2021 19:54:00,1.819,31,14.1,30,995.1,5,12,29,,
04/11/2021 19:55:00,1.796,32,14.1,31,995.16,5,11,30,,
04/11/2021 19:56:00,1.827,31,14.3,32,995.7,4,8,29,,
04/11/2021 19:57:00,1.823,31,14.3,31,995.51,4,8,30,,
04/11/2021 19:58:00,1.85,30,14.4,32,995.68,5,9,29,,
04/11/2021 19:59:00,1.891,29,14.5,32,995.67,,,,,
04/11/2021 20:00:00,1.963,26,14.5,32,995.62,5,12,29,,
04/11/2021 20:01:00,1.897,28,14.5,31,995.44,6,12,29,,
04/11/2021 20:02:00,1.923,27,14.4,31,995.27,6,13,29,,
04/11/2021 20:03:00,1.928,27,14.4,31,995.02,6,13,28,,
04/11/2021 20:04:00,1.87,29,14.1,32,994.55,6,12,29,,
04/11/2021 20:05:00,1.801,32,14.0,31,994.73,5,10,28,,
04/11/2021 20:06:00,1.749,34,14.1,31,994.69,4,8,26,,
04/11/2021 20:07:00,1.758,34,14.1,31,994.72,5,9,26,,
04/11/2021 20:08:00,1.718,35,14.0,30,994.52,5,10,26,,
04/11/2021 20:09:00,1.749,34,14.0,30,994.58,5,9,26,,
04/11/2021 20:10:00,1.752,34,14.0,31,994.59,4,8,26,,
04/11/2021 20:11:00,1.675,37,14.0,31,994.66,3,8,26,,
04/11/2021 20:12:00,1.652,38,13.8,32,995.01,3,8,26,,
04/11/2021 20:13:00,1.735,34,13.7,31,995.59,4,9,27,,
04/11/2021 20:14:00,1.736,34,13.6,32,995.27,,,,,
04/11/2021 20:15:00,1.82,31,13.7,33,995.37,4,10,26,,
04/11/2021 20:16:00,1.732,35,13.7,34,995.46,,,,,
04/11/2021 20:17:00,1.685,36,13.9,34,995.72,4,10,25,,
04/11/2021 20:18:00,1.677,37,14.0,34,995.83,4,11,27,,
04/11/2021 20:19:00,1.658,37,14.1,35,996.19,4,12,27,,
04/11/2021 20:20:00,1.675,37,14.0,33,996.23,3,15,26,,
04/11/2021 20:21:00,1.708,35,14.0,33,996.26,3,14,26,,
04/11/2021 20:22:00,1.834,31,14.0,34,996.13,3,12,26,,
04/11/2021 20:23:00,1.844,30,13.9,33,996.53,3,11,26,,
04/11/2021 20:24:00,1.938,27,13.9,34,996.99,2,9,27,,
04/11/2021 20:25:00,1.985,25,13.9,35,997.12,3,10,28,,
04/11/2021 20:26:00,1.961,26,13.8,35,997.03,3,10,28,,
04/11/2021 20:27:00,1.947,27,13.8,35,996.69,3,12,28,,
04/11/2021 20:28:00,1.954,26,13.7,35,996.52,3,10,30,,
04/11/2021 20:29:00,1.853,30,13.8,35,996.57,3,10,30,,
04/11/2021 20:30:00,1.914,28,13.9,36,996.54,3,11,31,,
04/11/2021 20:31:00,1.914,28,13.9,36,996.72,3,15,32,,
04/11/2021 20:32:00,1.837,31,13.8,36,996.8,2,13,31,,
04/11/2021 20:33:00,1.803,32,13.8,37,997.05,3,10,31,,
04/11/2021 20:34:00,1.807,32,13.7,38,996.99,2,9,30,,
04/11/2021 20:35:00,1.851,30,13.6,37,997.02,2,10,30,,
04/11/2021 20:36:00,1.876,29,13.5,36,996.76,3,12,29,,
04/11/2021 20:37:00,1.89,29,13.4,37,996.61,3,11,29,,
04/11/2021 20:38:00,1.864,30,13.2,37,996.58,3,10,28,,
04/11/2021 20:39:00,1.839,31,13.1,36,996.35,4,12,28,,
04/11/2021 20:40:00,1.894,28,13.1,36,996.35,4,13,29,,
04/11/2021 20:41:00,1.874,29,13.2,37,996.23,4,12,29,,
04/11/2021 20:42:00,1.846,30,13.1,38,996.37,5,14,30,,
04/11/2021 20:43:00,1.835,31,13.2,35,996.64,5,13,30,,
04/11/2021 20:44:00,1.78,33,13.1,35,996.36,8,15,30,,
04/11/2021 20:45:00,1.834,31,13.0,36,996.53,7,16,29,,
04/11/2021 20:46:00,1.887,29,13.0,35,996.57,9,18,30,,
04/11/2021 20:47:00,1.843,30,13.0,35,996.6,9,17,31,,
04/11/2021 20:48:00,1.791,32,13.1,35,996.87,10,19,31,,
04/11/2021 20:49:00,1.833,31,13.2,35,996.62,10,19,32,,
04/11/2021 20:50:00,1.791,32,13.3,37,996.28,12,21,32,,
04/11/2021 20:51:00,1.888,29,13.4,38,996.02,13,19,31,,
04/11/2021 20:52:00,1.954,26,13.3,37,995.45,14,21,32,,
04/11/2021 20:53:00,1.941,27,13.4,37,995.7,15,23,32,,
04/11/2021 20:54:00,1.952,26,13.5,37,995.45,14,21,31,,
04/11/2021 20:55:00,1.972,26,13.5,36,995.34,14,23,32,,
04/11/2021 20:56:00,1.917,28,13.6,36,995.24,14,23,32,,
04/11/2021 20:57:00,1.933,27,13.5,37,995.29,13,22,31,,
04/11/2021 20:58:00,1.836,31,13.6,37,995.74,14,22,31,,
04/11/2021 20:59:00,1.778,33,13.7,36,995.88,14,24,32,,
04/11/2021 21:00:00,1.772,33,13.8,36,995.57,17,27,33,,
04/11/2021 21:01:00,1.884,29,13.9,35,995.57,16,25,33,,
04/11/2021 21:02:00,1.844,30,14.0,35,995.46,17,24,32,,
04/11/2021 21:03:00,1.771,33,13.9,35,995.62,15,23,32,,
04/11/2021 21:04:00,1.805,32,13.9,35,995.54,14,23,33,,
04/11/2021 21:05:00,1.828,31,13.8,35,995.73,17,24,32,,
04/11/2021 21:06:00,1.823,31,13.8,34,995.74,18,24,32,,
04/11/2021 21:07:00,1.756,34,13.7,36,995.63,16,22,32,,
04/11/2021 21:08:00,1.772,33,13.9,37,995.53,16,22,32,,
04/11/2021 21:09:00,1.706,36,14.1,38,995.46,18,23,31,,
04/11/2021 21:10:00,1.749,34,14.1,40,995.23,19,23,32,,
04/11/2021 21:11:00,1.741,34,14.1,39,995.34,18,22,32,,
04/11/2021 21:12:00,1.789,32,14.3,39,995.26,16,21,33,,
04/11/2021 21:13:00,1.839,31,14.3,39,995.12,16,21,33,,
04/11/2021 21:14:00,1.834,31,14.2,40,994.92,14,18,33,,
04/11/2021 21:15:00,1.857,30,14.2,40,995.28,15,20,34,,
04/11/2021 21:16:00,1.894,28,14.2,40,995.12,16,19,35,,
04/11/2021 21:17:00,1.936,27,14.3,40,995.35,16,22,36,,
04/11/2021 21:18:00,1.992,25,14.2,41,994.85,17,21,36,,
04/11/2021 21:19:00,1.902,28,14.1,42,994.8,19,23,36,,
04/11/2021 21:20:00,1.783,33,14.1,42,994.95,20,24,36,,
04/11/2021 21:21:00,1.732,35,14.0,42,994.55,21,25,35,,
04/11/2021 21:22:00,1.756,34,14.1,42,994.46,23,28,36,,
04/11/2021 21:23:00,1.846,30,14.2,42,994.74,20,26,35,,
04/11/2021 21:24:00,1.903,28,14.2,42,994.24,20,25,35,,
04/11/2021 21:25:00,1.894,28,14.2,43,994.89,19,24,35,,
04/11/2021 21:26:00,1.908,28,14.1,43,994.63,20,26,35,,
04/11/2021 21:27:00,2.0,25,14.2,43,994.77,21,25,35,,
04/11/2021 21:28:00,1.98,25,14.3,43,994.48,20,25,35,,
04/11/2021 21:29:00,1.95,26,14.2,44,994.37,19,24,36,,
04/11/2021 21:30:00,1.898,28,14.2,43,994.15,16,22,36,,
04/11/2021 21:31:00,1.809,32,14.2,43,994.1,18,22,36,,
04/11/2021 21:32:00,1.825,31,14.1,44,994.01,19,24,36,,
04/11/2021 21:33:00,1.811,32,14.1,45,993.91,19,25,37,,
04/11/2021 21:34:00,1.749,34,14.1,44,993.65,19,23,36,,
04/11/2021 21:35:00,1.801,32,14.0,45,993.07,14,19,36,,
04/11/2021 21:36:00,1.789,32,14.0,46,993.16,15,20,36,,
04/11/2021 21:37:00,1.764,33,13.9,47,992.93,14,21,38,,
04/11/2021 21:38:00,1.809,32,14.0,46,992.7,14,19,39,,
04/11/2021 21:39:00,1.729,35,14.0,45,992.7,15,18,39,,
04/11/2021 21:40:00,1.69,36,14.1,45,992.89,14,18,38,,
04/11/2021 21:41:00,1.606,39,13.9,46,993.0,17,20,38,,
04/11/2021 21:42:00,1.6,40,13.8,47,993.15,14,19,38,,
04/11/2021 21:43:00,1.505,43,13.9,48,992.99,14,19,39,,
04/11/2021 21:44:00,1.455,45,14.0,48,993.03,14,18,40,,
04/11/2021 21:45:00,1.44,46,13.9,48,993.37,12,16,40,,
04/11/2021 21:46:00,1.514,43,14.0,47,993.46,12,17,39,,
04/11/2021 21:47:00,1.433,46,14.0,46,993.38,12,18,39,,
04/11/2021 21:48:00,1.474,44,14.1,47,993.46,12,19,40,,
04/11/2021 21:49:00,1.521,42,14.0,46,993.14,12,19,41,,
04/11/2021 21:50:00,1.482,44,13.9,46,993.5,10,16,41,,
04/11/2021 21:51:00,1.445,45,13.9,45,993.86,12,20,42,,
04/11/2021 21:52:00,1.399,47,14.1,45,993.7,11,21,41,,
04/11/2021 21:53:00,1.386,48,14.0,44,993.4,11,22,41,,
04/11/2021 21:54:00,1.458,45,14.1,43,993.75,10,22,41,,
04/11/2021 21:55:00,1.512,43,14.1,44,993.33,8,21,40,,
04/11/2021 21:56:00,1.51,43,14.1,43,993.3,10,20,41,,
04/11/2021 21:57:00,1.521,42,13.8,43,992.62,9,22,41,,
04/11/2021 21:58:00,1.561,41,13.7,43,992.69,10,22,41,,
04/11/2021 21:59:00,1.588,40,13.8,44,992.4,12,24,41,,
04/11/2021 22:00:00,1.63,38,13.8,43,992.24,11,22,40,,
04/11/2021 22:01:00,1.682,36,13.7,43,992.3,11,21,40,,
04/11/2021 22:02:00,1.672,37,13.7,43,992.32,11,19,40,,
04/11/2021 22:03:00,1.676,37,13.7,43,992.66,11,19,40,,
04/11/2021 22:04:00,1.821,31,13.7,43,992.29,12,21,39,,
04/11/2021 22:05:00,1.809,32,13.6,43,992.25,12,19,39,,
04/11/2021 22:06:00,1.85,30,13.4,42,991.82,12,21,37,,
04/11/2021 22:07:00,1.724,35,13.6,42,991.43,13,22,39,,
04/11/2021 22:08:00,1.75,34,13.6,43,991.44,11,20,38,,
04/11/2021 22:09:00,1.806,32,13.4,42,991.33,10,21,38,,
04/11/2021 22:10:00,1.731,35,13.5,42,991.01,9,18,37,,
04/11/2021 22:11:00,1.825,31,13.6,43,990.68,11,19,38,,
04/11/2021 22:12:00,1.824,31,13.4,42,990.5,12,20,39,,
04/11/2021 22:13:00,1.747,34,13.3,42,990.22,12,21,39,,
04/11/2021 22:14:00,1.751,34,13.3,41,990.28,13,24,39,,
04/11/2021 22:15:00,1.782,33,13.1,41,990.2,15,24,40,,
04/11/2021 22:16:00,1.762,33,13.1,42,990.14,16,25,40,,
04/11/2021 22:17:00,1.738,34,13.2,41,990.56,18,26,40,,
04/11/2021 22:18:00,1.783,33,13.4,42,990.43,19,28,39,,
04/11/2021 22:19:00,1.752,34,13.5,41,990.76,24,31,41,,
04/11/2021 22:20:00,1.874,29,13.5,41,991.23,20,30,41,,
04/11/2021 22:21:00,1.819,31,13.6,40,991.54,19,28,41,,
04/11/2021 22:22:00,1.87,29,13.3,40,991.67,19,30,41,,
04/11/2021 22:23:00,1.852,30,13.5,39,991.88,18,27,42,,
04/11/2021 22:24:00,1.745,34,13.5,39,991.59,16,24,42,,
04/11/2021 22:25:00,1.709,35,13.3,38,991.74,15,22,41,,
04/11/2021 22:26:00,1.616,39,13.3,36,991.45,14,22,42,,
04/11/2021 22:27:00,1.627,38,13.2,36,991.72,13,22,42,,
04/11/2021 22:28:00,1.621,39,13.2,36,991.83,12,21,42,,
04/11/2021 22:29:00,1.609,39,13.2,37,991.42,14,24,43,,
04/11/2021 22:30:00,1.56,41,13.3,36,991.28,12,23,42,,
04/11/2021 22:31:00,1.544,42,13.2,35,991.34,12,22,41,,
04/11/2021 22:32:00,1.553,41,13.3,34,991.13,8,20,41,,
04/11/2021 22:33:00,1.545,42,13.2,33,991.33,8,20,41,,
04/11/2021 22:34:00,1.598,40,13.2,32,991.19,9,21,42,,
04/11/2021 22:35:00,1.629,38,13.2,32,991.22,9,19,43,,
04/11/2021 22:36:00,1.673,37,13.2,32,991.02,8,18,43,,
04/11/2021 22:37:00,1.522,42,13.3,33,991.34,11,22,44,,
04/11/2021 22:38:00,1.478,44,13.4,32,991.06,11,23,44,,
04/11/2021 22:39:00,1.48,44,13.3,32,990.96,11,23,44,,
04/11/2021 22:40:00,1.528,42,13.1,33,990.98,9,22,45,,
04/11/2021 22:41:00,1.613,39,13.2,32,990.95,8,23,44,,
04/11/2021 22:42:00,1.593,40,13.3,33,990.52,11,26,44,,
04/11/2021 22:43:00,1.608,39,13.4,34,990.44,13,28,46,,
04/11/2021 22:44:00,1.551,41,13.4,34,990.44,12,29,47,,
04/11/2021 22:45:00,1.562,41,13.4,36,990.4,13,28,47,,
04/11/2021 22:46:00,1.479,44,13.4,35,990.2,11,28,47,,
04/11/2021 22:47:00,1.5,43,13.5,36,990.49,12,27,47,,
04/11/2021 22:48:00,1.5,43,13.5,36,990.59,14,29,47,,
04/11/2021 22:49:00,1.493,44,13.5,37,990.45,13,27,47,,
04/11/2021 22:50:00,1.523,42,13.7,37,990.91,13,26,47,,
04/11/2021 22:51:00,1.508,43,13.9,37,990.59,13,28,47,,
04/11/2021 22:52:00,1.547,41,13.8,37,990.86,12,27,47,,
04/11/2021 22:53:00,1.635,38,13.9,36,990.81,13,31,48,,
04/11/2021 22:54:00,1.51,43,14.0,36,990.63,14,27,48,,
04/11/2021 22:55:00,1.454,45,14.1,35,991.06,11,25,48,,
04/11/2021 22:56:00,1.479,44,13.9,34,991.0,12,24,49,,
04/11/2021 22:57:00,1.587,40,13.8,34,991.31,13,28,51,,
04/11/2021 22:58:00,1.559,41,13.9,35,991.57,10,28,50,,
04/11/2021 22:59:00,1.473,44,14.0,35,991.74,12,30,52,,
04/11/2021 23:00:00,1.428,46,13.9,36,991.65,14,34,53,,
04/11/2021 23:01:00,1.39,47,13.9,37,991.85,14,33,53,,
04/11/2021 23:02:00,1.413,47,13.9,38,991.88,12,29,54,,
04/11/2021 23:03:00,1.365,48,13.9,36,991.75,9,24,53,,
04/11/2021 23:04:00,1.306,51,13.7,36,991.48,7,18,54,,
04/11/2021 23:05:00,1.357,49,13.7,36,991.6,5,17,52,,
04/11/2021 23:06:00,1.396,47,13.8,36,992.11,5,16,54,,
04/11/2021 23:07:00,1.36,49,13.9,37,992.17,7,17,54,,
04/11/2021 23:08:00,1.298,51,13.8,37,992.46,9,20,53,,
04/11/2021 23:09:00,1.452,45,13.7,37,992.55,9,22,54,,
04/11/2021 23:10:00,1.466,45,13.8,36,992.53,9,23,54,,
04/11/2021 23:11:00,1.423,46,13.9,36,992.31,9,23,54,,
04/11/2021 23:12:00,1.41,47,13.8,37,992.32,12,29,53,,
04/11/2021 23:13:00,1.43,46,13.9,37,992.1,9,22,52,,
04/11/2021 23:14:00,1.36,49,14.1,38,991.86,7,23,53,,
04/11/2021 23:15:00,1.388,47,13.9,38,991.93,6,25,53,,
04/11/2021 23:16:00,1.426,46,13.8,40,991.8,6,22,53,,
04/11/2021 23:17:00,1.441,45,14.0,39,991.47,7,21,54,,
04/11/2021 23:18:00,1.427,46,13.9,38,991.38,9,23,54,,
04/11/2021 23:19:00,1.45,45,14.0,39,991.81,7,20,53,,
04/11/2021 23:20:00,1.366,48,14.0,40,991.37,10,26,52,,
04/11/2021 23:21:00,1.466,45,14.0,39,991.18,9,26,52,,
04/11/2021 23:22:00,1.387,47,14.0,39,991.56,12,28,51,,
04/11/2021 23:23:00,1.359,49,14.0,39,991.35,12,33,51,,
04/11/2021 23:24:00,1.406,47,14.1,38,991.69,15,36,52,,
04/11/2021 23:25:00,1.481,44,13.9,37,991.44,,,,,
04/11/2021 23:26:00,1.484,44,13.9,36,991.4,15,32,51,,
04/11/2021 23:27:00,1.466,45,14.2,36,991.65,18,30,51,,
04/11/2021 23:28:00,1.437,46,14.2,35,991.52,20,29,52,,
04/11/2021 23:29:00,1.441,45,14.4,34,991.66,24,33,52,,
04/11/2021 23:30:00,1.465,45,14.4,35,991.61,23,33,52,,
04/11/2021 23:31:00,1.431,46,14.5,35,991.8,22,33,54,,
04/11/2021 23:32:00,1.419,46,14.6,36,991.58,24,34,54,,
04/11/2021 23:33:00,1.387,47,14.7,36,991.94,27,34,53,,
04/11/2021 23:34:00,1.435,46,14.7,36,992.08,24,31,53,,
04/11/2021 23:35:00,1.436,46,14.8,36,991.83,25,31,53,,
04/11/2021 23:36:00,1.417,46,14.9,37,991.38,25,32,53,,
04/11/2021 23:37:00,1.41,47,14.9,36,991.39,21,27,53,,
04/11/2021 23:38:00,1.387,47,14.9,37,991.47,20,27,54,,
04/11/2021 23:39:00,1.315,50,14.9,37,991.85,22,30,53,,
04/11/2021 23:40:00,1.306,51,14.9,37,992.02,22,32,52,,
04/11/2021 23:41:00,1.228,53,14.9,36,991.98,21,30,51,,
04/11/2021 23:42:00,1.229,53,14.9,36,991.91,23,32,53,,
04/11/2021 23:43:00,1.196,55,14.6,36,991.85,25,31,52,,
04/11/2021 23:44:00,1.214,54,14.7,37,991.79,22,28,52,,
04/11/2021 23:45:00,1.176,55,14.8,37,991.78,17,21,53,,
04/11/2021 23:46:00,1.23,53,14.6,37,991.73,20,24,53,,
04/11/2021 23:47:00,1.279,52,14.6,37,992.14,14,18,54,,
04/11/2021 23:48:00,1.238,53,14.4,37,992.26,14,16,55,,
04/11/2021 23:49:00,1.245,53,14.4,37,992.26,14,19,55,,
04/11/2021 23:50:00,1.286,51,14.4,37,992.43,15,20,54,,
04/11/2021 23:51:00,1.346,49,14.4,38,992.19,18,22,54,,
04/11/2021 23:52:00,1.298,51,14.4,38,992.29,17,24,52,,
04/11/2021 23:53:00,1.298,51,14.3,38,992.15,14,19,53,,
04/11/2021 23:54:00,1.256,52,14.2,38,992.34,10,15,52,,
04/11/2021 23:55:00,1.288,51,14.3,36,992.5,14,19,52,,
04/11/2021 23:56:00,1.314,50,14.2,36,992.34,19,24,52,,
04/11/2021 23:57:00,1.364,48,14.4,36,992.44,19,23,51,,
04/11/2021 23:58:00,1.408,47,14.3,36,992.25,19,22,51,,
04/11/2021 23:59:00,1.34,49,14.4,34,992.32,19,24,51,,
05/11/2021 00:00:00,1.299,51,14.2,34,991.95,18,23,52,,
05/11/2021 00:01:00,1.343,49,14.4,34,991.92,18,24,54,,
05/11/2021 00:02:00,1.382,48,14.6,34,991.69,19,26,54,,
05/11/2021 00:03:00,1.373,48,14.6,33,991.51,21,27,54,,
05/11/2021 00:04:00,1.329,50,14.7,33,991.33,25,31,55,,
05/11/2021 00:05:00,1.373,48,14.7,33,991.81,28,33,55,,
05/11/2021 00:06:00,1.428,46,14.7,33,991.56,26,32,55,,
05/11/2021 00:07:00,1.403,47,14.6,33,991.52,24,28,56,,
05/11/2021 00:08:00,1.425,46,14.6,34,991.87,20,25,56,,
05/11/2021 00:09:00,1.422,46,14.7,33,991.95,20,28,56,,
05/11/2021 00:10:00,1.364,48,14.5,34,991.74,18,26,56,,
05/11/2021 00:11:00,1.439,46,14.5,33,992.17,18,28,57,,
05/11/2021 00:12:00,1.42,46,14.6,33,991.84,16,26,55,,
05/11/2021 00:13:00,1.425,46,14.4,33,992.0,15,25,55,,
05/11/2021 00:14:00,1.429,46,14.4,33,991.51,16,26,55,,
05/11/2021 00:15:00,1.481,44,14.3,33,990.96,14,22,55,,
05/11/2021 00:16:00,1.51,43,14.2,33,990.67,13,20,56,,
05/11/2021 00:17:00,1.477,44,14.3,33,990.65,11,16,57,,
05/11/2021 00:18:00,1.498,43,14.5,34,990.63,13,19,58,,
05/11/2021 00:19:00,1.514,43,14.4,34,990.84,13,18,57,,
05/11/2021 00:20:00,1.524,42,14.4,35,990.78,13,18,57,,
05/11/2021 00:21:00,1.536,42,14.4,34,990.76,12,17,56,,
05/11/2021 00:22:00,1.458,45,14.4,34,991.05,12,16,57,,
05/11/2021 00:23:00,1.446,45,14.3,34,991.29,13,19,57,,
05/11/2021 00:24:00,1.454,45,14.1,34,991.14,12,17,56,,
05/11/2021 00:25:00,1.342,49,14.1,34,991.05,,,,,
05/11/2021 00:26:00,1.535,42,14.3,33,990.37,12,19,56,,
05/11/2021 00:27:00,1.604,39,14.2,34,990.49,10,17,55,,
05/11/2021 00:28:00,1.626,39,14.2,33,990.29,13,22,55,,
05/11/2021 00:29:00,1.607,39,14.0,34,990.49,12,23,56,,
05/11/2021 00:30:00,1.601,39,14.0,33,990.39,12,24,57,,
05/11/2021 00:31:00,1.655,37,14.1,32,990.34,14,23,57,,
05/11/2021 00:32:00,1.624,39,14.3,31,990.05,12,20,58,,
05/11/2021 00:33:00,1.668,37,14.4,31,990.1,13,20,56,,
05/11/2021 00:34:00,1.652,38,14.3,30,990.32,16,25,56,,
05/11/2021 00:35:00,1.638,38,14.2,31,990.03,17,30,57,,
05/11/2021 00:36:00,1.704,36,14.4,31,990.05,18,30,57,,
05/11/2021 00:37:00,1.748,34,14.3,31,990.3,13,23,56,,
05/11/2021 00:38:00,1.773,33,14.3,31,990.67,14,25,55,,
05/11/2021 00:39:00,1.774,33,14.2,32,990.69,16,26,55,,
05/11/2021 00:40:00,1.871,29,14.3,32,990.6,16,23,55,,
05/11/2021 00:41:00,1.859,30,14.3,31,990.44,16,25,55,,
05/11/2021 00:42:00,1.867,29,14.2,33,990.41,14,22,54,,
05/11/2021 00:43:00,1.941,27,14.5,34,989.79,14,24,56,,
05/11/2021 00:44:00,1.873,29,14.7,34,989.79,13,25,56,,
05/11/2021 00:45:00,1.92,28,14.6,32,989.67,11,22,56,,
05/11/2021 00:46:00,1.902,28,14.6,33,989.47,11,21,56,,
05/11/2021 00:47:00,1.96,26,14.4,33,989.72,9,20,54,,
05/11/2021 00:48:00,1.916,28,14.5,34,989.32,9,20,53,,
05/11/2021 00:49:00,1.917,28,14.3,34,989.19,10,20,53,,
05/11/2021 00:50:00,1.96,26,14.3,33,989.34,,,,,
05/11/2021 00:51:00,1.979,25,14.4,33,989.35,11,20,53,,
05/11/2021 00:52:00,1.864,30,14.5,33,989.75,12,21,53,,
05/11/2021 00:53:00,1.722,35,14.4,34,989.65,11,19,54,,
05/11/2021 00:54:00,1.689,36,14.5,35,989.62,13,20,55,,
05/11/2021 00:55:00,1.753,34,14.6,35,989.59,16,22,56,,
05/11/2021 00:56:00,1.746,34,14.5,36,989.35,17,21,55,,
05/11/2021 00:57:00,1.724,35,14.3,36,989.35,21,27,55,,
05/11/2021 00:58:00,1.716,35,14.3,37,989.95,18,27,56,,
05/11/2021 00:59:00,1.688,36,14.5,37,990.49,20,30,56,,
05/11/2021 01:00:00,1.701,36,14.5,35,990.72,17,30,55,,
05/11/2021 01:01:00,1.7,36,14.4,35,991.02,16,26,55,,
05/11/2021 01:02:00,1.701,36,14.4,34,991.29,18,28,55,,
05/11/2021 01:03:00,1.703,36,14.4,33,991.63,18,31,56,,
05/11/2021 01:04:00,1.702,36,14.6,34,991.21,20,32,57,,
05/11/2021 01:05:00,1.717,35,14.6,34,991.04,20,32,57,,
05/11/2021 01:06:00,1.708,35,14.5,35,991.13,18,30,56,,
05/11/2021 01:07:00,1.668,37,14.6,36,990.81,21,35,56,,
05/11/2021 01:08:00,1.759,34,14.6,36,990.65,23,36,56,,
05/11/2021 01:09:00,1.759,34,14.7,35,990.45,21,38,56,,
05/11/2021 01:10:00,1.816,31,14.6,36,990.45,22,40,56,,
05/11/2021 01:11:00,1.806,32,14.5,37,990.59,19,35,55,,
05/11/2021 01:12:00,1.802,32,14.5,35,990.84,17,33,55,,
05/11/2021 01:13:00,1.772,33,14.4,35,990.68,18,40,55,,
05/11/2021 01:14:00,1.752,34,14.6,36,990.61,20,44,54,,
05/11/2021 01:15:00,1.663,37,14.6,35,991.04,21,45,54,,
05/11/2021 01:16:00,1.702,36,14.5,36,990.89,24,44,55,,
05/11/2021 01:17:00,1.593,40,14.5,38,991.12,26,44,54,,
05/11/2021 01:18:00,1.581,40,14.5,38,991.36,27,44,53,,
05/11/2021 01:19:00,1.571,41,14.5,38,991.19,,,,,
05/11/2021 01:20:00,1.505,43,14.4,39,991.22,23,43,51,,
05/11/2021 01:21:00,1.457,45,14.4,39,991.33,18,41,51,,
05/11/2021 01:22:00,1.435,46,14.4,39,991.23,23,44,51,,
05/11/2021 01:23:00,1.459,45,14.4,39,990.75,22,42,51,,
05/11/2021 01:24:00,1.403,47,14.3,40,990.88,24,44,51,,
05/11/2021 01:25:00,1.421,46,14.3,39,991.13,21,41,51,,
05/11/2021 01:26:00,1.363,48,14.3,39,991.1,20,38,51,,
05/11/2021 01:27:00,1.307,50,14.4,39,991.19,22,38,50,,
05/11/2021 01:28:00,1.261,52,14.2,39,991.4,19,37,50,,
05/11/2021 01:29:00,1.257,52,14.3,40,991.35,20,36,49,,
05/11/2021 01:30:00,1.321,50,14.4,41,991.5,24,36,49,,
05/11/2021 01:31:00,1.322,50,14.6,41,991.45,20,33,49,,
05/11/2021 01:32:00,1.311,50,14.5,41,990.9,17,34,50,,
05/11/2021 01:33:00,1.297,51,14.5,42,990.69,17,35,49,,
05/11/2021 01:34:00,1.292,51,14.6,41,990.99,21,39,50,,
05/11/2021 01:35:00,1.275,52,14.7,40,991.06,23,39,50,,
05/11/2021 01:36:00,1.219,54,14.7,42,990.81,24,40,49,,
05/11/2021 01:37:00,1.251,53,14.6,43,991.32,23,37,48,,
05/11/2021 01:38:00,1.189,55,14.6,43,991.21,22,38,48,,
05/11/2021 01:39:00,1.194,55,14.5,44,991.54,27,39,49,,
05/11/2021 01:40:00,1.24,53,14.7,43,991.93,30,39,49,,
05/11/2021 01:41:00,1.204,54,14.7,43,991.32,31,39,50,,
05/11/2021 01:42:00,1.103,58,14.8,44,991.62,22,33,50,,
05/11/2021 01:43:00,0.978,63,14.7,44,991.49,22,30,50,,
05/11/2021 01:44:00,0.994,62,14.8,43,991.63,20,28,50,,
05/11/2021 01:45:00,0.981,63,14.8,44,991.75,20,27,51,,
05/11/2021 01:46:00,0.984,63,14.8,43,991.56,19,24,49,,
05/11/2021 01:47:00,1.03,61,15.0,42,992.07,17,24,49,,
05/11/2021 01:48:00,1.145,57,14.9,42,991.78,18,26,49,,
05/11/2021 01:49:00,1.114,58,14.9,42,992.04,20,27,49,,
05/11/2021 01:50:00,1.038,61,14.9,42,992.43,20,28,49,,
05/11/2021 01:51:00,1.063,60,14.9,41,992.36,21,30,49,,
05/11/2021 01:52:00,1.041,60,14.7,41,992.29,22,32,48,,
05/11/2021 01:53:00,0.979,63,14.7,40,992.26,22,31,48,,
05/11/2021 01:54:00,0.948,64,14.9,40,992.39,20,29,48,,
05/11/2021 01:55:00,0.924,65,14.8,40,992.37,23,33,50,,
05/11/2021 01:56:00,0.916,65,14.7,40,992.54,22,30,49,,
05/11/2021 01:57:00,0.89,66,14.7,41,992.5,23,31,50,,
05/11/2021 01:58:00,0.912,65,14.9,42,992.6,20,29,50,,
05/11/2021 01:59:00,0.927,65,14.7,42,992.67,22,29,50,,
05/11/2021 02:00:00,0.938,64,14.6,40,992.18,20,29,50,,
05/11/2021 02:01:00,0.922,65,14.5,42,991.73,19,27,50,,
05/11/2021 02:02:00,0.939,64,14.5,42,991.83,21,29,50,,
05/11/2021 02:03:00,0.971,63,14.6,43,991.71,18,29,51,,
05/11/2021 02:04:00,1.013,62,14.7,43,991.37,15,23,51,,
05/11/2021 02:05:00,0.965,63,14.7,43,991.5,16,23,51,,
05/11/2021 02:06:00,1.009,62,14.7,43,991.54,14,21,50,,
05/11/2021 02:07:00,0.969,63,14.6,44,991.81,15,23,51,,
05/11/2021 02:08:00,0.916,65,14.7,45,991.55,14,24,50,,
05/11/2021 02:09:00,0.833,68,14.7,45,991.86,13,24,50,,
05/11/2021 02:10:00,0.882,66,14.6,45,991.79,15,29,51,,
05/11/2021 02:11:00,0.924,65,14.7,46,991.79,12,25,51,,
05/11/2021 02:12:00,0.91,65,14.6,46,992.14,11,20,51,,
05/11/2021 02:13:00,0.888,66,14.7,46,992.43,,,,,
05/11/2021 02:14:00,0.912,65,14.7,46,992.9,15,28,52,,
05/11/2021 02:15:00,0.894,66,14.9,47,993.17,18,28,52,,
05/11/2021 02:16:00,0.85,68,14.7,48,992.83,17,30,52,,
05/11/2021 02:17:00,0.791,70,14.9,47,992.92,19,28,52,,
05/11/2021 02:18:00,0.689,74,14.9,49,992.93,17,28,51,,
05/11/2021 02:19:00,0.73,72,14.8,49,992.77,17,26,52,,
05/11/2021 02:20:00,0.715,73,14.8,48,992.73,15,24,52,,
05/11/2021 02:21:00,0.686,74,14.8,49,992.49,16,26,52,,
05/11/2021 02:22:00,0.597,77,14.9,49,992.35,18,25,52,,
05/11/2021 02:23:00,0.688,74,14.8,48,992.53,14,22,51,,
05/11/2021 02:24:00,0.665,75,14.9,47,992.36,16,23,51,,
05/11/2021 02:25:00,0.65,75,14.7,46,992.42,14,20,52,,
05/11/2021 02:26:00,0.589,77,14.7,47,992.57,13,20,53,,
05/11/2021 02:27:00,0.737,72,14.8,48,992.66,15,24,53,,
05/11/2021 02:28:00,0.773,71,14.9,47,992.53,12,24,52,,
05/11/2021 02:29:00,0.684,74,15.0,45,992.78,8,19,51,,
05/11/2021 02:30:00,0.71,73,15.0,44,992.43,7,18,52,,
05/11/2021 02:31:00,0.571,78,14.8,45,992.26,7,17,53,,
05/11/2021 02:32:00,0.561,78,14.8,45,992.09,11,23,54,,
05/11/2021 02:33:00,0.507,80,14.9,45,992.12,10,24,54,,
05/11/2021 02:34:00,0.591,77,14.8,47,992.44,10,23,52,,
05/11/2021 02:35:00,0.698,73,14.8,47,992.58,8,20,53,,
05/11/2021 02:36:00,0.726,72,14.7,46,992.62,9,22,53,,
05/11/2021 02:37:00,0.714,73,14.8,46,992.12,11,24,53,,
05/11/2021 02:38:00,0.716,73,14.6,47,991.95,10,25,53,,
05/11/2021 02:39:00,0.584,78,14.6,47,992.04,8,24,53,,
05/11/2021 02:40:00,0.633,76,14.6,48,991.72,10,26,54,,
05/11/2021 02:41:00,0.674,74,14.6,48,991.69,9,26,55,,
05/11/2021 02:42:00,0.601,77,14.5,47,991.92,9,29,56,,
05/11/2021 02:43:00,0.551,79,14.4,48,992.26,10,29,57,,
05/11/2021 02:44:00,0.611,77,14.2,48,992.4,12,36,56,,
05/11/2021 02:45:00,0.592,77,14.2,48,992.27,12,36,57,,
05/11/2021 02:46:00,0.644,75,14.0,46,992.12,11,34,57,,
05/11/2021 02:47:00,0.537,79,13.9,47,992.21,8,27,57,,
05/11/2021 02:48:00,0.608,77,13.8,47,991.99,9,26,57,,
05/11/2021 02:49:00,0.674,74,13.9,47,991.98,8,28,57,,
05/11/2021 02:50:00,0.702,73,13.8,47,992.32,9,28,57,,
05/11/2021 02:51:00,0.735,72,13.8,46,992.12,9,30,57,,
05/11/2021 02:52:00,0.705,73,13.9,47,992.0,7,28,57,,
05/11/2021 02:53:00,0.709,73,13.9,47,992.1,5,28,59,,
05/11/2021 02:54:00,0.633,76,13.8,47,991.73,6,30,58,,
05/11/2021 02:55:00,0.585,78,13.7,48,991.6,6,39,58,,
05/11/2021 02:56:00,0.652,75,13.9,48,991.27,8,41,58,,
05/11/2021 02:57:00,0.552,79,14.0,48,991.45,8,43,58,,
05/11/2021 02:58:00,0.602,77,14.0,49,990.78,8,44,58,53.807892710363895,-1.8100001046649932
05/11/2021 02:59:00,0.53,80,14.0,48,990.44,8,48,58,53.80828920743585,-1.8101800726548967
05/11/2021 03:00:00,0.491,81,13.9,48,990.31,10,42,58,53.808440614198744,-1.8096551372714016
05/11/2021 03:01:00,0.516,80,13.9,46,990.2,12,43,58,53.808444927040156,-1.8093715288364214
05/11/2021 03:02:00,0.58,78,14.0,46,990.25,10,45,57,53.80867715130058,-1.8097340412431346
05/11/2021 03:03:00,0.592,77,14.0,44,990.04,12,40,57,53.80851879373974,-1.8103545548229165
05/11/2021 03:04:00,0.547,79,14.0,42,990.07,15,40,57,53.80846739290581,-1.8098024768661674
05/11/2021 03:05:00,0.502,81,13.9,42,989.97,14,39,57,53.8084501249374,-1.8096898720568195
05/11/2021 03:06:00,0.489,81,13.8,41,989.74,19,43,58,53.808115973399076,-1.8093113272717216
05/11/2021 03:07:00,0.581,78,13.7,41,989.78,,,,53.808155631091225,-1.809410730753919
05/11/2021 03:08:00,0.561,78,13.7,42,989.66,19,42,57,53.80826777046942,-1.809578846273289
05/11/2021 03:09:00,0.67,74,13.8,42,989.6,17,38,58,53.8084501480742,-1.8094142436215026
05/11/2021 03:10:00,0.728,72,13.9,43,989.27,15,39,58,53.80844069677203,-1.8094174735239834
05/11/2021 03:11:00,0.719,73,14.0,44,989.11,18,39,58,53.80877829879527,-1.8092574898428277
05/11/2021 03:12:00,0.714,73,14.1,45,989.23,20,36,58,53.808826763468446,-1.8089874470276623
05/11/2021 03:13:00,0.698,73,14.2,44,989.35,20,35,58,53.80885951575171,-1.8089468033032663
05/11/2021 03:14:00,0.708,73,14.2,45,989.15,22,35,58,53.809066265753614,-1.8087319853646304
05/11/2021 03:15:00,0.656,75,14.4,45,988.77,21,34,57,53.80907211553454,-1.8087172002084664
05/11/2021 03:16:00,0.68,74,14.5,45,988.91,18,33,57,53.809232512431954,-1.8087368382782318
05/11/2021 03:17:00,0.71,73,14.5,44,988.41,18,33,57,53.809331016680275,-1.8086721657716376
05/11/2021 03:18:00,0.747,71,14.5,44,988.51,21,36,57,53.809603418050706,-1.8090163493096079
05/11/2021 03:19:00,0.64,75,14.5,44,988.64,17,36,56,53.809390585418114,-1.8096231103705007
05/11/2021 03:20:00,0.712,73,14.4,43,988.23,16,33,56,53.80962201087952,-1.8092616127436825
05/11/2021 03:21:00,0.713,73,14.4,42,988.1,16,35,56,53.809174679942494,-1.8092468418455159
05/11/2021 03:22:00,0.75,71,14.3,42,988.15,13,34,56,53.80890259285845,-1.8087860336882366
05/11/2021 03:23:00,0.605,77,14.3,43,987.91,,,,53.80883190658655,-1.8089672494045006
05/11/2021 03:24:00,0.515,80,14.3,43,988.11,14,34,56,53.80886482172627,-1.8087448310997543
05/11/2021 03:25:00,0.449,83,14.3,43,988.18,12,30,56,53.80884115667118,-1.808759068253751
05/11/2021 03:26:00,0.331,87,14.5,44,988.12,15,34,55,53.8088129317429,-1.8088411495773795
05/11/2021 03:27:00,0.383,85,14.6,44,987.77,15,35,55,53.80874099181742,-1.8087914050953842
05/11/2021 03:28:00,0.391,85,14.6,44,987.75,12,29,55,53.808580122842166,-1.8080936543277004
05/11/2021 03:29:00,0.33,87,14.7,43,987.46,13,33,56,53.808530038531025,-1.807586264352356
05/11/2021 03:30:00,0.265,90,14.8,43,987.46,14,32,55,53.80862881338822,-1.8077033917287706
05/11/2021 03:31:00,0.237,91,14.7,42,987.4,14,31,55,53.80837804869589,-1.808000836211539
05/11/2021 03:32:00,0.27,89,14.7,42,987.5,15,29,56,53.80820852936214,-1.8085530524627846
05/11/2021 03:33:00,0.293,89,14.6,42,987.44,16,28,54,53.808212460615565,-1.8081765662938944
05/11/2021 03:34:00,0.3,88,14.7,42,987.54,19,29,56,53.808166355100546,-1.8082147097452077
05/11/2021 03:35:00,0.29,89,14.6,41,987.25,20,33,56,53.808285537274074,-1.8077969530278102
05/11/2021 03:36:00,0.195,92,14.6,41,987.22,19,34,55,53.808369033824604,-1.8075944242216968
05/11/2021 03:37:00,0.215,91,14.8,41,987.44,21,35,55,53.8080206334187,-1.80747822246173
05/11/2021 03:38:00,0.138,94,14.6,41,987.64,20,39,55,53.807975605390936,-1.807476583879771
05/11/2021 03:39:00,0.064,97,14.6,42,987.93,18,38,56,53.807902178186815,-1.8079888400644688
05/11/2021 03:40:00,0.044,98,14.7,41,988.39,22,42,56,53.80800075806667,-1.8084426916523497
05/11/2021 03:41:00,0.074,97,14.6,41,987.98,28,44,57,53.80810203829371,-1.8082479982830435
05/11/2021 03:42:00,0.122,95,14.6,40,987.97,27,46,57,53.80827255731997,-1.8079800195888502
05/11/2021 03:43:00,0.056,97,14.4,39,988.28,24,39,57,53.80840014754967,-1.8082785925910636
05/11/2021 03:44:00,0.136,94,14.5,39,988.07,23,37,59,53.80813554212745,-1.8081367480520836
05/11/2021 03:45:00,0.078,97,14.5,40,988.13,21,37,58,53.80805458612541,-1.8076522216918582
05/11/2021 03:46:00,0.175,93,14.5,39,988.44,21,35,58,53.80801786393886,-1.8075541228184746
05/11/2021 03:47:00,0.166,93,14.4,39,988.65,20,31,57,53.80822015167402,-1.8079659918229238
05/11/2021 03:48:00,0.103,96,14.5,38,988.29,24,35,59,53.80813836026341,-1.8079616466368746
05/11/2021 03:49:00,0.121,95,14.5,38,988.55,,,,53.807854946559715,-1.8081939493414971
05/11/2021 03:50:00,0.129,95,14.5,39,988.58,19,28,59,53.80768307063791,-1.8076904042204212
05/11/2021 03:51:00,0.068,97,14.5,39,988.41,16,25,60,53.80780251587209,-1.8076835875100667
05/11/2021 03:52:00,0.005,99,14.4,40,988.25,18,26,59,53.80777238450407,-1.8078804224360026
05/11/2021 03:53:00,0.05,98,14.3,41,988.42,18,27,60,53.80756306287018,-1.8074338041278555
05/11/2021 03:54:00,0.071,97,14.3,41,988.68,15,23,59,53.80749253062441,-1.8074107547965708
05/11/2021 03:55:00,0.007,99,14.4,41,988.73,14,20,58,53.8074484656264,-1.8074805953382467
05/11/2021 03:56:00,0.058,97,14.5,41,988.35,,,,53.8070697852598,-1.807263353708978
05/11/2021 03:57:00,0.14,94,14.4,41,988.18,11,16,60,53.80726429704416,-1.8075397033394716
05/11/2021 03:58:00,0.135,94,14.5,40,988.36,14,20,58,53.80713629762374,-1.8077466362934707
05/11/2021 03:59:00,0.217,91,14.5,39,988.33,16,22,58,53.80735295579199,-1.8072775283989722
05/11/2021 04:00:00,0.278,89,14.6,39,988.0,16,21,57,53.80759954670563,-1.806891207374832
05/11/2021 04:01:00,0.305,88,14.6,39,987.7,16,21,56,53.80759105975539,-1.806810536859665
05/11/2021 04:02:00,0.324,87,14.7,38,988.05,16,22,57,53.80758700953802,-1.8068924382355578
05/11/2021 04:03:00,0.323,87,14.7,39,988.32,16,20,58,53.807614386526154,-1.8069838567541907
05/11/2021 04:04:00,0.318,88,14.6,38,988.2,15,20,58,53.80775568863115,-1.807467342090489
05/11/2021 04:05:00,0.303,88,14.6,38,987.92,19,25,58,53.80798000768379,-1.807360579103183
05/11/2021 04:06:00,0.309,88,14.6,38,987.48,19,23,58,53.80801574293228,-1.8076199403348157
05/11/2021 04:07:00,0.201,92,14.7,38,987.8,22,26,58,53.808227684938295,-1.8080250462270218
05/11/2021 04:08:00,0.142,94,14.7,38,987.31,17,23,58,53.80828147814756,-1.8082905585547595
05/11/2021 04:09:00,0.169,93,14.6,38,987.16,14,21,59,53.808636847642724,-1.8080422576675588
05/11/2021 04:10:00,0.208,92,14.7,38,987.27,13,19,60,53.808980477949255,-1.808343444720411
05/11/2021 04:11:00,0.174,93,14.8,35,987.19,13,18,58,53.80863156366229,-1.8085053889428757
05/11/2021 04:12:00,0.209,92,14.7,36,987.08,14,18,58,53.808519012405846,-1.8086881663812053
05/11/2021 04:13:00,0.192,92,14.7,37,987.39,15,19,57,53.8084032235411,-1.8088743408233787
05/11/2021 04:14:00,0.208,92,14.8,37,987.17,16,20,57,53.808246814257274,-1.8083325503259793
05/11/2021 04:15:00,0.211,92,14.5,38,986.77,16,21,57,53.808580140737895,-1.808228287825682
05/11/2021 04:16:00,0.188,92,14.5,38,986.72,16,21,58,53.808282597809495,-1.8083724269322738
05/11/2021 04:17:00,0.236,91,14.6,38,986.62,10,16,58,53.80830495115982,-1.808403915827346
05/11/2021 04:18:00,0.169,93,14.7,37,986.34,9,17,59,53.80845905034303,-1.8087125744828658
05/11/2021 04:19:00,0.186,93,14.8,38,986.21,8,16,59,53.808459406090144,-1.8087688079477648
05/11/2021 04:20:00,0.159,94,14.9,39,986.03,9,20,60,53.8084434667355,-1.8087393384992128
05/11/2021 04:21:00,0.224,91,15.0,40,986.26,8,19,61,53.80848365013139,-1.808619175830144
05/11/2021 04:22:00,0.222,91,14.8,40,986.28,7,17,62,53.80810586488894,-1.8083629164095216
05/11/2021 04:23:00,0.335,87,14.8,39,986.76,1,1,2,53.80825405470201,-1.8077028920993858
05/11/2021 04:24:00,0.348,86,14.8,39,986.9,1,1,2,53.808117851178544,-1.8074580053382285
05/11/2021 04:25:00,0.335,87,14.9,40,986.99,1,1,2,53.80810991210405,-1.807338203721325
05/11/2021 04:26:00,0.277,89,14.9,41,987.11,1,1,2,53.808124781147505,-1.8078950857772125
05/11/2021 04:27:00,0.217,91,15.0,41,987.25,1,1,2,53.80811517777833,-1.8078751680420666
05/11/2021 04:28:00,0.237,91,14.9,40,987.05,1,1,2,53.80802424787651,-1.807755968689802
05/11/2021 04:29:00,0.33,87,15.0,40,986.98,1,1,2,53.80809709779015,-1.80815495290393
05/11/2021 04:30:00,0.289,89,14.9,41,987.26,1,1,2,53.80797115688588,-1.8081574361572694
05/11/2021 04:31:00,0.202,92,14.9,40,987.1,1,1,2,53.80797338122133,-1.8080168839657509
05/11/2021 04:32:00,0.161,93,14.9,41,986.66,1,1,2,53.80791782333545,-1.8078648761269862
05/11/2021 04:33:00,0.23,91,14.9,41,986.31,1,1,2,53.80799446242753,-1.8077306586211694
05/11/2021 04:34:00,0.153,94,14.8,41,986.27,1,1,2,53.80800372566781,-1.8077069006765616
05/11/2021 04:35:00,0.19,92,14.7,40,986.39,1,1,2,53.80801701383622,-1.8075937935749482
05/11/2021 04:36:00,0.123,95,14.5,40,986.82,1,1,2,53.80775375475369,-1.8069809329067033
05/11/2021 04:37:00,0.149,94,14.6,40,986.7,1,1,2,53.80776732373359,-1.8070128491107107
05/11/2021 04:38:00,0.06,97,14.6,39,986.61,1,1,2,53.80742291440073,-1.807160863152071
05/11/2021 04:39:00,0.089,96,14.5,41,986.28,1,1,2,53.807442645188885,-1.8071486040964255
05/11/2021 04:40:00,0.081,96,14.5,40,986.74,1,1,2,53.807398126662804,-1.8070630480618382
05/11/2021 04:41:00,0.148,94,14.5,40,986.54,1,1,2,53.80744203762578,-1.807766235130985
05/11/2021 04:42:00,0.154,94,14.3,40,986.44,1,1,2,53.807440660917344,-1.8077696626843291
05/11/2021 04:43:00,0.144,94,14.3,41,986.39,1,1,2,53.80761910437404,-1.8073516926236068
05/11/2021 04:44:00,0.19,92,14.6,41,986.15,1,1,2,53.80758090645268,-1.8078249310738235
05/11/2021 04:45:00,0.119,95,14.5,41,985.79,1,1,2,53.80775117663195,-1.8082385141520592
05/11/2021 04:46:00,0.098,96,14.6,41,985.57,1,1,2,53.80813509837627,-1.808181985724506
05/11/2021 04:47:00,0.067,97,14.5,42,985.64,1,1,2,53.80833406936921,-1.8081415389671949
05/11/2021 04:48:00,0.041,98,14.6,43,985.25,1,1,2,53.80846414913938,-1.8083032002537294
05/11/2021 04:49:00,0.059,97,14.4,44,985.5,1,1,2,53.80854544663625,-1.8078592549393027
05/11/2021 04:50:00,0.143,94,14.3,45,985.44,1,1,2,53.808657357147275,-1.8076059281164358
05/11/2021 04:51:00,0.196,92,14.4,44,985.66,1,1,2,53.80869831452207,-1.8075384754267914
05/11/2021 04:52:00,0.129,95,14.6,42,985.69,1,1,2,53.80869841067769,-1.807757140821152
05/11/2021 04:53:00,0.129,95,14.5,42,985.68,1,1,2,53.8086922578777,-1.8079732368548689
05/11/2021 04:54:00,0.124,95,14.2,41,985.81,1,1,2,53.808708315703825,-1.8079427836469222
05/11/2021 04:55:00,0.14,94,14.4,41,985.49,1,1,2,53.80876839582001,-1.807891133632443
05/11/2021 04:56:00,0.063,97,14.5,40,985.35,1,1,2,53.80876103139127,-1.807920988321072
05/11/2021 04:57:00,0.071,97,14.5,40,985.25,1,1,2,53.80878673296151,-1.8075764306087443
05/11/2021 04:58:00,0.018,99,14.5,41,985.11,1,1,2,53.80877770764359,-1.8075933264460389
05/11/2021 04:59:00,0.032,98,14.3,42,985.32,1,1,2,53.80848012289054,-1.807702995802793
05/11/2021 05:00:00,0.042,98,14.3,42,984.87,1,1,2,53.80821173740809,-1.807869507282756
05/11/2021 05:01:00,0.086,96,14.1,42,984.96,1,1,2,53.8081688581824,-1.8079117818565948
05/11/2021 05:02:00,0.025,99,14.2,42,984.78,1,1,2,53.80838299398368,-1.8084826480387506
05/11/2021 05:03:00,0.095,96,14.1,43,984.48,1,1,2,53.8088177943324,-1.8086416449076466
05/11/2021 05:04:00,0.008,99,14.2,43,983.88,1,1,2,53.80880886431079,-1.8084887991841563
05/11/2021 05:05:00,0.052,98,14.2,42,983.88,1,1,2,53.80861020051382,-1.8082282375665246
05/11/2021 05:06:00,0.068,97,14.2,43,983.3,1,1,2,53.80846627191276,-1.8081487685588835
05/11/2021 05:07:00,0.063,97,14.3,42,983.04,1,1,2,53.80873229938538,-1.8077221061142341
05/11/2021 05:08:00,0.119,95,14.2,42,983.33,1,1,2,53.808748332403304,-1.8077408882603694
05/11/2021 05:09:00,0.176,93,14.1,43,983.33,1,1,2,53.808928613137915,-1.8072789438724954
05/11/2021 05:10:00,0.153,94,13.9,44,983.74,1,1,2,53.808989714051854,-1.8067875220083616
05/11/2021 05:11:00,0.137,94,13.9,44,983.88,1,1,2,53.809029882060116,-1.8067933155116507
05/11/2021 05:12:00,0.088,96,13.8,42,984.23,1,1,2,53.809042644952214,-1.8064007490477427
05/11/2021 05:13:00,0.053,98,13.9,43,984.31,1,1,2,53.80889146617867,-1.8061565512059632
05/11/2021 05:14:00,0.116,95,14.2,43,984.48,1,1,2,53.80891349878694,-1.8062981564677325
05/11/2021 05:15:00,0.15,94,14.2,43,984.41,1,1,2,53.80852940101959,-1.8064196850734788
05/11/2021 05:16:00,0.153,94,14.2,43,985.01,1,1,2,53.80841205871463,-1.806416971407219
05/11/2021 05:17:00,0.138,94,14.1,43,984.7,1,1,2,53.80857655466209,-1.806161776998355
05/11/2021 05:18:00,0.078,97,14.2,42,984.58,1,1,2,53.80841641546082,-1.8060017040899163
05/11/2021 05:19:00,0.158,94,14.2,43,984.87,1,1,2,53.80835112978472,-1.8058357490988064
05/11/2021 05:20:00,0.17,93,14.2,44,985.1,1,1,2,53.8083028435872,-1.8056068331573012
05/11/2021 05:21:00,0.095,96,14.3,44,985.19,1,1,2,53.808335552954915,-1.8056309636504775
05/11/2021 05:22:00,0.117,95,14.4,44,985.47,1,1,2,53.808528305235285,-1.8055694229279748
05/11/2021 05:23:00,0.058,97,14.6,44,985.52,1,1,2,53.808257142824424,-1.8057499859739812
05/11/2021 05:24:00,0.125,95,14.6,45,985.63,,,,53.808258887919706,-1.805748303851385
05/11/2021 05:25:00,0.119,95,14.7,46,985.43,1,1,2,53.80858423969954,-1.8061292734472234
05/11/2021 05:26:00,0.229,91,14.8,45,985.29,1,1,2,53.808581416784776,-1.8061499099981129
05/11/2021 05:27:00,0.211,92,14.7,45,985.46,1,1,2,53.808620760549765,-1.8067197105492683
05/11/2021 05:28:00,0.166,93,14.5,44,985.6,1,1,2,53.8087553657903,-1.806584476376719
05/11/2021 05:29:00,0.171,93,14.6,45,985.46,1,1,2,53.8083434296454,-1.8063073529031526
05/11/2021 05:30:00,0.17,93,14.6,45,985.33,1,1,2,53.80830946487887,-1.8059373613542167
05/11/2021 05:31:00,0.267,89,14.6,46,985.71,1,1,2,53.80837093395855,-1.8055606604151628
05/11/2021 05:32:00,0.312,88,14.4,46,985.4,1,1,2,53.80836595923209,-1.805907192814549
05/11/2021 05:33:00,0.339,87,14.5,46,985.57,1,1,2,53.80837980432186,-1.8059077265894345
05/11/2021 05:34:00,0.313,88,14.5,47,985.61,1,1,2,53.808412188176376,-1.8065538813799196
05/11/2021 05:35:00,0.314,88,14.4,47,985.74,1,1,2,53.808809625571946,-1.8064805533442172
05/11/2021 05:36:00,0.343,87,14.3,46,985.47,1,1,2,53.80890882142654,-1.8063438761752058
05/11/2021 05:37:00,0.328,87,14.6,46,985.32,1,1,2,53.80899720335522,-1.8064645745855288
05/11/2021 05:38:00,0.321,87,14.7,45,985.05,1,1,2,53.80862721986946,-1.8063455205562104
05/11/2021 05:39:00,0.431,83,14.7,44,984.84,1,1,2,53.80850182119763,-1.806292168644109
05/11/2021 05:40:00,0.449,83,14.7,44,984.69,1,1,2,53.808536638308276,-1.8067780905491415
05/11/2021 05:41:00,0.378,85,14.9,44,984.57,1,1,2,53.80878353589569,-1.8069894728641702
05/11/2021 05:42:00,0.292,89,14.6,44,984.3,1,1,2,53.80871206254359,-1.8068644359232207
05/11/2021 05:43:00,0.337,87,14.6,45,984.07,1,1,2,53.808757057735015,-1.8065429707953213
05/11/2021 05:44:00,0.328,87,14.5,44,984.52,1,1,2,53.80854261880204,-1.807001381784227
05/11/2021 05:45:00,0.417,84,14.5,45,984.5,1,1,2,53.80850703586899,-1.807427734987827
05/11/2021 05:46:00,0.41,84,14.4,44,984.73,1,1,2,53.808788910974855,-1.8078597694652478
05/11/2021 05:47:00,0.472,82,14.4,43,985.21,1,1,2,53.80891714950029,-1.8078833718744947
05/11/2021 05:48:00,0.417,84,14.4,44,984.95,1,1,2,53.80866890903231,-1.808211785940385
05/11/2021 05:49:00,0.427,83,14.3,43,985.12,1,1,2,53.80849142614271,-1.8080303166954077
05/11/2021 05:50:00,0.468,82,14.3,45,984.97,1,1,2,53.80806117350176,-1.8081045655212618
05/11/2021 05:51:00,0.475,82,14.4,45,985.19,1,1,2,53.80807783107548,-1.8081912485019407
05/11/2021 05:52:00,0.489,81,14.4,44,985.04,1,1,2,53.80771034050793,-1.8081649299041433
05/11/2021 05:53:00,0.491,81,14.4,43,985.15,1,1,2,53.80742999347499,-1.8076327723379577
05/11/2021 05:54:00,0.403,84,14.4,44,985.13,1,1,2,53.80729641853388,-1.806955589403689
05/11/2021 05:55:00,0.347,86,14.5,42,985.32,1,1,2,53.80756769371206,-1.8070440925262037
05/11/2021 05:56:00,0.345,87,14.9,42,985.45,1,1,2,53.8074609428345,-1.8074902519469604
05/11/2021 05:57:00,0.259,90,14.8,42,985.71,1,1,2,53.807360828008065,-1.8077270286876632
05/11/2021 05:58:00,0.34,87,15.0,42,985.9,1,1,2,53.80733059143631,-1.8079687309495605
05/11/2021 05:59:00,0.365,86,14.9,40,986.26,1,1,2,53.80761040707234,-1.8082487824676963
05/11/2021 06:00:00,0.329,87,14.9,40,986.28,1,1,2,53.807738529839284,-1.8078544320664114
05/11/2021 06:01:00,0.278,89,14.9,39,986.09,1,1,2,53.807802417672605,-1.8077145377518438
05/11/2021 06:02:00,0.314,88,14.9,38,986.39,1,1,2,53.807826292069265,-1.8076349156944869
05/11/2021 06:03:00,0.36,86,15.0,39,986.44,1,1,2,53.80769011064959,-1.8070677608111863
05/11/2021 06:04:00,0.242,90,14.9,38,986.34,1,1,2,53.80759659690859,-1.8071701519915966
05/11/2021 06:05:00,0.282,89,14.8,39,986.36,1,1,2,53.80798301581187,-1.8070889900935578
05/11/2021 06:06:00,0.281,89,14.9,40,986.2,1,1,2,53.80785639881095,-1.8066641665147802
05/11/2021 06:07:00,0.198,92,14.9,39,986.26,1,1,2,53.807778161265894,-1.8072410943787365
05/11/2021 06:08:00,0.15,94,15.0,38,986.11,1,1,2,53.80793727596449,-1.806661586769015
05/11/2021 06:09:00,0.181,93,14.9,38,985.77,1,1,2,53.807846347619076,-1.8063573877035402
05/11/2021 06:10:00,0.107,95,14.7,37,985.95,1,1,2,53.80813168525709,-1.8063342720884374
05/11/2021 06:11:00,0.088,96,14.8,38,985.81,1,1,2,53.80790339835465,-1.8059987369951895
05/11/2021 06:12:00,0.067,97,14.6,38,985.57,1,1,2,53.80762833807232,-1.8058530593682096
05/11/2021 06:13:00,0.079,97,14.6,38,985.33,1,1,2,53.807523909047156,-1.8058009292412385
05/11/2021 06:14:00,0.11,95,14.6,39,985.25,1,1,2,53.80746619363646,-1.8062175446877857
05/11/2021 06:15:00,0.228,91,14.4,39,985.22,1,1,2,53.8075665509334,-1.806081237212479
05/11/2021 06:16:00,0.128,95,14.5,40,985.01,1,1,2,53.80750314116976,-1.8060416896872848
05/11/2021 06:17:00,0.168,93,14.3,38,984.87,1,1,2,53.80751825339372,-1.8064654142707712
05/11/2021 06:18:00,0.218,91,14.4,37,984.88,1,1,2,53.807744091026244,-1.807011594612192
05/11/2021 06:19:00,0.196,92,14.4,37,984.72,1,1,2,53.80757961430105,-1.8070367594185628
05/11/2021 06:20:00,0.121,95,14.5,37,984.75,1,1,2,53.80751039974809,-1.8067916467225826
05/11/2021 06:21:00,0.075,97,14.5,36,984.76,1,1,2,53.8074321547707,-1.807321392859139
05/11/2021 06:22:00,0.106,96,14.6,36,984.66,1,1,2,53.80776212517269,-1.8070353521638136
05/11/2021 06:23:00,0.047,98,14.5,37,984.49,1,1,2,53.80801600373182,-1.8068032407780028
05/11/2021 06:24:00,0.101,96,14.6,37,984.43,1,1,2,53.80795654086286,-1.8065043988683986
05/11/2021 06:25:00,0.113,95,14.6,37,984.9,1,1,2,53.80795954512836,-1.806540366217812
05/11/2021 06:26:00,0.125,95,14.8,37,985.18,1,1,2,53.80757442371209,-1.8068313012384598
05/11/2021 06:27:00,0.146,94,14.8,36,985.6,1,1,2,53.807289463931205,-1.8073356055939955
05/11/2021 06:28:00,0.158,94,14.8,35,985.61,1,1,2,53.80696962294173,-1.8069899377601357
05/11/2021 06:29:00,0.172,93,14.7,35,985.41,1,1,2,53.80721509246437,-1.8066561885098398
05/11/2021 06:30:00,0.134,94,14.7,35,985.43,1,1,2,53.80713059180643,-1.8059796992242336
05/11/2021 06:31:00,0.138,94,14.7,34,985.62,1,1,2,53.80692307027046,-1.8059348935993476
05/11/2021 06:32:00,0.081,96,14.7,33,986.04,1,1,2,53.80708933458343,-1.8061757040023714
05/11/2021 06:33:00,0.111,95,14.7,34,985.93,1,1,2,53.807248672556774,-1.8057491419917304
05/11/2021 06:34:00,0.049,98,14.8,35,986.0,1,1,2,53.807305644669135,-1.8058672522828323
05/11/2021 06:35:00,0.018,99,14.7,34,985.76,1,1,2,53.80732170891097,-1.805941118267665
05/11/2021 06:36:00,0.0,99,14.7,33,985.57,1,1,2,53.80732840712539,-1.806104370733161
05/11/2021 06:37:00,0.064,97,14.8,33,985.45,1,1,2,53.806989262072435,-1.8064005107494023
05/11/2021 06:38:00,0.141,94,14.7,33,985.34,1,1,2,53.80703501730189,-1.80612712990356
05/11/2021 06:39:00,0.091,96,14.8,34,985.23,1,1,2,53.8073779612286,-1.8063211805788226
05/11/2021 06:40:00,0.067,97,14.9,33,985.13,1,1,2,53.80734628083585,-1.8060418566307057
05/11/2021 06:41:00,0.035,98,14.9,34,984.76,1,1,2,53.8073315439373,-1.806046718607354
05/11/2021 06:42:00,0.014,99,14.9,34,984.84,9,34,65,53.80741450984148,-1.8063466467481872
05/11/2021 06:43:00,0.048,98,14.6,34,984.56,7,31,64,53.80727852145264,-1.8062422797335729
05/11/2021 06:44:00,0.06,97,14.8,34,984.69,10,30,64,53.80763556982925,-1.806114027527822
05/11/2021 06:45:00,0.074,97,14.9,34,984.52,10,33,64,53.807486249388354,-1.80642670151823
05/11/2021 06:46:00,0.091,96,14.7,33,984.61,8,24,63,53.807430301148855,-1.8071278982544043
05/11/2021 06:47:00,0.107,96,14.7,34,984.55,9,27,64,53.80763270891408,-1.8068876184955367
05/11/2021 06:48:00,0.105,96,14.6,36,984.56,8,22,66,53.80769410121117,-1.8068875198912677
05/11/2021 06:49:00,0.093,96,14.7,36,984.78,7,19,66,53.80731987140558,-1.8066514519697419
05/11/2021 06:50:00,0.093,96,14.6,35,985.08,7,23,64,53.807371514408814,-1.8066057229705652
05/11/2021 06:51:00,0.118,95,14.5,35,985.12,7,26,64,53.807133732344546,-1.8059625934534436
05/11/2021 06:52:00,0.178,93,14.4,35,985.09,10,30,65,53.807228424626246,-1.806004614354563
05/11/2021 06:53:00,0.15,94,14.4,34,984.94,12,29,66,53.8075152970128,-1.806107933490816
05/11/2021 06:54:00,0.068,97,14.5,34,985.42,10,27,66,53.80752429139157,-1.80627293309726
05/11/2021 06:55:00,0.043,98,14.5,35,985.83,9,26,65,53.80736791199486,-1.8063492838701172
05/11/2021 06:56:00,0.098,96,14.6,35,985.78,11,34,64,53.807537626299805,-1.8066319942433176
05/11/2021 06:57:00,0.117,95,14.7,35,985.62,8,30,64,53.80774866176702,-1.807298021245336
05/11/2021 06:58:00,0.178,93,14.7,33,985.07,8,34,65,53.80810149186166,-1.8071298778923475
05/11/2021 06:59:00,0.195,92,14.6,32,984.85,4,30,64,53.80831313751007,-1.8072325564401723
05/11/2021 07:00:00,0.192,92,14.8,32,984.52,5,29,63,53.80857920782771,-1.807060767755223
05/11/2021 07:01:00,0.092,96,14.7,32,985.17,5,26,64,53.80872554885218,-1.806619970362541
05/11/2021 07:02:00,0.194,92,14.6,32,985.01,5,24,62,53.80874427161506,-1.8066155033227353
05/11/2021 07:03:00,0.278,89,14.5,32,984.91,5,25,61,53.808773124529154,-1.8066221336379744
05/11/2021 07:04:00,0.163,93,14.5,33,985.29,6,24,60,53.80890754245525,-1.8065264560936802
05/11/2021 07:05:00,0.115,95,14.6,34,985.14,5,22,59,53.808577107919945,-1.806799730329768
05/11/2021 07:06:00,0.118,95,14.6,34,984.9,6,23,59,53.80882583454187,-1.806456865976889
05/11/2021 07:07:00,0.128,95,14.5,35,984.8,6,25,60,53.808825229653486,-1.80649534390014
05/11/2021 07:08:00,0.1,96,14.4,35,984.89,7,27,61,53.80871198571382,-1.806744039536846
05/11/2021 07:09:00,0.049,98,14.3,35,985.15,6,23,60,53.808561078215156,-1.807393779306311
05/11/2021 07:10:00,0.024,99,14.4,35,985.01,7,31,61,53.808894360025946,-1.807273151960653
05/11/2021 07:11:00,0.003,99,14.4,35,985.29,7,33,61,53.80897310244514,-1.8068319929561234
05/11/2021 07:12:00,0.017,99,14.5,35,985.23,7,31,59,53.809164086919814,-1.8066940233538196
05/11/2021 07:13:00,0.065,97,14.6,35,985.28,6,32,59,53.80942196884318,-1.8066535245568511
05/11/2021 07:14:00,0.061,97,14.5,34,985.5,8,30,59,53.80938699335418,-1.806813327900864
05/11/2021 07:15:00,0.057,97,14.5,34,985.66,9,27,59,53.80936684562287,-1.8062744209525026
05/11/2021 07:16:00,0.065,97,14.5,34,985.47,12,25,59,53.809372474977906,-1.806932076707242
05/11/2021 07:17:00,0.056,97,14.5,34,985.63,10,20,58,53.809190814985,-1.807125366359142
05/11/2021 07:18:00,0.003,99,14.5,34,986.09,14,26,58,53.80912042083428,-1.8068155351882853
05/11/2021 07:19:00,0.059,97,14.6,35,986.29,14,25,59,53.80923611859329,-1.8072148427675898
05/11/2021 07:20:00,0.134,94,14.6,34,986.28,12,25,60,53.809436150926786,-1.8076589195158599
05/11/2021 07:21:00,0.097,96,14.6,34,986.69,,,,53.80906181028675,-1.807910052852714
05/11/2021 07:22:00,0.059,97,14.6,33,987.04,14,33,60,53.80891081503272,-1.8080718874880986
05/11/2021 07:23:00,0.18,93,14.7,33,987.37,12,31,60,53.80905639725165,-1.8079381924968458
05/11/2021 07:24:00,0.19,92,14.6,33,987.11,11,36,62,53.808851543081936,-1.8079775577161137
05/11/2021 07:25:00,0.241,90,14.4,33,987.49,10,37,61,53.80894312734727,-1.8077234184646214
05/11/2021 07:26:00,0.268,89,14.4,33,987.65,9,34,60,53.80901358661531,-1.8075081729338442
05/11/2021 07:27:00,0.238,91,14.5,33,987.87,9,39,61,53.80895683268866,-1.8068954021738024
05/11/2021 07:28:00,0.167,93,14.4,32,988.07,9,43,61,53.808918054151526,-1.8068920525637673
05/11/2021 07:29:00,0.18,93,14.5,32,988.01,7,44,62,53.80873932053443,-1.8066765335252228
05/11/2021 07:30:00,0.151,94,14.5,32,988.05,7,43,62,53.80851172360691,-1.8063837166890928
05/11/2021 07:31:00,0.085,96,14.5,32,988.3,10,34,63,53.80838953153814,-1.8067063111085244
05/11/2021 07:32:00,0.121,95,14.5,31,988.42,13,42,63,53.808375886025026,-1.8066932219818512
05/11/2021 07:33:00,0.173,93,14.4,32,988.46,13,45,63,53.80852695384768,-1.8063439301255992
05/11/2021 07:34:00,0.198,92,14.4,33,988.46,14,44,63,53.808441459360594,-1.8062389581734701
05/11/2021 07:35:00,0.14,94,14.5,33,988.0,13,46,62,53.80872711441284,-1.80577704597525
05/11/2021 07:36:00,0.094,96,14.6,32,988.12,16,50,62,53.80841788766726,-1.8059208992538822
05/11/2021 07:37:00,0.147,94,14.6,31,987.98,12,53,62,53.80828624247027,-1.805797983759884
05/11/2021 07:38:00,0.146,94,14.7,32,987.77,8,54,63,53.80819329847095,-1.8052458088098962
05/11/2021 07:39:00,0.133,95,14.6,32,987.65,8,51,63,53.808289980617445,-1.8056901892610087
05/11/2021 07:40:00,0.187,92,14.6,33,987.83,8,44,62,53.80819324374308,-1.8059363297649584
05/11/2021 07:41:00,0.16,94,14.5,34,987.79,11,45,61,53.80810603181891,-1.8059145373845416
05/11/2021 07:42:00,0.243,90,14.4,33,988.0,14,47,60,53.808018519203124,-1.8058587593788484
05/11/2021 07:43:00,0.254,90,14.3,33,987.98,,,,53.808053750271306,-1.8059098731323364
05/11/2021 07:44:00,0.17,93,14.4,34,987.99,11,45,60,53.807738362922336,-1.805488964054345
05/11/2021 07:45:00,0.219,91,14.3,35,988.0,13,46,60,53.80772770930881,-1.8049000038711354
05/11/2021 07:46:00,0.181,93,14.4,34,988.3,16,45,61,53.80770114877463,-1.8049736925837037
05/11/2021 07:47:00,0.234,91,14.3,33,988.13,14,46,61,53.8074176912271,-1.8051844821502343
05/11/2021 07:48:00,0.181,93,14.3,32,988.08,16,46,62,53.80766523260197,-1.8050822494998298
05/11/2021 07:49:00,0.165,93,14.4,32,988.01,17,49,62,53.80774022007163,-1.8050841786082243
05/11/2021 07:50:00,0.125,95,14.4,33,988.07,18,44,62,53.8081155901417,-1.804793146584828
05/11/2021 07:51:00,0.1,96,14.5,33,988.1,23,52,63,53.80845364507374,-1.804448512985902
05/11/2021 07:52:00,0.088,96,14.3,33,987.86,20,50,62,53.80847884460085,-1.80439175281523
05/11/2021 07:53:00,0.055,97,14.3,33,987.99,15,43,62,53.8084239400833,-1.8045736149841818
05/11/2021 07:54:00,0.092,96,14.3,32,987.87,14,42,63,53.80841962930327,-1.8045727885089455
05/11/2021 07:55:00,0.02,99,14.3,32,988.06,12,42,64,53.808032951931814,-1.8047209797210921
05/11/2021 07:56:00,0.055,97,14.2,30,987.77,13,47,64,53.80799627271668,-1.8051383790971791
05/11/2021 07:57:00,0.075,97,14.2,32,988.06,12,46,63,53.80837283855145,-1.8052286364703933
05/11/2021 07:58:00,0.058,97,14.4,32,987.93,11,43,62,53.808311565381665,-1.8046824343957493
05/11/2021 07:59:00,0.119,95,14.3,33,988.38,12,46,63,53.80855641982252,-1.8043752512123274
05/11/2021 08:00:00,0.138,94,14.2,32,988.51,15,47,64,53.80863911440134,-1.8043874074200315
05/11/2021 08:01:00,0.158,94,14.3,32,988.24,14,53,64,53.80860816576619,-1.804396193791459
05/11/2021 08:02:00,0.151,94,14.4,34,988.59,13,46,63,53.80861628627596,-1.804700880353553
05/11/2021 08:03:00,0.127,95,14.3,34,988.3,12,47,64,53.808406866597636,-1.8047436609303202
05/11/2021 08:04:00,0.129,95,14.1,35,988.33,11,44,64,53.80803821958555,-1.8043675579962561
05/11/2021 08:05:00,0.122,95,14.1,34,988.87,9,44,63,53.80810615587699,-1.8045685660494395
05/11/2021 08:06:00,0.135,94,14.2,34,989.1,11,49,63,53.807902539017576,-1.8047054726911793
05/11/2021 08:07:00,0.168,93,14.1,34,989.42,11,49,61,53.80762401449682,-1.805080894148614
05/11/2021 08:08:00,0.224,91,14.2,34,989.73,13,49,60,53.80768483376778,-1.8048942427031762
05/11/2021 08:09:00,0.214,91,14.1,33,989.6,14,45,60,53.807579981426535,-1.8044911276989928
05/11/2021 08:10:00,0.119,95,14.1,33,989.56,14,45,60,53.80798693346882,-1.804422678033967
05/11/2021 08:11:00,0.053,98,14.0,34,989.41,18,45,60,53.808122457582414,-1.8047706484836166
05/11/2021 08:12:00,0.068,97,13.9,33,989.52,17,45,62,53.80803455757449,-1.8050423502731523
05/11/2021 08:13:00,0.142,94,13.9,35,989.59,20,49,62,53.8080342467092,-1.8051019956613672
05/11/2021 08:14:00,0.137,94,14.0,34,989.54,23,47,62,53.807996517374484,-1.8051105332932544
05/11/2021 08:15:00,0.107,95,13.9,35,989.63,18,40,62,53.807693515546255,-1.8056523027502434
05/11/2021 08:16:00,0.023,99,13.9,35,989.44,,,,53.80760140876639,-1.8052718669186012
05/11/2021 08:17:00,0.047,98,13.8,37,989.43,15,35,61,53.807272925944794,-1.8052382926702892
05/11/2021 08:18:00,0.011,99,13.8,38,989.16,17,35,61,53.80726986153343,-1.8050607465592603
05/11/2021 08:19:00,0.082,96,13.8,38,989.34,17,34,62,53.807081603088164,-1.8050832350468855
05/11/2021 08:20:00,0.104,96,13.9,37,989.25,17,33,61,53.80704006812217,-1.805252824089635
05/11/2021 08:21:00,0.126,95,14.0,37,989.11,18,37,62,53.80705465318455,-1.8053070481710214
05/11/2021 08:22:00,0.13,95,13.9,39,989.08,16,35,62,53.806970435803436,-1.805840899403225
05/11/2021 08:23:00,0.154,94,14.0,39,989.7,16,36,63,53.807010681930635,-1.8059604114311356
05/11/2021 08:24:00,0.129,95,14.0,38,989.69,17,37,63,53.807074087551996,-1.8059459651058614
05/11/2021 08:25:00,0.163,93,13.8,38,990.3,15,33,63,53.80683107821461,-1.8058157796422887
05/11/2021 08:26:00,0.14,94,13.8,39,990.14,14,34,63,53.80708054573872,-1.806264321827496
05/11/2021 08:27:00,0.22,91,13.8,39,990.3,17,37,62,53.80717403106768,-1.8061689083739998
05/11/2021 08:28:00,0.194,92,13.7,39,989.78,18,38,62,53.8069822404108,-1.8058089475164587
05/11/2021 08:29:00,0.211,92,13.5,39,989.79,14,37,62,53.80736161232801,-1.8061914239984866
05/11/2021 08:30:00,0.214,91,13.6,39,990.03,14,46,63,53.80716294520765,-1.806342787823716
05/11/2021 08:31:00,0.224,91,13.7,39,990.06,11,47,63,53.80697177680039,-1.8058569694858273
05/11/2021 08:32:00,0.189,92,13.7,39,989.8,11,48,64,53.807144712308485,-1.8058575245164696
05/11/2021 08:33:00,0.292,89,13.7,40,990.03,8,39,63,53.80677794290828,-1.8055814432611939
05/11/2021 08:34:00,0.213,92,13.6,39,990.28,7,37,63,53.80697298356371,-1.8061217946016659
05/11/2021 08:35:00,0.228,91,13.5,40,990.03,8,32,62,53.806762712840886,-1.8064172317784304
05/11/2021 08:36:00,0.246,90,13.4,40,989.57,9,26,62,53.80679297909919,-1.8058969506384452
05/11/2021 08:37:00,0.284,89,13.4,40,989.68,9,28,63,53.80688903816667,-1.8060153084992965
05/11/2021 08:38:00,0.345,87,13.4,39,989.33,8,31,62,53.80728611534737,-1.8057348035388632
05/11/2021 08:39:00,0.296,88,13.4,39,989.59,5,35,62,53.80725239625762,-1.8058377218335544
05/11/2021 08:40:00,0.255,90,13.3,39,989.06,6,34,62,53.807252485990276,-1.805837466807761
05/11/2021 08:41:00,0.357,86,13.3,40,989.23,6,35,62,53.80718281366256,-1.8060565907467567
05/11/2021 08:42:00,0.411,84,13.3,40,989.39,8,34,63,53.807188891520816,-1.8060403546080537
05/11/2021 08:43:00,0.405,84,13.1,40,989.24,8,38,63,53.80717189575295,-1.8060984606694386
05/11/2021 08:44:00,0.426,84,13.0,41,989.12,7,36,63,53.8071541388332,-1.8056703334149138
05/11/2021 08:45:00,0.437,83,13.1,40,989.02,,,,53.80705495874082,-1.8055269389889963
05/11/2021 08:46:00,0.555,79,13.1,42,988.87,13,38,64,53.80724678733441,-1.8049981299330984
05/11/2021 08:47:00,0.547,79,13.2,42,988.7,13,38,64,53.80720294180256,-1.8046421450856505
05/11/2021 08:48:00,0.563,78,13.2,41,988.49,15,42,64,53.80716991869375,-1.8045724742292089
05/11/2021 08:49:00,0.505,81,13.4,40,987.98,16,44,63,53.80733574605279,-1.8048305125590465
05/11/2021 08:50:00,0.494,81,13.4,40,988.31,1,1,2,53.807343006901405,-1.8050095872111351
05/11/2021 08:51:00,0.589,77,13.3,41,988.54,1,1,2,53.80731694772192,-1.8049975333622559
05/11/2021 08:52:00,0.557,79,13.4,40,988.69,1,1,2,53.80768834372336,-1.805364421095071
05/11/2021 08:53:00,0.562,78,13.3,40,988.7,1,1,2,53.80768308933973,-1.8053589634619858
05/11/2021 08:54:00,0.458,82,13.3,40,988.77,1,1,2,53.80785823509856,-1.80493924668887
05/11/2021 08:55:00,0.494,81,13.5,41,988.71,1,1,2,53.80783700984974,-1.8048128962513441
05/11/2021 08:56:00,0.534,79,13.3,42,988.46,1,1,2,53.80790414415725,-1.8048542604284958
05/11/2021 08:57:00,0.484,81,13.4,42,988.33,1,1,2,53.80795220525311,-1.8044960544282231
05/11/2021 08:58:00,0.511,80,13.5,43,988.13,1,1,2,53.807802177549235,-1.8043773878613893
05/11/2021 08:59:00,0.533,80,13.4,42,988.04,1,1,2,53.80789103069361,-1.8050532881625339
05/11/2021 09:00:00,0.421,84,13.3,43,988.19,1,1,2,53.80760100030104,-1.805338329659237
05/11/2021 09:01:00,0.429,83,13.4,42,988.47,18,38,67,53.80768124141156,-1.805781564315641
05/11/2021 09:02:00,0.399,85,13.6,42,988.41,20,36,66,53.80755319108546,-1.8053435536583495
05/11/2021 09:03:00,0.39,85,13.7,42,988.24,17,35,67,53.80753773550887,-1.8054753590771548
05/11/2021 09:04:00,0.308,88,13.7,43,988.22,18,40,68,53.80731072479066,-1.8052884038110781
05/11/2021 09:05:00,0.353,86,13.5,44,988.4,17,37,69,53.806907372510764,-1.804990809771899
05/11/2021 09:06:00,0.367,86,13.7,43,988.29,14,33,69,53.80681224942286,-1.804454351657951
05/11/2021 09:07:00,0.369,86,13.8,44,987.83,17,35,67,53.80719718875373,-1.8044719812506225
05/11/2021 09:08:00,0.393,85,14.0,44,987.46,16,37,66,53.80723881383867,-1.8043560823894835
05/11/2021 09:09:00,0.5,81,13.9,44,987.57,14,34,66,53.80759763008102,-1.8045395361045669
05/11/2021 09:10:00,0.443,83,13.9,44,987.76,17,37,66,53.80757988145067,-1.8045581449810997
05/11/2021 09:11:00,0.459,82,13.9,44,987.91,17,37,66,53.807157284584726,-1.8048004808216476
05/11/2021 09:12:00,0.468,82,14.1,45,988.16,15,32,65,53.80701270866802,-1.804571190632137
05/11/2021 09:13:00,0.573,78,14.3,45,987.82,18,33,66,53.807049673461265,-1.8048724665790312
05/11/2021 09:14:00,0.517,80,14.3,44,987.77,20,38,65,53.80675961088382,-1.8051036887166347
05/11/2021 09:15:00,0.614,76,14.1,44,988.42,22,44,65,53.806726675415774,-1.8052153023605724
05/11/2021 09:16:00,0.55,79,14.3,44,988.61,18,39,64,53.80669064115495,-1.8051906690663093
05/11/2021 09:17:00,0.532,80,14.3,44,988.42,21,42,65,53.8070522200796,-1.8055880019604034
05/11/2021 09:18:00,0.509,80,14.3,44,988.33,23,44,63,53.80711159504966,-1.805452681876553
05/11/2021 09:19:00,0.473,82,14.3,44,988.29,,,,53.8072055275116,-1.8051078704653092
05/11/2021 09:20:00,0.381,85,14.3,44,988.08,28,51,64,53.807267980370106,-1.8047418901736403
05/11/2021 09:21:00,0.407,84,14.3,46,988.03,30,51,64,53.80696585647135,-1.804538031688562
05/11/2021 09:22:00,0.378,85,14.2,46,987.8,32,50,63,53.80672975209464,-1.8043686169815862
05/11/2021 09:23:00,0.356,86,14.2,47,987.59,32,50,64,53.80674923917174,-1.8044558263118549
05/11/2021 09:24:00,0.335,87,14.3,48,987.51,30,47,64,53.80676412291929,-1.8044399805799287
05/11/2021 09:25:00,0.398,85,14.3,48,987.41,31,48,64,53.80671327691353,-1.8041840154444684
05/11/2021 09:26:00,0.336,87,14.2,48,987.5,29,49,64,53.806672161100465,-1.80465749775445
05/11/2021 09:27:00,0.293,89,14.3,49,987.66,26,49,63,53.80708996214901,-1.8043997485998589
05/11/2021 09:28:00,0.282,89,14.3,49,988.13,25,47,63,53.80738365007836,-1.804716985628905
05/11/2021 09:29:00,0.297,88,14.3,48,988.43,23,43,63,53.807214539560725,-1.8045158672252486
05/11/2021 09:30:00,0.33,87,14.3,47,988.43,25,44,63,53.80724711257285,-1.804475999180499
05/11/2021 09:31:00,0.304,88,14.4,48,988.16,21,36,63,53.80700551610702,-1.8049018692805594
05/11/2021 09:32:00,0.311,88,14.4,47,987.92,21,33,64,53.80731757250331,-1.8045451721482166
05/11/2021 09:33:00,0.282,89,14.3,47,987.79,24,40,63,53.80733459071306,-1.804708604484907
05/11/2021 09:34:00,0.327,87,14.3,48,987.87,29,51,63,53.80745905956146,-1.8043745887779805
05/11/2021 09:35:00,0.272,89,14.3,46,987.92,28,49,62,53.80763350857113,-1.804490439711447
05/11/2021 09:36:00,0.25,90,14.3,46,987.91,29,51,61,53.80748571919946,-1.8045541290692548
05/11/2021 09:37:00,0.28,89,14.3,46,987.68,28,50,61,53.8072450183948,-1.804424812858719
05/11/2021 09:38:00,0.206,92,14.3,46,988.06,30,50,60,53.80715361518996,-1.8044188690841079
05/11/2021 09:39:00,0.209,92,14.4,45,988.23,25,49,60,53.807073863245,-1.804508544621442
05/11/2021 09:40:00,0.152,94,14.4,45,987.99,24,44,61,53.80708076036749,-1.8043401480694443
05/11/2021 09:41:00,0.198,92,14.4,45,987.83,20,40,61,53.80717877868255,-1.8045018873892988
05/11/2021 09:42:00,0.186,93,14.4,46,988.06,22,42,61,53.80757089375432,-1.8044314381920545
05/11/2021 09:43:00,0.17,93,14.4,46,988.16,22,41,61,53.807342404212186,-1.8038486786080588
05/11/2021 09:44:00,0.21,92,14.2,46,988.3,21,43,62,53.8070683974285,-1.8042645616546629
05/11/2021 09:45:00,0.263,90,14.5,47,988.44,,,,53.807129108594225,-1.8044308557944881
05/11/2021 09:46:00,0.291,89,14.6,46,988.79,18,37,63,53.80710350436635,-1.8043753459429197
05/11/2021 09:47:00,0.293,89,14.5,47,988.28,12,34,64,53.80712993677542,-1.8043783670156939
05/11/2021 09:48:00,0.392,85,14.4,47,988.4,12,34,63,53.80706877866001,-1.8041502153194109
05/11/2021 09:49:00,0.376,85,14.4,47,987.99,14,34,64,53.80716040960734,-1.8042053314086879
05/11/2021 09:50:00,0.427,83,14.5,48,988.1,10,33,65,53.80700737112236,-1.8048772145594063
05/11/2021 09:51:00,0.411,84,14.6,49,987.75,11,30,63,53.80701732648019,-1.8047333613362426
05/11/2021 09:52:00,0.483,81,14.4,48,987.83,11,29,63,53.807037437132664,-1.8043448283927879
05/11/2021 09:53:00,0.51,80,14.5,48,988.16,9,24,61,53.807403519875585,-1.8040825001176046
05/11/2021 09:54:00,0.579,78,14.6,47,988.14,6,20,61,53.80741971308702,-1.804253831068369
05/11/2021 09:55:00,0.527,80,14.6,48,988.05,7,19,60,53.807095374797754,-1.804660316300805
05/11/2021 09:56:00,0.575,78,14.8,47,988.45,5,18,60,53.8071890742844,-1.8045951808235055
05/11/2021 09:57:00,0.619,76,14.9,46,988.48,5,21,60,53.807170962637514,-1.8048957693360337
05/11/2021 09:58:00,0.672,74,14.9,46,988.14,5,20,58,53.8071472433408,-1.8049348640463383
05/11/2021 09:59:00,0.661,75,15.0,46,988.42,5,19,58,53.80740905975465,-1.8046687451298766
05/11/2021 10:00:00,0.611,77,15.0,46,988.31,5,16,59,53.807070302679776,-1.8044888690016467
05/11/2021 10:01:00,0.562,78,15.0,46,988.21,5,18,59,53.80714482907358,-1.8043504782453224
05/11/2021 10:02:00,0.502,81,15.0,48,988.64,4,23,58,53.807081261608005,-1.8041468649950463
05/11/2021 10:03:00,0.527,80,14.9,47,988.78,6,24,58,53.80738317939323,-1.8036272931554223
05/11/2021 10:04:00,0.495,81,14.7,46,988.52,7,24,58,53.807138448743686,-1.8030108329829715
05/11/2021 10:05:00,0.506,81,14.7,47,988.27,7,23,56,53.807203335444704,-1.8028722946944977
05/11/2021 10:06:00,0.438,83,14.6,46,988.49,9,26,56,53.80735454699656,-1.802931107060565
05/11/2021 10:07:00,0.365,86,14.5,45,988.7,8,27,57,53.807061208013145,-1.803451372193329
05/11/2021 10:08:00,0.345,87,14.5,45,988.94,10,30,57,53.80746416913845,-1.803746492030388
05/11/2021 10:09:00,0.35,86,14.2,46,989.07,7,28,58,53.80773160053647,-1.8041071360446144
05/11/2021 10:10:00,0.352,86,14.1,45,989.13,5,26,57,53.80807627985611,-1.8041938356052973
05/11/2021 10:11:00,0.41,84,14.2,43,988.62,8,24,57,53.80811471262864,-1.8044977347652729
05/11/2021 10:12:00,0.425,84,14.2,44,988.84,7,20,57,53.80819049167619,-1.8041157806738788
05/11/2021 10:13:00,0.44,83,14.3,44,988.98,8,20,57,53.80814127774771,-1.8041527243858848
05/11/2021 10:14:00,0.393,85,14.2,44,989.14,6,15,57,53.80816375041398,-1.8041545243458206
05/11/2021 10:15:00,0.362,86,14.1,43,989.04,7,16,58,53.80860842260264,-1.8040693145638018
05/11/2021 10:16:00,0.377,85,14.1,44,989.04,7,18,58,53.808625890554495,-1.8040434517115709
05/11/2021 10:17:00,0.393,85,14.3,44,989.19,6,15,56,53.80871405294233,-1.803974114111347
05/11/2021 10:18:00,0.426,84,14.2,43,989.28,6,17,56,53.80882947520898,-1.80422800513789
05/11/2021 10:19:00,0.443,83,14.2,45,989.2,7,18,54,53.808641906134724,-1.8042349752006872
05/11/2021 10:20:00,0.494,81,14.2,45,989.4,5,14,53,53.808638669569135,-1.803864703707884
05/11/2021 10:21:00,0.493,81,14.0,45,989.05,6,17,53,53.80888714138357,-1.803239307609084
05/11/2021 10:22:00,0.472,82,13.9,44,988.8,9,24,53,53.80853295237495,-1.8028828657466134
05/11/2021 10:23:00,0.509,80,13.9,44,988.64,9,23,53,53.808500647840646,-1.8022072483824705
05/11/2021 10:24:00,0.485,81,13.9,43,988.52,7,21,52,53.808336821402904,-1.8018672805159064
05/11/2021 10:25:00,0.487,81,13.9,44,988.33,5,24,52,53.8080858684967,-1.8017843041607005
05/11/2021 10:26:00,0.541,79,13.9,43,988.59,4,24,53,53.80813746389806,-1.8019585684491188
05/11/2021 10:27:00,0.616,76,13.8,44,988.58,4,20,52,53.80807538931472,-1.8018926701537112
05/11/2021 10:28:00,0.59,77,13.8,44,988.63,5,19,51,53.80819318966027,-1.8020987795682115
05/11/2021 10:29:00,0.57,78,13.8,44,989.21,5,18,51,53.808205684088,-1.8022446527736138
05/11/2021 10:30:00,0.58,78,13.9,45,988.63,6,23,51,53.80841891185115,-1.8023601768755253
05/11/2021 10:31:00,0.517,80,14.0,45,988.23,8,24,50,53.80807096598724,-1.802616555095341
05/11/2021 10:32:00,0.594,77,13.8,45,988.43,9,28,49,53.80820066063989,-1.8026249303114297
05/11/2021 10:33:00,0.574,78,13.9,44,988.23,9,29,49,53.80833693926756,-1.8027492202315654
05/11/2021 10:34:00,0.595,77,13.9,46,988.14,10,32,49,53.80838906011377,-1.8031334930281127
05/11/2021 10:35:00,0.646,75,14.0,46,988.45,9,29,50,53.808559391703035,-1.8024612034547642
05/11/2021 10:36:00,0.663,75,14.0,46,988.75,8,28,50,53.80855874660277,-1.8025203354903516
05/11/2021 10:37:00,0.664,75,13.9,46,988.58,11,26,50,53.80859682881901,-1.8031187237574036
05/11/2021 10:38:00,0.572,78,13.9,45,989.13,9,25,49,53.8089662451194,-1.8031912910033592
05/11/2021 10:39:00,0.553,79,14.1,43,988.93,9,20,48,53.808778808074756,-1.8032225720150645
05/11/2021 10:40:00,0.581,78,14.1,43,988.95,10,24,48,53.80878432261953,-1.8032645169644919
05/11/2021 10:41:00,0.515,80,14.1,42,988.83,12,24,47,53.808717123653885,-1.8033902165396192
05/11/2021 10:42:00,0.523,80,14.2,42,989.01,15,25,47,53.80869699187294,-1.8034491215152173
05/11/2021 10:43:00,0.52,80,14.0,42,989.02,19,28,47,53.80857854898335,-1.80361718049738
05/11/2021 10:44:00,0.478,82,14.0,41,989.08,17,24,47,53.8085683483946,-1.8036117532484874
05/11/2021 10:45:00,0.431,83,14.0,40,989.49,16,22,47,53.80853303207658,-1.8036819996103504
05/11/2021 10:46:00,0.428,83,13.8,40,989.7,13,20,47,53.80889595661393,-1.8037689447626142
05/11/2021 10:47:00,0.477,82,13.7,40,989.55,11,18,47,53.80890667555052,-1.8037760591676661
05/11/2021 10:48:00,0.513,80,13.8,39,989.5,10,16,47,53.80922674471572,-1.8034857418333872
05/11/2021 10:49:00,0.441,83,13.7,40,989.74,11,18,47,53.80934906693011,-1.8037617883884938
05/11/2021 10:50:00,0.408,84,13.7,40,990.0,11,15,47,53.80935781813576,-1.8037819183793913
05/11/2021 10:51:00,0.448,83,13.7,41,990.08,13,17,48,53.80915193020951,-1.8036037562494436
05/11/2021 10:52:00,0.444,83,13.8,41,990.34,14,17,48,53.80915454778739,-1.8033286893102543
05/11/2021 10:53:00,0.473,82,14.0,42,990.38,13,17,48,53.80883692879085,-1.8032525787380458
05/11/2021 10:54:00,0.435,83,13.9,42,990.27,13,15,48,53.808739593915654,-1.8035000199280689
05/11/2021 10:55:00,0.494,81,13.9,43,990.71,13,15,48,53.80842414023683,-1.8040260488277615
05/11/2021 10:56:00,0.522,80,14.0,44,990.81,14,19,48,53.80848188242653,-1.8037132571247936
05/11/2021 10:57:00,0.612,77,14.0,45,990.29,15,20,47,53.80862534191285,-1.8041716096733198
05/11/2021 10:58:00,0.649,75,13.9,46,990.1,14,19,46,53.80847559962556,-1.8043986913811612
05/11/2021 10:59:00,0.604,77,13.9,47,990.4,15,20,47,53.80833644634681,-1.8047757895621932
05/11/2021 11:00:00,0.523,80,13.9,48,991.04,13,22,48,53.808770631769775,-1.8049027804133444
05/11/2021 11:01:00,0.504,81,13.8,48,991.09,13,23,48,53.80876528004877,-1.8048868788881904
05/11/2021 11:02:00,0.56,78,13.7,47,991.45,15,24,49,53.80868810615345,-1.8044859988412587
05/11/2021 11:03:00,0.547,79,14.0,48,991.63,17,26,49,53.80864275876289,-1.8045598758966803
05/11/2021 11:04:00,0.518,80,14.0,48,991.81,14,27,48,53.80869294116865,-1.8045916472845343
05/11/2021 11:05:00,0.497,81,14.1,47,992.16,16,27,48,53.80890976506552,-1.8041741589821716
05/11/2021 11:06:00,0.459,82,14.1,48,992.41,16,25,47,53.808985165649716,-1.8045143215804273
05/11/2021 11:07:00,0.55,79,14.2,48,992.38,17,26,48,53.8089131179057,-1.8048181950391107
05/11/2021 11:08:00,0.565,78,14.3,48,992.48,19,29,48,53.80919943878482,-1.8051212994421246
05/11/2021 11:09:00,0.606,77,14.3,48,992.34,19,30,47,53.80934387638648,-1.805221207522806
05/11/2021 11:10:00,0.572,78,14.4,49,991.75,19,32,47,53.80920706459312,-1.8050777951633974
05/11/2021 11:11:00,0.575,78,14.2,48,992.2,19,33,47,53.8092549393674,-1.8053994372787263
05/11/2021 11:12:00,0.57,78,14.0,47,992.27,17,32,47,53.80931230102541,-1.8059485956085854
05/11/2021 11:13:00,0.491,81,14.1,46,992.32,18,33,47,53.80927137978616,-1.8057559021222893
05/11/2021 11:14:00,0.498,81,14.0,46,992.08,19,33,46,53.80941554333635,-1.805645590128291
05/11/2021 11:15:00,0.461,82,13.9,46,992.4,19,35,47,53.80941860418226,-1.8056449239844694
05/11/2021 11:16:00,0.459,82,14.0,46,992.58,21,38,45,53.8093515388511,-1.8063405183152008
05/11/2021 11:17:00,0.458,82,14.0,45,992.73,19,39,46,53.80966883501552,-1.8062921518415433
05/11/2021 11:18:00,0.406,84,14.0,45,992.6,17,36,46,53.81002722654118,-1.8065014837527225
05/11/2021 11:19:00,0.363,86,13.9,46,992.6,15,34,46,53.8099653939089,-1.8064559000320368
05/11/2021 11:20:00,0.308,88,13.9,45,992.7,16,35,46,53.810112269130904,-1.8071354894641027
05/11/2021 11:21:00,0.213,92,13.7,45,992.76,12,32,46,53.810141902664434,-1.807127125674886
05/11/2021 11:22:00,0.215,91,13.8,45,993.29,11,32,47,53.81042259774054,-1.8067917827994944
05/11/2021 11:23:00,0.273,89,13.8,46,993.5,12,30,47,53.81064149965646,-1.807350551876094
05/11/2021 11:24:00,0.258,90,13.8,45,993.46,11,30,47,53.810787191350045,-1.8071135047594185
05/11/2021 11:25:00,0.286,89,13.8,44,993.13,9,27,46,53.810839942807156,-1.8076800469469922
05/11/2021 11:26:00,0.32,87,13.7,44,993.42,8,27,46,53.81067552799613,-1.807535102759104
05/11/2021 11:27:00,0.323,87,13.7,45,993.29,9,25,46,53.8105689231011,-1.8076096736350467
05/11/2021 11:28:00,0.275,89,13.8,44,993.43,9,26,46,53.810536085220555,-1.806990712247962
05/11/2021 11:29:00,0.238,91,14.0,44,993.39,8,28,47,53.810197691929304,-1.8067939708622833
05/11/2021 11:30:00,0.182,93,14.0,43,993.57,10,32,46,53.80997773420972,-1.8068947625734915
05/11/2021 11:31:00,0.221,91,14.0,45,993.85,9,29,46,53.80966251566746,-1.8068793201586004
05/11/2021 11:32:00,0.23,91,14.0,44,993.52,12,31,47,53.8097371884684,-1.8073373694790664
05/11/2021 11:33:00,0.283,89,13.8,45,993.49,10,32,47,53.80960379904573,-1.8073346766666034
05/11/2021 11:34:00,0.271,89,13.8,46,993.38,7,33,47,53.80964237025785,-1.8072808103962401
05/11/2021 11:35:00,0.204,92,13.8,46,993.62,9,32,47,53.809642871734624,-1.807247331364291
05/11/2021 11:36:00,0.196,92,14.0,47,993.35,10,38,46,53.80965172893893,-1.807101808429551
05/11/2021 11:37:00,0.151,94,13.8,47,993.54,11,36,45,53.809812770810936,-1.8066177094630218
05/11/2021 11:38:00,0.138,94,13.7,49,993.46,13,36,45,53.80994896639779,-1.8068633216916221
05/11/2021 11:39:00,0.154,94,13.7,49,993.6,14,36,44,53.809900908841755,-1.8068657234107064
05/11/2021 11:40:00,0.188,92,13.9,51,994.05,18,38,44,53.80982234773758,-1.8068267721630649
05/11/2021 11:41:00,0.173,93,14.0,51,993.86,18,34,43,53.81026483986426,-1.8069167516476408
05/11/2021 11:42:00,0.192,92,14.0,51,994.12,20,35,44,53.810113127896635,-1.806958797784359
05/11/2021 11:43:00,0.198,92,14.0,51,994.05,20,35,45,53.81030697460925,-1.8064476591487775
05/11/2021 11:44:00,0.181,93,14.2,51,994.21,17,34,45,53.81024208218313,-1.8065967030920693
05/11/2021 11:45:00,0.204,92,14.2,50,994.3,14,32,45,53.81007508086922,-1.807070989932014
05/11/2021 11:46:00,0.114,95,14.2,50,994.34,14,33,46,53.809945758922964,-1.8065725562906918
05/11/2021 11:47:00,0.184,93,14.1,50,994.14,13,31,46,53.81010327889519,-1.8065510004329723
05/11/2021 11:48:00,0.133,95,14.0,51,994.39,14,32,45,53.809788840192525,-1.8064509412763303
05/11/2021 11:49:00,0.255,90,13.9,52,994.47,14,29,45,53.80991251708462,-1.806470442816976
05/11/2021 11:50:00,0.363,86,14.0,52,994.74,13,30,44,53.81004221297391,-1.80645556654902
05/11/2021 11:51:00,0.281,89,13.7,52,995.33,14,32,44,53.81023318729437,-1.8066372711706078
05/11/2021 11:52:00,0.276,89,13.6,52,995.56,16,35,44,53.810163610315044,-1.8067384164435993
05/11/2021 11:53:00,0.284,89,13.5,52,995.12,15,35,44,53.810154955818874,-1.806364303089414
05/11/2021 11:54:00,0.212,92,13.5,51,995.1,16,36,45,53.81008259882818,-1.8064378115431252
05/11/2021 11:55:00,0.186,93,13.5,51,995.31,17,34,45,53.81020440037333,-1.8065173061623203
05/11/2021 11:56:00,0.135,94,13.4,50,995.36,14,33,47,53.81030493285238,-1.8066726037020777
05/11/2021 11:57:00,0.145,94,13.3,52,995.06,12,28,47,53.81023877710098,-1.8066507642406862
05/11/2021 11:58:00,0.097,96,13.4,51,995.33,13,29,46,53.810153957568495,-1.8070408518796615
05/11/2021 11:59:00,0.226,91,13.4,49,995.29,10,30,47,53.81021776055006,-1.8068835125703628
05/11/2021 12:00:00,0.15,94,13.3,50,995.48,9,30,48,53.81043544206787,-1.806814871193405
05/11/2021 12:01:00,0.139,94,13.2,50,995.38,12,32,49,53.81042596758877,-1.8068401232564597
05/11/2021 12:02:00,0.132,95,13.2,51,995.78,11,29,50,53.81077498878817,-1.8068819031257415
05/11/2021 12:03:00,0.215,91,13.3,51,995.34,10,26,50,53.810707178196225,-1.8070002825722051
05/11/2021 12:04:00,0.199,92,13.3,51,994.79,10,25,51,53.81068937319552,-1.806998320618325
05/11/2021 12:05:00,0.275,89,13.3,50,995.06,8,23,52,53.81062126263181,-1.8074792117907663
05/11/2021 12:06:00,0.291,89,13.3,51,995.06,9,25,53,53.810446943346754,-1.8067866545011726
05/11/2021 12:07:00,0.371,86,13.3,51,995.09,8,26,53,53.81070996785605,-1.8065773770825473
05/11/2021 12:08:00,0.354,86,13.2,50,994.85,6,26,52,53.810868010759556,-1.8059392752688719
05/11/2021 12:09:00,0.38,85,13.2,50,994.33,6,24,53,53.81107091542405,-1.8064580998076665
05/11/2021 12:10:00,0.418,84,13.4,49,994.71,6,25,52,53.81105712430043,-1.806480866539207
05/11/2021 12:11:00,0.436,83,13.4,50,994.75,8,27,52,53.81086665084024,-1.8069793779519796
05/11/2021 12:12:00,0.458,82,13.3,49,995.24,9,29,51,53.81057477068095,-1.8071933436494707
05/11/2021 12:13:00,0.457,82,13.2,48,995.49,8,28,52,53.810937581061445,-1.8069687644854002
05/11/2021 12:14:00,0.39,85,13.4,46,995.28,7,26,53,53.81100838644344,-1.807116337629387
05/11/2021 12:15:00,0.319,88,13.5,46,994.99,8,27,52,53.81099816014009,-1.8071623840086515
05/11/2021 12:16:00,0.312,88,13.4,46,994.71,9,33,53,53.81086920093743,-1.8072936376097404
05/11/2021 12:17:00,0.339,87,13.4,46,994.49,9,33,52,53.81105998919512,-1.8072005571843792
05/11/2021 12:18:00,0.381,85,13.3,46,994.27,12,37,53,53.81099705410643,-1.8070826576452677
05/11/2021 12:19:00,0.362,86,13.4,43,994.35,10,33,52,53.81100246114512,-1.807624616655144
05/11/2021 12:20:00,0.345,87,13.4,43,994.12,11,35,53,53.81096217617054,-1.8077171852561387
05/11/2021 12:21:00,0.394,85,13.5,41,993.81,9,35,52,53.811078185153676,-1.807558676571913
05/11/2021 12:22:00,0.402,84,13.5,41,994.2,7,34,53,53.81099782774417,-1.8077189930393869
05/11/2021 12:23:00,0.421,84,13.6,41,994.62,7,37,52,53.81065540371566,-1.8078314562491558
05/11/2021 12:24:00,0.375,85,13.6,40,994.54,12,35,53,53.810640063189574,-1.8078880629054166
05/11/2021 12:25:00,0.439,83,13.4,42,994.72,10,33,52,53.81051240462142,-1.8075626519241133
05/11/2021 12:26:00,0.444,83,13.4,43,994.98,10,29,51,53.81077477294511,-1.8071239223397613
05/11/2021 12:27:00,0.56,79,13.4,43,995.08,11,31,52,53.81083923143597,-1.8071125266113162
05/11/2021 12:28:00,0.437,83,13.3,43,995.3,10,32,53,53.811180413268104,-1.8072189286323963
05/11/2021 12:29:00,0.469,82,13.3,42,995.7,12,33,55,53.81103035592302,-1.8071541209809099
05/11/2021 12:30:00,0.478,82,13.0,41,996.22,11,32,54,53.81129294323534,-1.8069550566905592
05/11/2021 12:31:00,0.538,79,13.0,42,996.2,12,34,54,53.811244044619244,-1.8072520526287834
05/11/2021 12:32:00,0.595,77,13.0,42,996.1,11,39,56,53.81136168319213,-1.8069477986957572
05/11/2021 12:33:00,0.597,77,13.2,41,996.41,10,38,55,53.811311186574706,-1.806926930687558
05/11/2021 12:34:00,0.599,77,13.3,40,996.77,9,36,54,53.81132105098125,-1.8069810991249733
05/11/2021 12:35:00,0.512,80,13.3,39,996.92,12,42,54,53.81123249508318,-1.8069348150455036
05/11/2021 12:36:00,0.553,79,13.5,39,996.98,13,43,55,53.81112068863457,-1.8074255898178322
05/11/2021 12:37:00,0.518,80,13.4,39,997.12,10,46,54,53.81121985433829,-1.8073867160705703
05/11/2021 12:38:00,0.576,78,13.4,39,997.17,9,45,54,53.81121375875544,-1.8073833575937155
05/11/2021 12:39:00,0.594,77,13.5,40,996.64,9,41,54,53.811578696040684,-1.8076868551169942
05/11/2021 12:40:00,0.558,79,13.5,39,996.11,13,44,54,53.81147147863663,-1.807778958937197
05/11/2021 12:41:00,0.545,79,13.4,39,996.02,11,40,54,53.81178510017537,-1.8075181486445284
05/11/2021 12:42:00,0.563,78,13.6,39,996.24,15,47,56,53.81218357058758,-1.8077720427134332
05/11/2021 12:43:00,0.558,79,13.7,40,996.4,15,47,55,53.81235722734335,-1.807891896766356
05/11/2021 12:44:00,0.536,79,13.5,40,995.93,17,45,55,53.812499029293555,-1.8082686913528747
05/11/2021 12:45:00,0.466,82,13.7,39,996.02,12,42,54,53.81248477613869,-1.808489504801196
05/11/2021 12:46:00,0.504,81,13.7,40,996.27,10,46,54,53.81255879501254,-1.8085147974807212
05/11/2021 12:47:00,0.446,83,13.8,42,996.28,13,45,56,53.812857307088855,-1.8081986238723673
05/11/2021 12:48:00,0.479,82,13.8,42,996.33,14,42,56,53.81300359987317,-1.8079571142728816
05/11/2021 12:49:00,0.479,82,13.7,43,996.73,9,41,56,53.813288412819226,-1.8084633378397441
05/11/2021 12:50:00,0.514,80,13.6,42,996.46,8,37,57,53.81334817219685,-1.8084649042603844
05/11/2021 12:51:00,0.522,80,13.7,43,996.76,8,42,57,53.81346907810773,-1.8087293711338734
05/11/2021 12:52:00,0.446,83,13.6,44,996.62,7,40,57,53.813150768313726,-1.8083256372155563
05/11/2021 12:53:00,0.399,85,13.7,44,996.53,6,40,57,53.813084526954896,-1.8075943021482694
05/11/2021 12:54:00,0.347,86,13.8,45,996.15,5,39,57,53.81319663049744,-1.8076185019730246
05/11/2021 12:55:00,0.35,86,13.8,45,996.17,7,46,57,53.81295129382759,-1.8073306656493624
05/11/2021 12:56:00,0.372,86,13.8,47,996.11,8,42,56,53.812948166336305,-1.8077322552844244
05/11/2021 12:57:00,0.492,81,13.8,48,996.59,9,45,56,53.81329438231937,-1.8081501889418723
05/11/2021 12:58:00,0.534,79,13.7,49,996.56,11,47,56,53.81314220498134,-1.807604924983514
05/11/2021 12:59:00,0.566,78,13.8,49,997.1,11,44,55,53.81315932372335,-1.807477429933481
05/11/2021 13:00:00,0.548,79,13.8,49,996.63,10,43,55,53.81314089648549,-1.8075065147668214
05/11/2021 13:01:00,0.524,80,13.8,48,996.97,9,39,54,53.8130495909696,-1.8074947834038024
05/11/2021 13:02:00,0.558,79,13.7,47,996.84,12,39,53,53.813158294703406,-1.8073219276674566
05/11/2021 13:03:00,0.53,80,13.9,47,996.89,8,42,53,53.81307851079853,-1.8065858757993711
05/11/2021 13:04:00,0.632,76,14.0,48,997.26,8,44,54,53.8131712726613,-1.8066894024147484
05/11/2021 13:05:00,0.571,78,14.1,48,997.17,8,45,55,53.81305732653425,-1.806325164420604
05/11/2021 13:06:00,0.579,78,14.1,48,997.3,11,47,55,53.81277724386321,-1.806421442333213
05/11/2021 13:07:00,0.533,79,14.1,47,997.53,8,43,54,53.812984629461354,-1.806725749818442
05/11/2021 13:08:00,0.491,81,14.1,46,997.35,6,39,54,53.81282992108869,-1.8068994775590543
05/11/2021 13:09:00,0.471,82,14.0,47,997.36,7,39,54,53.81259201868131,-1.8066902440943675
05/11/2021 13:10:00,0.577,78,13.9,46,997.41,10,40,54,53.81264419541825,-1.8067573675237867
05/11/2021 13:11:00,0.572,78,13.9,46,997.64,11,40,53,53.81260734750934,-1.807419068550905
05/11/2021 13:12:00,0.588,77,14.0,46,997.28,10,44,53,53.81258927246722,-1.8073811548277707
05/11/2021 13:13:00,0.553,79,14.0,45,997.21,10,43,53,53.81262095700942,-1.807609907912142
05/11/2021 13:14:00,0.486,81,14.1,47,997.08,12,41,52,53.81281934932489,-1.8074868753254143
05/11/2021 13:15:00,0.527,80,14.1,47,996.57,11,41,52,53.812802773255534,-1.8074129928713671
05/11/2021 13:16:00,0.521,80,14.0,47,996.43,14,43,53,53.81289502063743,-1.8075274097245067
05/11/2021 13:17:00,0.542,79,14.0,46,996.78,9,39,52,53.81259321371279,-1.8072552058292923
05/11/2021 13:18:00,0.553,79,14.0,47,996.44,12,39,53,53.813036399488816,-1.8072992247241604
05/11/2021 13:19:00,0.525,80,14.0,47,996.3,14,38,51,53.81285870814948,-1.8075083286939593
05/11/2021 13:20:00,0.521,80,14.0,48,996.25,16,42,52,53.81302635194757,-1.8074241305631107
05/11/2021 13:21:00,0.413,84,13.8,49,996.63,15,39,51,53.813064950117685,-1.8078367236021258
05/11/2021 13:22:00,0.228,91,13.7,48,996.62,13,37,50,53.812894876658206,-1.8077766935316104
05/11/2021 13:23:00,0.207,92,13.6,49,996.75,16,41,51,53.81298868044779,-1.8080722031558158
05/11/2021 13:24:00,0.162,93,13.6,49,996.62,17,37,51,53.81288690896195,-1.8083383416967556
05/11/2021 13:25:00,0.197,92,13.6,49,996.13,15,35,52,53.81244845336874,-1.8084956273581199
05/11/2021 13:26:00,0.209,92,13.5,49,996.12,15,36,52,53.81249221733349,-1.8088717862482129
05/11/2021 13:27:00,0.23,91,13.4,50,995.92,16,37,53,53.8125483466506,-1.8087576806541596
05/11/2021 13:28:00,0.152,94,13.5,51,996.01,16,42,52,53.81243281258464,-1.8082162399898782
05/11/2021 13:29:00,0.225,91,13.4,51,995.8,15,42,52,53.81241809537553,-1.8081847056803928
05/11/2021 13:30:00,0.257,90,13.6,51,995.52,17,43,52,53.81217248790374,-1.8078591154293155
05/11/2021 13:31:00,0.167,93,13.4,50,996.07,15,43,53,53.81224521638869,-1.8079413300856526
05/11/2021 13:32:00,0.198,92,13.3,48,996.01,17,43,53,53.812194776810074,-1.8075581069822582
05/11/2021 13:33:00,0.281,89,13.3,48,995.76,17,43,52,53.812209120000006,-1.8075862735437491
05/11/2021 13:34:00,0.309,88,13.3,50,996.07,16,40,51,53.8124660512458,-1.8081981103779228
05/11/2021 13:35:00,0.393,85,13.5,50,995.77,16,40,50,53.81246628711953,-1.8082026829231583
05/11/2021 13:36:00,0.442,83,13.5,49,995.66,18,40,50,53.812221490013215,-1.8076059391359902
05/11/2021 13:37:00,0.453,83,13.6,50,995.96,18,34,49,53.81193347883203,-1.8076071976943777
05/11/2021 13:38:00,0.434,83,13.7,50,996.02,19,37,48,53.811779144141276,-1.8080968886422715
05/11/2021 13:39:00,0.445,83,13.5,50,995.78,24,40,48,53.81179483979804,-1.8081075395872774
05/11/2021 13:40:00,0.546,79,13.4,49,995.96,22,39,47,53.81220091741453,-1.8079270967164058
05/11/2021 13:41:00,0.553,79,13.5,49,996.48,25,40,47,53.812224124430536,-1.8083231449531134
05/11/2021 13:42:00,0.544,79,13.3,48,996.53,24,39,47,53.81220698462814,-1.8088084462516998
05/11/2021 13:43:00,0.612,77,13.4,47,996.54,25,39,48,53.81224930339801,-1.8087992512844258
05/11/2021 13:44:00,0.662,75,13.3,46,996.64,23,36,48,53.812146067197624,-1.8084160047107323
05/11/2021 13:45:00,0.691,74,13.4,45,996.55,24,37,50,53.811984691727005,-1.8081200474644772
05/11/2021 13:46:00,0.726,72,13.4,45,996.39,25,37,51,53.811939532197044,-1.807866411029996
05/11/2021 13:47:00,0.799,70,13.4,45,996.49,,,,53.81206718835134,-1.8084424596320356
05/11/2021 13:48:00,0.864,67,13.4,45,996.55,21,37,49,53.81196207068165,-1.809139957168607
05/11/2021 13:49:00,0.867,67,13.3,45,996.27,17,38,48,53.812225103367034,-1.8087534671283059
05/11/2021 13:50:00,0.856,67,13.4,44,996.23,20,39,48,53.81243279100803,-1.8087685401359912
05/11/2021 13:51:00,0.942,64,13.3,44,996.21,14,32,47,53.81221179882024,-1.808669918548427
05/11/2021 13:52:00,1.008,62,13.2,44,996.21,,,,53.81242715573074,-1.8083804692664194
05/11/2021 13:53:00,1.054,60,13.4,45,995.91,11,29,48,53.812274465429724,-1.8086084096765573
05/11/2021 13:54:00,1.101,58,13.3,44,995.84,10,26,49,53.8122676755648,-1.8088361880932724
05/11/2021 13:55:00,1.013,62,13.2,44,996.53,7,25,51,53.81225550077995,-1.8087806792013454
05/11/2021 13:56:00,1.044,60,13.2,44,996.51,5,28,50,53.812192259118156,-1.8088141267960072
05/11/2021 13:57:00,1.053,60,13.4,44,996.48,5,26,51,53.81225661617478,-1.808245240797949
05/11/2021 13:58:00,1.1,58,13.2,43,996.76,7,32,51,53.811969887724665,-1.8086704248663819
05/11/2021 13:59:00,1.113,58,13.2,44,996.61,9,31,51,53.81197459225507,-1.8086366400132634
05/11/2021 14:00:00,1.181,55,13.1,44,996.61,8,32,52,53.81187976213806,-1.8086401095457125
05/11/2021 14:01:00,1.238,53,13.3,43,996.56,5,31,54,53.8120978998524,-1.8086685379588197
05/11/2021 14:02:00,1.314,50,13.2,43,996.68,5,27,53,53.81200257600198,-1.808561874951291
05/11/2021 14:03:00,1.414,46,13.3,42,996.62,5,23,53,53.811721061875055,-1.8089733541951647
05/11/2021 14:04:00,1.37,48,13.1,42,996.46,5,20,53,53.81134028761428,-1.8086311777257158
05/11/2021 14:05:00,1.424,46,13.1,41,995.99,5,21,53,53.811689813825936,-1.8087019318449786
05/11/2021 14:06:00,1.424,46,13.1,40,995.64,3,17,53,53.81201227365957,-1.8091976261483829
05/11/2021 14:07:00,1.435,46,13.1,40,995.51,3,15,53,53.812103461815155,-1.8095128171518615
05/11/2021 14:08:00,1.451,45,13.2,39,995.76,3,16,53,53.811839944149305,-1.809415776244769
05/11/2021 14:09:00,1.425,46,13.1,40,995.51,4,16,53,53.81188316602009,-1.8094066672967395
05/11/2021 14:10:00,1.455,45,13.0,39,995.84,5,14,52,53.81213012463021,-1.809256637647262
05/11/2021 14:11:00,1.475,44,12.9,38,995.96,5,15,53,53.81217572608256,-1.8089949458562258
05/11/2021 14:12:00,1.441,45,12.8,38,995.83,5,15,52,53.812028226593306,-1.809693252572518
05/11/2021 14:13:00,1.552,41,12.7,38,996.06,6,16,53,53.812185069333495,-1.8090903735457502
05/11/2021 14:14:00,1.572,41,12.6,39,996.09,3,16,54,53.81221555981104,-1.8085638697618551
05/11/2021 14:15:00,1.569,41,12.4,40,996.22,5,16,53,53.81244550376793,-1.808575549611996
05/11/2021 14:16:00,1.56,41,12.4,39,996.66,6,19,53,53.81251200402772,-1.8084210882871956
05/11/2021 14:17:00,1.602,39,12.5,39,996.62,5,16,53,53.812197997052046,-1.808724132548422
05/11/2021 14:18:00,1.56,41,12.6,39,996.8,5,15,54,53.81220113958976,-1.8086301133541043
05/11/2021 14:19:00,1.617,39,12.4,38,996.54,6,19,55,53.812525032861515,-1.8083243456882183
05/11/2021 14:20:00,1.632,38,12.5,39,996.37,4,15,56,53.812341132956604,-1.8086178788169953
05/11/2021 14:21:00,1.629,38,12.4,38,996.51,6,18,55,53.81210867547386,-1.8090873880599534
05/11/2021 14:22:00,1.589,40,12.4,39,996.64,8,23,54,53.81227213305578,-1.8086487112383598
05/11/2021 14:23:00,1.582,40,12.4,38,996.79,7,20,53,53.81225680796306,-1.8079925263650678
05/11/2021 14:24:00,1.569,41,12.4,38,996.91,5,15,53,53.81228097795221,-1.8077614121047805
05/11/2021 14:25:00,1.487,44,12.5,38,996.52,7,19,52,53.812497341991794,-1.8079930462134481
05/11/2021 14:26:00,1.457,45,12.5,38,996.35,11,24,52,53.81254545805922,-1.8080177771388992
05/11/2021 14:27:00,1.392,47,12.5,38,995.75,8,23,52,53.812571116447195,-1.808079976254487
05/11/2021 14:28:00,1.457,45,12.2,39,995.8,9,21,52,53.812538836901666,-1.8078823212773465
05/11/2021 14:29:00,1.426,46,12.4,38,995.71,9,23,54,53.812544567647926,-1.8078756782537995
05/11/2021 14:30:00,1.355,49,12.3,38,995.46,11,26,53,53.81254256514031,-1.807212498322621
05/11/2021 14:31:00,1.334,49,12.3,37,995.61,9,26,54,53.812364187101835,-1.8067970762633008
05/11/2021 14:32:00,1.31,50,12.3,37,995.78,10,24,54,53.81241099296538,-1.8075125212303809
05/11/2021 14:33:00,1.323,50,12.3,37,996.25,12,23,53,53.8126488989011,-1.8075190659745137
05/11/2021 14:34:00,1.336,49,12.2,38,996.25,14,25,53,53.81227540983112,-1.8077009845810408
05/11/2021 14:35:00,1.336,49,12.1,39,996.11,15,27,53,53.8120881660839,-1.8074573192264707
05/11/2021 14:36:00,1.3,51,12.2,40,996.0,14,26,53,53.81223543170989,-1.8077718674637273
05/11/2021 14:37:00,1.305,51,12.1,41,996.63,14,27,54,53.812361607959836,-1.807922961545493
05/11/2021 14:38:00,1.288,51,12.0,41,996.66,13,24,52,53.812679438042736,-1.8080497012478371
05/11/2021 14:39:00,1.286,51,11.9,41,996.45,13,24,52,53.812648529318984,-1.8081068097361819
05/11/2021 14:40:00,1.293,51,11.8,40,996.24,14,25,52,53.81286853430182,-1.8079021721460022
05/11/2021 14:41:00,1.338,49,11.7,39,996.32,14,24,51,53.812793494958115,-1.8080112604764467
05/11/2021 14:42:00,1.388,47,11.6,38,996.57,15,25,51,53.81283372078578,-1.807884685980167
05/11/2021 14:43:00,1.478,44,11.7,39,996.87,17,29,50,53.81294800864182,-1.8078231103637847
05/11/2021 14:44:00,1.416,46,11.9,39,996.62,18,28,50,53.81281869688891,-1.8076291429507594
05/11/2021 14:45:00,1.461,45,11.9,40,996.99,19,29,50,53.812940630069356,-1.8073226131358264
05/11/2021 14:46:00,1.458,45,12.0,40,996.6,23,32,51,53.81308543577739,-1.8067126321249256
05/11/2021 14:47:00,1.478,44,12.1,40,996.46,22,33,52,53.813049755796314,-1.807433454277614
05/11/2021 14:48:00,1.439,46,12.0,42,996.69,23,35,52,53.81312703729315,-1.8070946168962707
05/11/2021 14:49:00,1.46,45,12.0,42,996.72,26,40,52,53.8130854837661,-1.8071123687809818
05/11/2021 14:50:00,1.437,46,12.1,41,996.64,28,41,52,53.81291555781392,-1.8064955255151032
05/11/2021 14:51:00,1.422,46,12.1,40,996.64,23,34,51,53.81291756741312,-1.8070152903594632
05/11/2021 14:52:00,1.377,48,12.1,40,997.11,23,32,53,53.8129152219767,-1.8070165325925007
05/11/2021 14:53:00,1.301,51,12.2,40,996.88,21,30,52,53.81309271400521,-1.8064103029857845
05/11/2021 14:54:00,1.282,51,12.1,41,996.71,24,33,54,53.81301530036959,-1.80610502868586
05/11/2021 14:55:00,1.338,49,12.1,41,996.28,25,37,56,53.81310629753196,-1.8061259495512028
05/11/2021 14:56:00,1.328,50,12.2,41,995.83,28,42,56,53.81302883259043,-1.806298366477139
05/11/2021 14:57:00,1.333,50,12.0,42,996.07,32,45,56,53.812871176594015,-1.806256276024505
05/11/2021 14:58:00,1.36,49,12.2,41,996.11,27,41,56,53.812589412299054,-1.80624246978329
05/11/2021 14:59:00,1.363,48,12.1,40,995.81,27,41,55,53.81276065721293,-1.8069393243986116
05/11/2021 15:00:00,1.288,51,12.1,40,996.03,28,42,55,53.81276354966411,-1.8069408979520263
05/11/2021 15:01:00,1.221,54,12.1,41,996.45,29,41,55,53.812767843211326,-1.806960786869251
05/11/2021 15:02:00,1.241,53,12.3,40,996.61,28,39,55,53.812820581438714,-1.8068861446624263
05/11/2021 15:03:00,1.239,53,12.3,39,996.29,24,36,55,53.81275229708416,-1.806558641308719
05/11/2021 15:04:00,1.2,55,12.1,40,996.64,24,34,55,53.81267540373708,-1.8067513279445468
05/11/2021 15:05:00,1.289,51,12.1,41,996.64,19,31,55,53.81268557875378,-1.8066324449892242
05/11/2021 15:06:00,1.191,55,11.9,40,996.12,20,34,55,53.812431886915796,-1.806291114213385
05/11/2021 15:07:00,1.24,53,11.9,39,996.16,23,39,55,53.81251084978578,-1.8060270330874326
05/11/2021 15:08:00,1.251,53,12.0,40,996.38,21,39,55,53.812476287780534,-1.8061300448410935
05/11/2021 15:09:00,1.202,54,12.2,40,996.48,26,45,56,53.81263531115048,-1.806532773920717
05/11/2021 15:10:00,1.204,54,12.2,39,996.91,27,45,56,53.81261636047476,-1.806943868911614
05/11/2021 15:11:00,1.215,54,12.0,39,996.8,26,43,57,53.81263782606726,-1.8069792196670478
05/11/2021 15:12:00,1.189,55,12.0,40,996.97,26,44,58,53.81278655436377,-1.8065665267658622
05/11/2021 15:13:00,1.173,56,12.1,40,997.19,24,41,56,53.812633474867255,-1.806667142825886
05/11/2021 15:14:00,1.217,54,12.0,41,997.2,23,40,56,53.81268220632935,-1.806682952470144
05/11/2021 15:15:00,1.228,53,12.0,42,997.33,24,38,56,53.81264563034759,-1.8066544794300645
05/11/2021 15:16:00,1.267,52,12.0,43,997.38,22,36,55,53.81259797215929,-1.8064994239703518
05/11/2021 15:17:00,1.281,51,11.9,43,997.07,19,33,55,53.812847554501325,-1.8065951298630512
05/11/2021 15:18:00,1.237,53,11.7,42,997.17,18,28,55,53.81259341612826,-1.8065341146259977
05/11/2021 15:19:00,1.227,54,11.6,43,997.41,18,26,55,53.81259460279348,-1.8066073222670422
05/11/2021 15:20:00,1.181,55,11.5,43,997.96,17,23,54,53.812601048922915,-1.806662556385536
05/11/2021 15:21:00,1.164,56,11.5,44,998.07,15,21,54,53.81291195102821,-1.8068951323270814
05/11/2021 15:22:00,1.247,53,11.6,43,998.16,15,20,54,53.81277546124527,-1.8071011601637792
05/11/2021 15:23:00,1.281,51,11.7,43,998.24,15,19,55,53.812875728189766,-1.8072373718005679
05/11/2021 15:24:00,1.345,49,11.7,44,998.22,11,15,55,53.81253670988726,-1.8069512577906914
05/11/2021 15:25:00,1.303,51,11.7,45,998.11,10,14,54,53.81250606399419,-1.806966374680669
05/11/2021 15:26:00,1.255,52,11.9,46,997.92,11,14,54,53.81240669600162,-1.8068872926904345
05/11/2021 15:27:00,1.275,52,11.7,45,997.84,12,16,54,53.81259921270453,-1.807009027499709
05/11/2021 15:28:00,1.369,48,11.8,46,997.86,10,15,54,53.812616696951316,-1.8066863865142315
05/11/2021 15:29:00,1.453,45,11.8,45,997.79,13,17,54,53.81244287785629,-1.806730916235518
05/11/2021 15:30:00,1.53,42,11.8,46,997.81,15,21,54,53.81257684101213,-1.8067776648568021
05/11/2021 15:31:00,1.51,43,11.8,46,997.88,13,18,55,53.812418428178056,-1.8068912767164818
05/11/2021 15:32:00,1.562,41,11.8,46,997.97,17,26,54,53.81270307634204,-1.806932917141647
05/11/2021 15:33:00,1.624,39,11.9,46,998.23,16,24,54,53.8128069654861,-1.8068505108568513
05/11/2021 15:34:00,1.605,39,11.9,47,998.25,23,32,55,53.81283629124442,-1.8065380773046877
05/11/2021 15:35:00,1.687,36,11.8,46,998.08,21,31,54,53.81293441011619,-1.8068658085309255
05/11/2021 15:36:00,1.71,35,11.9,46,998.29,24,32,53,53.81294109313557,-1.8070298077348852
05/11/2021 15:37:00,1.737,34,11.9,46,998.05,21,27,53,53.81292758095787,-1.8071172159492919
05/11/2021 15:38:00,1.741,34,12.0,47,998.11,23,29,53,53.81307394417623,-1.8065559533023199
05/11/2021 15:39:00,1.751,34,12.0,46,997.98,20,28,53,53.813081913215534,-1.8065089843920212
05/11/2021 15:40:00,1.738,34,12.0,46,997.85,25,32,53,53.813053449052425,-1.806559202879109
05/11/2021 15:41:00,1.692,36,11.9,47,998.02,25,33,52,53.81310418489197,-1.8066935695946065
05/11/2021 15:42:00,1.67,37,11.8,46,997.85,28,36,53,53.813195328692146,-1.8069315863488074
05/11/2021 15:43:00,1.689,36,11.7,45,997.78,30,37,51,53.8131802996983,-1.8069429369255572
05/11/2021 15:44:00,1.688,36,11.8,46,997.45,28,36,51,53.81298408577075,-1.8064379847030594
05/11/2021 15:45:00,1.709,35,11.6,46,997.46,26,36,52,53.813315490818916,-1.8065467489746279
05/11/2021 15:46:00,1.715,35,11.7,45,997.69,24,35,50,53.8136188226082,-1.8066845164993466
05/11/2021 15:47:00,1.703,36,11.8,46,997.79,29,40,52,53.81340964839238,-1.8068513773224402
05/11/2021 15:48:00,1.746,34,11.9,46,997.55,29,40,53,53.81363063992149,-1.806814784245358
05/11/2021 15:49:00,1.751,34,12.0,46,997.84,25,36,54,53.813580174986804,-1.8069055086873316
05/11/2021 15:50:00,1.654,37,12.0,44,998.11,30,38,54,53.81359629655648,-1.8069420693410982
05/11/2021 15:51:00,1.766,33,12.0,43,997.99,28,33,54,53.81360573612698,-1.8070130208230717
05/11/2021 15:52:00,1.841,30,11.8,43,997.84,25,32,54,53.813614451486835,-1.8070355810134937
05/11/2021 15:53:00,1.813,32,11.7,44,997.85,21,29,53,53.8137311880367,-1.8068719554037673
05/11/2021 15:54:00,1.827,31,11.7,43,997.53,25,34,51,53.81358136690868,-1.8063529798515385
05/11/2021 15:55:00,1.76,34,11.9,44,997.46,27,38,51,53.81359103360439,-1.806329299526011
05/11/2021 15:56:00,1.763,33,11.8,44,997.66,25,39,52,53.813406072100605,-1.8069712348199607
05/11/2021 15:57:00,1.769,33,11.9,44,997.62,26,39,53,53.813482750896576,-1.8076623504219154
05/11/2021 15:58:00,1.766,33,11.9,45,997.42,25,34,52,53.813505604537944,-1.807798985956142
05/11/2021 15:59:00,1.704,36,11.9,45,997.49,25,34,52,53.813622711281496,-1.8075346365168805
05/11/2021 16:00:00,1.804,32,11.8,44,997.7,23,35,51,53.81378691453302,-1.807594121979622
05/11/2021 16:01:00,1.745,34,11.7,44,997.76,19,29,51,53.81339761026186,-1.8076820937190727
05/11/2021 16:02:00,1.792,32,11.7,45,997.59,16,25,50,53.81353324664023,-1.8077544112047879
05/11/2021 16:03:00,1.82,31,11.9,45,997.3,17,27,51,53.81353365655196,-1.8077785764753866
05/11/2021 16:04:00,1.727,35,11.9,44,997.51,15,24,51,53.81322303926942,-1.807591876808635
05/11/2021 16:05:00,1.699,36,11.8,45,997.37,15,23,51,53.81291307441812,-1.8072086245383168
05/11/2021 16:06:00,1.706,36,11.7,45,997.55,14,23,51,53.81305106509297,-1.8070309273862284
05/11/2021 16:07:00,1.722,35,11.8,45,996.83,14,24,51,53.81274392267013,-1.8071460015764078
05/11/2021 16:08:00,1.736,34,11.8,46,996.64,15,26,50,53.81298885792551,-1.8065763069845862
05/11/2021 16:09:00,1.798,32,11.8,45,996.75,13,25,50,53.81289588967389,-1.8062122012802975
05/11/2021 16:10:00,1.79,32,11.8,45,996.47,12,24,49,53.81271456781899,-1.8060857630853953
05/11/2021 16:11:00,1.755,34,11.8,45,996.13,10,19,50,53.8127210460346,-1.8060526189957142
05/11/2021 16:12:00,1.723,35,11.7,45,995.72,10,16,50,53.81300583668127,-1.8061968116638873
05/11/2021 16:13:00,1.828,31,11.7,45,995.6,9,14,49,53.81264694607992,-1.8059098642736855
05/11/2021 16:14:00,1.771,33,11.8,45,996.06,10,16,49,53.81254862495136,-1.8059172942084425
05/11/2021 16:15:00,1.806,32,11.9,44,995.81,11,16,49,53.81234734771764,-1.8055223958052544
05/11/2021 16:16:00,1.814,31,12.0,43,995.87,12,17,49,53.81219228659121,-1.8052815275908425
05/11/2021 16:17:00,1.738,34,12.1,45,995.98,13,19,50,53.81231452112682,-1.8056759288028534
05/11/2021 16:18:00,1.747,34,12.0,46,996.11,12,16,49,53.81246387192179,-1.8052307561098029
05/11/2021 16:19:00,1.856,30,12.0,46,996.1,10,16,50,53.81251275144566,-1.8052493891195847
05/11/2021 16:20:00,1.834,31,11.8,46,996.1,9,15,50,53.81222864798607,-1.8054645158825833
05/11/2021 16:21:00,1.822,31,11.7,46,996.14,8,15,50,53.81226145694368,-1.8061748718831483
05/11/2021 16:22:00,1.911,28,11.8,47,996.08,12,18,51,53.812077325520164,-1.806194216599441
05/11/2021 16:23:00,1.886,29,11.9,46,996.18,14,22,51,53.81226567064125,-1.805732481254895
05/11/2021 16:24:00,1.859,30,11.8,47,996.21,13,20,50,53.812182985378485,-1.8051996615561359
05/11/2021 16:25:00,1.823,31,11.8,47,996.12,11,17,49,53.81213170158838,-1.8052476810003544
05/11/2021 16:26:00,1.88,29,11.9,47,996.23,,,,53.812314778892215,-1.8056513924146502
05/11/2021 16:27:00,1.753,34,11.9,47,996.18,10,18,49,53.81255711030201,-1.8056273838729866
05/11/2021 16:28:00,1.751,34,12.0,46,996.13,10,20,49,53.81216038587093,-1.8053255925646838
05/11/2021 16:29:00,1.811,32,12.0,47,996.53,9,17,49,53.81210534637187,-1.8053003005994759
05/11/2021 16:30:00,1.809,32,12.2,45,996.25,8,17,48,53.81211381690245,-1.805031968811668
05/11/2021 16:31:00,1.829,31,12.2,45,996.27,11,19,49,53.81245223142685,-1.805223651856191
05/11/2021 16:32:00,1.895,28,12.4,46,995.91,13,20,49,53.812277866733396,-1.8050489327532262
05/11/2021 16:33:00,1.919,28,12.5,47,995.81,16,23,49,53.81243478849497,-1.805166710620371
05/11/2021 16:34:00,1.856,30,12.4,45,995.59,15,22,50,53.81250843373814,-1.8050349808219726
05/11/2021 16:35:00,1.967,26,12.5,45,995.38,16,24,50,53.81237675291017,-1.8048129889156064
05/11/2021 16:36:00,1.897,28,12.5,46,995.16,,,,53.81251616668658,-1.8049868255881658
05/11/2021 16:37:00,1.794,32,12.6,47,994.9,10,16,51,53.81246037418369,-1.8048291343529599
05/11/2021 16:38:00,1.773,33,12.7,48,995.0,10,18,51,53.81223511147208,-1.8050794404698876
05/11/2021 16:39:00,1.655,37,12.6,47,995.13,10,17,52,53.8125572248429,-1.8051497394235634
05/11/2021 16:40:00,1.673,37,12.8,46,994.74,10,17,52,53.8122690119853,-1.8049909578819654
05/11/2021 16:41:00,1.733,35,12.8,47,994.84,11,19,52,53.81231817840883,-1.8051913146563945
05/11/2021 16:42:00,1.769,33,12.8,47,995.04,8,16,51,53.812433779936136,-1.8054312899412928
05/11/2021 16:43:00,1.819,31,12.7,46,995.17,8,15,52,53.812435500170544,-1.805427485180129
05/11/2021 16:44:00,1.849,30,12.7,48,995.03,9,17,51,53.812576493091726,-1.8052219364215623
05/11/2021 16:45:00,1.775,33,12.7,47,994.89,10,20,50,53.81252185975428,-1.8056060261351226
05/11/2021 16:46:00,1.764,33,12.6,47,994.61,8,15,50,53.81252184491268,-1.805606049913471
05/11/2021 16:47:00,1.64,38,12.8,48,994.69,8,14,50,53.81258336561956,-1.8054778438971586
05/11/2021 16:48:00,1.596,40,12.9,48,995.27,9,20,51,53.81222155353229,-1.8053090185214873
05/11/2021 16:49:00,1.624,39,12.9,48,995.48,8,18,52,53.8123148287967,-1.8052449020325387
05/11/2021 16:50:00,1.708,35,12.9,48,995.39,8,19,50,53.8121962295283,-1.8052678842754935
05/11/2021 16:51:00,1.566,41,12.8,49,995.47,11,26,50,53.81221582130838,-1.805264940661023
05/11/2021 16:52:00,1.556,41,12.8,48,995.9,10,23,50,53.81234774598455,-1.8056279505012427
05/11/2021 16:53:00,1.398,47,12.8,48,996.1,11,23,50,53.812304957680404,-1.806192442333221
05/11/2021 16:54:00,1.393,47,12.5,49,995.56,12,23,50,53.81228725283012,-1.805547919374869
05/11/2021 16:55:00,1.343,49,12.4,48,995.18,14,27,50,53.81232263419401,-1.8050774273830785
05/11/2021 16:56:00,1.363,48,12.4,50,995.06,14,31,50,53.81211960059188,-1.804664483744787
05/11/2021 16:57:00,1.36,48,12.3,51,995.01,16,35,50,53.8121190072322,-1.8052505846252775
05/11/2021 16:58:00,1.339,49,12.3,50,995.15,16,34,51,53.81181494032001,-1.805174967978695
05/11/2021 16:59:00,1.351,49,12.3,51,994.66,13,34,51,53.811678280442635,-1.8049337104554082
05/11/2021 17:00:00,1.301,51,12.2,52,994.43,12,32,51,53.81147219887996,-1.805381205950834
05/11/2021 17:01:00,1.31,50,12.2,52,994.3,13,36,51,53.81155277213135,-1.8057108235302426
05/11/2021 17:02:00,1.313,50,12.1,52,994.03,15,40,51,53.811696732379644,-1.8058718593168328
05/11/2021 17:03:00,1.36,49,12.4,52,993.69,15,39,51,53.811600797431446,-1.805416728411069
05/11/2021 17:04:00,1.383,48,12.4,52,993.82,16,38,50,53.81167776119396,-1.805937482140962
05/11/2021 17:05:00,1.402,47,12.2,51,993.81,18,40,50,53.8117438817068,-1.805964997341776
05/11/2021 17:06:00,1.481,44,12.1,52,993.8,17,41,50,53.81171784050711,-1.806221148307789
05/11/2021 17:07:00,1.503,43,11.9,51,993.99,17,42,51,53.811726378063476,-1.8062179395981153
05/11/2021 17:08:00,1.435,46,11.8,51,993.32,19,44,51,53.811574330909785,-1.8062163236783972
05/11/2021 17:09:00,1.44,46,11.7,52,993.04,20,42,51,53.81149244039318,-1.8066348325143764
05/11/2021 17:10:00,1.513,43,11.7,52,992.86,21,38,51,53.811750051690595,-1.8063847836054838
05/11/2021 17:11:00,1.493,44,11.9,53,992.64,19,37,51,53.8116717293505,-1.806301030945603
05/11/2021 17:12:00,1.475,44,12.0,52,992.52,17,34,51,53.81144553660573,-1.8066011949786211
05/11/2021 17:13:00,1.385,48,12.0,53,992.3,16,32,51,53.81156560188894,-1.8064999065509282
05/11/2021 17:14:00,1.455,45,12.0,53,991.79,16,32,51,53.8117705114338,-1.805830433564208
05/11/2021 17:15:00,1.471,44,12.0,54,991.51,18,33,52,53.81186848948214,-1.8059781359891405
05/11/2021 17:16:00,1.367,48,12.1,53,992.08,21,35,52,53.81218593432245,-1.805720700695628
05/11/2021 17:17:00,1.464,45,12.2,53,991.95,18,34,51,53.81201632916172,-1.8059354196050748
05/11/2021 17:18:00,1.448,45,12.2,53,992.44,15,36,51,53.81227360492499,-1.8056050852008152
05/11/2021 17:19:00,1.562,41,12.2,54,992.52,14,32,49,53.81226602844111,-1.8051680753749721
05/11/2021 17:20:00,1.539,42,12.1,54,992.42,12,29,48,53.81252476810602,-1.8053195515037816
05/11/2021 17:21:00,1.594,40,12.2,53,992.49,12,28,51,53.81259125486953,-1.8051869088118342
05/11/2021 17:22:00,1.595,40,12.2,53,992.37,11,30,52,53.81255787507522,-1.8051657737724789
05/11/2021 17:23:00,1.513,43,12.1,54,992.74,13,29,52,53.812593118510854,-1.8048275116908261
05/11/2021 17:24:00,1.467,44,12.1,54,992.44,13,29,51,53.81296218429346,-1.804403864534637
05/11/2021 17:25:00,1.502,43,12.0,54,992.32,12,30,51,53.81270104684144,-1.8038801848436992
05/11/2021 17:26:00,1.438,46,12.1,55,991.91,13,34,52,53.812511065712144,-1.8041914355644364
05/11/2021 17:27:00,1.409,47,12.0,55,991.96,15,33,51,53.812676135965404,-1.80403609085911
05/11/2021 17:28:00,1.415,46,12.0,55,991.67,11,32,49,53.8126151530782,-1.8039980673542038
05/11/2021 17:29:00,1.405,47,11.9,56,991.8,12,38,49,53.81252865148053,-1.8042281170147623
05/11/2021 17:30:00,1.436,46,11.8,55,991.3,13,38,49,53.81263508196124,-1.8035205866371555
05/11/2021 17:31:00,1.465,45,12.0,55,991.41,13,37,49,53.812214732476,-1.8035436907926992
05/11/2021 17:32:00,1.505,43,11.8,55,991.46,14,39,50,53.812209105346405,-1.8035784158553194
05/11/2021 17:33:00,1.457,45,11.8,54,991.39,11,37,49,53.81219023483337,-1.8034517836384132
05/11/2021 17:34:00,1.519,43,11.6,55,991.32,10,33,48,53.81207261100624,-1.8035013559688382
05/11/2021 17:35:00,1.497,43,11.8,56,991.65,9,32,49,53.81214028641561,-1.8031156743335337
05/11/2021 17:36:00,1.475,44,11.8,57,991.61,11,34,49,53.81194509105456,-1.8025832515618396
05/11/2021 17:37:00,1.478,44,11.7,56,991.79,11,32,48,53.811766688038404,-1.8025925405697387
05/11/2021 17:38:00,1.462,45,11.7,56,991.64,10,33,49,53.81156170259152,-1.802767790603177
05/11/2021 17:39:00,1.453,45,11.6,57,991.68,10,31,48,53.81191751255824,-1.8023441308438575
05/11/2021 17:40:00,1.423,46,11.7,56,991.56,9,31,49,53.811816466001616,-1.8021374588559222
05/11/2021 17:41:00,1.397,47,11.9,56,991.4,10,32,49,53.811644201858904,-1.8021362991685528
05/11/2021 17:42:00,1.36,48,11.9,56,991.45,10,26,49,53.811436305774265,-1.8017680325596415
05/11/2021 17:43:00,1.344,49,12.0,56,991.15,11,26,49,53.81145124026254,-1.8018453408485442
05/11/2021 17:44:00,1.309,50,12.1,56,991.26,9,26,49,53.81138690704021,-1.8025798995276692
05/11/2021 17:45:00,1.236,53,12.1,55,991.15,10,26,48,53.811376650361446,-1.8025823812333537
05/11/2021 17:46:00,1.248,53,12.2,56,991.1,12,28,48,53.81114109685834,-1.8025883262171911
05/11/2021 17:47:00,1.217,54,12.2,55,990.95,14,28,49,53.811553871398516,-1.8028783725731463
05/11/2021 17:48:00,1.201,54,12.1,54,990.45,15,27,49,53.811560378591544,-1.8027398657060447
05/11/2021 17:49:00,1.111,58,12.1,55,990.57,17,27,49,53.811747956590025,-1.8028337134184858
05/11/2021 17:50:00,1.114,58,12.1,55,990.57,,,,53.81139770691859,-1.8023684818994812
05/11/2021 17:51:00,1.199,55,12.2,54,990.67,12,24,50,53.811347776959494,-1.8019994871811433
05/11/2021 17:52:00,1.119,58,12.3,54,991.08,,,,53.81130430513785,-1.8019903689744852
05/11/2021 17:53:00,1.004,62,12.2,54,991.12,13,26,51,53.81125086365967,-1.8022136454642899
05/11/2021 17:54:00,0.996,62,12.4,55,991.4,10,23,51,53.81121482075325,-1.802763440134011
05/11/2021 17:55:00,1.047,60,12.5,54,991.21,9,22,51,53.811189833006964,-1.8024485801240195
05/11/2021 17:56:00,0.983,63,12.6,54,991.41,11,24,52,53.81140880666769,-1.8027805270636017
05/11/2021 17:57:00,1.02,61,12.5,55,991.09,13,26,52,53.811583942014494,-1.8027724226150994
05/11/2021 17:58:00,0.92,65,12.5,56,991.19,14,29,53,53.81185647454845,-1.8025091598920482
05/11/2021 17:59:00,0.919,65,12.6,56,990.79,15,30,53,53.811809988111264,-1.8018955035136643
05/11/2021 18:00:00,0.864,67,12.7,55,990.46,16,30,52,53.81141038657204,-1.8021846897724054
05/11/2021 18:01:00,0.896,66,12.7,55,990.39,16,29,52,53.81134080278981,-1.8024863058763057
05/11/2021 18:02:00,0.928,65,12.7,56,990.24,14,32,51,53.81120435874051,-1.8026648360088169
05/11/2021 18:03:00,0.979,63,12.8,56,989.78,15,35,51,53.811190654556675,-1.8026727767423552
05/11/2021 18:04:00,0.886,66,12.9,57,989.83,11,32,50,53.81107373740257,-1.8023939880104165
05/11/2021 18:05:00,0.954,64,13.0,57,990.36,13,32,50,53.8112019240255,-1.8028524630876723
05/11/2021 18:06:00,1.009,62,12.8,56,990.05,15,36,51,53.8112586491156,-1.8028499512982539
05/11/2021 18:07:00,1.021,61,12.8,58,989.94,16,30,50,53.81125487098691,-1.8028370764965889
05/11/2021 18:08:00,0.984,63,13.0,59,989.74,15,28,49,53.81167122081781,-1.8030017459041718
05/11/2021 18:09:00,0.903,66,13.0,58,989.89,15,24,49,53.8117815539771,-1.8028132447015583
05/11/2021 18:10:00,0.971,63,13.0,57,989.9,14,23,50,53.81183000872385,-1.8027970036297438
05/11/2021 18:11:00,0.932,65,13.0,57,989.4,12,20,50,53.81167229878952,-1.802934284142194
05/11/2021 18:12:00,0.959,64,13.0,57,989.73,11,18,50,53.81163844051889,-1.80359755117355
05/11/2021 18:13:00,1.002,62,13.1,57,989.4,10,19,50,53.81198167979004,-1.803492636463903
05/11/2021 18:14:00,0.946,64,13.3,57,989.25,10,18,49,53.812030798623226,-1.8031530265622875
05/11/2021 18:15:00,0.845,68,13.1,55,989.39,9,16,48,53.81204818797325,-1.8032127141830074
05/11/2021 18:16:00,0.917,65,13.2,56,989.56,8,13,49,53.811860648534534,-1.8027331967187286
05/11/2021 18:17:00,0.852,68,13.3,58,989.17,9,15,47,53.81209180833105,-1.802615056555058
05/11/2021 18:18:00,0.847,68,13.4,59,989.62,9,15,47,53.811939225476074,-1.8021108335198885
05/11/2021 18:19:00,0.79,70,13.3,59,989.93,10,17,48,53.811951023334345,-1.8023052026958526
05/11/2021 18:20:00,0.81,69,13.2,59,989.84,8,15,48,53.81185363442652,-1.802175254406821
05/11/2021 18:21:00,0.824,69,13.1,59,989.75,11,20,48,53.812216119102786,-1.802285253458328
05/11/2021 18:22:00,0.783,70,13.1,58,990.0,12,21,49,53.812152880073725,-1.8023572697288308
05/11/2021 18:23:00,0.704,73,13.1,58,989.55,11,18,49,53.812131400345294,-1.802190287447175
05/11/2021 18:24:00,0.664,75,13.1,58,989.54,10,15,50,53.81180362270597,-1.8025332309261746
05/11/2021 18:25:00,0.707,73,12.9,57,989.68,13,17,50,53.811722389599716,-1.8028731616842533
05/11/2021 18:26:00,0.683,74,12.7,57,989.85,11,16,50,53.811722309328104,-1.8028719369750918
05/11/2021 18:27:00,0.658,75,12.9,56,990.13,11,16,52,53.81173520642197,-1.802935479039479
05/11/2021 18:28:00,0.603,77,12.9,57,990.38,11,16,52,53.8117822740098,-1.8036057550138422
05/11/2021 18:29:00,0.517,80,13.0,58,990.74,11,18,52,53.811789792573634,-1.8034818307070415
05/11/2021 18:30:00,0.515,80,12.9,59,990.76,12,18,51,53.811851945088065,-1.803161220554251
05/11/2021 18:31:00,0.505,81,13.0,58,990.71,13,19,51,53.8115551067158,-1.8030772217459223
05/11/2021 18:32:00,0.509,80,13.0,58,990.86,14,20,52,53.81166206041393,-1.8033507138339193
05/11/2021 18:33:00,0.499,81,13.0,59,990.91,12,17,52,53.811747041211724,-1.803895686279899
05/11/2021 18:34:00,0.567,78,12.9,58,990.64,17,23,53,53.81175231650068,-1.8038683862700873
05/11/2021 18:35:00,0.599,77,12.8,57,990.48,12,15,53,53.8115894558297,-1.8032079237106025
05/11/2021 18:36:00,0.549,79,12.6,56,990.54,12,14,52,53.811614142037904,-1.803073359628388
05/11/2021 18:37:00,0.495,81,12.6,56,990.53,15,17,52,53.81162661659744,-1.8030716643341056
05/11/2021 18:38:00,0.514,80,12.5,56,990.46,19,23,52,53.81155481916597,-1.8030886028543749
05/11/2021 18:39:00,0.524,80,12.5,56,990.81,17,22,51,53.81124465169343,-1.8032345701846848
05/11/2021 18:40:00,0.566,78,12.2,57,990.42,18,24,51,53.81101963841251,-1.8026979647387427
05/11/2021 18:41:00,0.591,77,12.2,55,990.39,20,29,51,53.81107181234826,-1.8033218359900318
05/11/2021 18:42:00,0.653,75,12.2,55,990.42,23,31,50,53.81110436600496,-1.8037763621062342
05/11/2021 18:43:00,0.629,76,12.1,56,990.84,21,28,49,53.81118531190054,-1.8032616724973656
05/11/2021 18:44:00,0.638,76,12.2,55,990.65,23,32,50,53.81124274512795,-1.8034076432316057
05/11/2021 18:45:00,0.58,78,12.2,54,990.67,25,35,51,53.8116285109431,-1.80332889892633
05/11/2021 18:46:00,0.56,79,12.1,53,990.74,24,32,52,53.81156172151342,-1.8039798973304861
05/11/2021 18:47:00,0.551,79,12.2,53,991.17,24,31,53,53.81182894403196,-1.8044744209451102
05/11/2021 18:48:00,0.633,76,12.1,53,990.86,21,30,53,53.811837855138265,-1.8047393642624487
05/11/2021 18:49:00,0.586,78,12.1,54,990.84,21,30,52,53.811519548675854,-1.8046112450859089
05/11/2021 18:50:00,0.544,79,12.1,55,991.07,19,28,52,53.81132514417311,-1.8043490124771462
05/11/2021 18:51:00,0.533,80,12.1,55,991.02,22,33,53,53.81129969581117,-1.8041950868319148
05/11/2021 18:52:00,0.564,78,11.9,55,990.64,24,38,53,53.8116422798171,-1.8046034604816654
05/11/2021 18:53:00,0.501,81,12.0,56,990.71,22,37,53,53.811591351216414,-1.8049807541690803
05/11/2021 18:54:00,0.461,82,12.0,56,990.62,15,28,53,53.81173291686316,-1.8050584073921758
05/11/2021 18:55:00,0.377,85,12.0,56,991.1,17,31,54,53.811734907879085,-1.8050578205276848
05/11/2021 18:56:00,0.32,88,11.9,57,990.73,16,30,53,53.81189470609678,-1.805312869205342
05/11/2021 18:57:00,0.282,89,11.9,56,990.76,16,28,52,53.811665172919085,-1.8053842974568732
05/11/2021 18:58:00,0.25,90,11.9,57,990.56,16,31,53,53.811645666984354,-1.8060095093237187
05/11/2021 18:59:00,0.183,93,12.0,58,990.32,19,34,55,53.811385614911636,-1.8065927421305763
05/11/2021 19:00:00,0.17,93,12.0,58,990.02,17,35,55,53.81136370941202,-1.806578005085826
05/11/2021 19:01:00,0.158,94,11.7,58,990.16,15,35,54,53.81095978788439,-1.8062784151686193
05/11/2021 19:02:00,0.183,93,11.7,57,989.98,13,32,55,53.811154606215624,-1.8063935215097184
05/11/2021 19:03:00,0.127,95,11.6,56,989.93,12,32,55,53.81112322425097,-1.8064922199359141
05/11/2021 19:04:00,0.106,96,11.8,55,990.08,11,28,54,53.811069085467324,-1.8072106871533073
05/11/2021 19:05:00,0.089,96,11.8,56,989.97,9,25,53,53.810945665341464,-1.8067450338367823
05/11/2021 19:06:00,0.049,98,11.8,56,989.85,11,29,54,53.8109651442411,-1.8066023771879314
05/11/2021 19:07:00,0.036,98,11.5,55,989.8,12,29,55,53.81111761434229,-1.8061984136338571
05/11/2021 19:08:00,0.015,99,11.6,56,990.16,13,32,55,53.81101166695343,-1.8058962472584856
05/11/2021 19:09:00,0.139,94,11.8,56,990.15,11,34,55,53.81088304246465,-1.8057512659011263
05/11/2021 19:10:00,0.127,95,12.0,56,990.35,12,35,54,53.81091815236319,-1.8057260761567513
05/11/2021 19:11:00,0.084,96,11.8,56,990.63,8,35,53,53.811212020061056,-1.8061516712065218
05/11/2021 19:12:00,0.014,99,11.9,57,990.84,7,35,54,53.81104215709593,-1.806108448006238
05/11/2021 19:13:00,0.075,97,11.8,56,990.59,6,35,52,53.81105454494716,-1.8064216329111331
05/11/2021 19:14:00,0.04,98,12.0,55,990.48,8,33,53,53.810944623680214,-1.8063722240587645
05/11/2021 19:15:00,0.098,96,12.1,55,990.45,7,32,54,53.8110188936241,-1.8068260641929055
05/11/2021 19:16:00,0.102,96,12.1,56,990.51,7,34,54,53.81079125454684,-1.8063831718540684
05/11/2021 19:17:00,0.145,94,12.1,55,990.24,7,31,53,53.81108929203372,-1.8063782310854979
05/11/2021 19:18:00,0.199,92,12.3,57,990.07,12,35,53,53.811084177390335,-1.8063596926853387
05/11/2021 19:19:00,0.136,94,12.3,56,990.06,8,36,53,53.81109795463906,-1.8059435618327047
05/11/2021 19:20:00,0.149,94,12.4,56,989.41,9,32,52,53.811417920304386,-1.8059423006213657
05/11/2021 19:21:00,0.062,97,12.4,56,988.65,7,34,53,53.8111678550493,-1.805923522327944
05/11/2021 19:22:00,0.168,93,12.5,56,988.81,6,33,53,53.81078520749069,-1.8062974352754635
05/11/2021 19:23:00,0.211,92,12.5,57,988.68,5,31,54,53.81084485280321,-1.8067702150171194
05/11/2021 19:24:00,0.211,92,12.5,56,988.52,5,32,54,53.810874271850906,-1.806274308376873
05/11/2021 19:25:00,0.23,91,12.5,57,988.6,5,33,53,53.810891518702185,-1.805924034444737
05/11/2021 19:26:00,0.178,93,12.4,57,988.77,5,32,53,53.810708093924845,-1.8062067922585567
05/11/2021 19:27:00,0.161,93,12.4,58,988.63,6,28,53,53.810810576909574,-1.805809182904488
05/11/2021 19:28:00,0.097,96,12.4,57,988.11,6,25,54,53.81075185814648,-1.8061725455340643
05/11/2021 19:29:00,0.117,95,12.6,59,988.01,7,24,54,53.810854154737584,-1.8063776410272665
05/11/2021 19:30:00,0.176,93,12.7,59,988.21,8,24,54,53.81087113445479,-1.8068550002027086
05/11/2021 19:31:00,0.245,90,12.6,59,988.22,8,25,54,53.81086285545701,-1.8071763600902542
05/11/2021 19:32:00,0.228,91,12.7,57,988.45,9,26,54,53.810918442924894,-1.807306787077455
05/11/2021 19:33:00,0.203,92,12.7,58,988.45,11,29,55,53.81102642978798,-1.8073595626256327
05/11/2021 19:34:00,0.19,92,12.6,57,988.5,9,24,54,53.811118554486086,-1.8070260335377604
05/11/2021 19:35:00,0.136,94,12.7,55,988.55,10,23,54,53.811473910161766,-1.8068943973839247
05/11/2021 19:36:00,0.11,95,12.7,55,988.56,11,25,54,53.81168541175358,-1.807072334426681
05/11/2021 19:37:00,0.149,94,12.7,55,988.84,11,24,54,53.811917707355455,-1.8074399436797395
05/11/2021 19:38:00,0.197,92,12.9,55,988.78,11,22,54,53.812176338658915,-1.8078023142507498
05/11/2021 19:39:00,0.194,92,12.9,56,988.48,14,22,53,53.812393701356044,-1.807179790778644
05/11/2021 19:40:00,0.136,94,12.9,57,988.73,14,22,53,53.81243205086583,-1.807164371561808
05/11/2021 19:41:00,0.151,94,12.9,57,988.49,16,23,53,53.812161560669686,-1.8071133681125977
05/11/2021 19:42:00,0.14,94,12.9,57,988.36,18,25,54,53.8121638641362,-1.807124547351813
05/11/2021 19:43:00,0.079,97,12.8,57,988.56,21,32,54,53.81228874617746,-1.8068295394731226
05/11/2021 19:44:00,0.063,97,12.7,56,988.6,24,34,54,53.81239033847881,-1.8070561960337121
05/11/2021 19:45:00,0.045,98,12.7,57,988.73,23,32,54,53.81223328343778,-1.8067130406502057
05/11/2021 19:46:00,0.09,96,12.9,57,988.41,22,29,54,53.81203962582201,-1.806608904039038
05/11/2021 19:47:00,0.134,94,12.9,58,988.65,22,31,54,53.81223662530259,-1.8070452347093657
05/11/2021 19:48:00,0.094,96,12.9,59,988.42,22,31,54,53.81205054004321,-1.807459944733309
05/11/2021 19:49:00,0.02,99,12.8,59,988.69,21,30,56,53.81205675165643,-1.8075882127099674
05/11/2021 19:50:00,0.008,99,12.7,59,988.9,22,32,55,53.81225181220792,-1.8076688158302263
05/11/2021 19:51:00,0.143,94,12.7,59,988.59,19,29,54,53.81203144574306,-1.8080959086197212
05/11/2021 19:52:00,0.217,91,12.4,58,988.56,19,26,55,53.81198634093841,-1.8080400581060918
05/11/2021 19:53:00,0.259,90,12.5,59,988.9,20,30,54,53.81225079785732,-1.8083568160117671
05/11/2021 19:54:00,0.376,85,12.6,60,988.43,16,23,53,53.81246819578791,-1.808598355981558
05/11/2021 19:55:00,0.324,87,12.6,60,988.48,16,24,53,53.812562793291235,-1.808360226952687
05/11/2021 19:56:00,0.291,89,12.7,60,988.82,15,21,52,53.812372603126164,-1.808541329387542
05/11/2021 19:57:00,0.261,90,12.6,59,989.23,18,24,52,53.81246920669513,-1.8089925501406592
05/11/2021 19:58:00,0.363,86,12.6,60,989.01,13,19,51,53.812723390150026,-1.8095774705167251
05/11/2021 19:59:00,0.379,85,12.5,60,988.18,11,16,50,53.81285876337269,-1.8101891076919057
05/11/2021 20:00:00,0.33,87,12.6,59,987.73,16,22,49,53.81291930843158,-1.8103234347358153
05/11/2021 20:01:00,0.304,88,12.7,59,987.44,17,23,49,53.81298133904772,-1.8103621084738641
05/11/2021 20:02:00,0.24,90,12.6,58,987.61,17,22,48,53.81302941573181,-1.810037641598495
05/11/2021 20:03:00,0.238,91,12.7,58,987.97,16,20,48,53.8131029866207,-1.8098890018497589
05/11/2021 20:04:00,0.209,92,12.6,58,987.91,15,20,48,53.813091459488966,-1.8095392849786656
05/11/2021 20:05:00,0.205,92,12.7,57,988.03,18,23,48,53.81313874262056,-1.8093034059701156
05/11/2021 20:06:00,0.154,94,12.7,57,988.1,19,26,49,53.813212942984975,-1.8091194677798308
05/11/2021 20:07:00,0.176,93,12.7,57,987.66,18,24,49,53.81337619913315,-1.8091214844264052
05/11/2021 20:08:00,0.161,93,12.8,57,987.9,19,28,48,53.81299591639306,-1.8092372562950974
05/11/2021 20:09:00,0.132,95,12.8,57,987.22,20,29,49,53.81297553320898,-1.8093066505796258
05/11/2021 20:10:00,0.134,94,12.7,58,987.55,20,28,50,53.8131344696559,-1.8098409412890284
05/11/2021 20:11:00,0.129,95,12.7,59,987.93,20,29,50,53.81289103979128,-1.8098792171395037
05/11/2021 20:12:00,0.042,98,12.8,58,987.88,18,28,50,53.81284245177598,-1.8101390976409604
05/11/2021 20:13:00,0.074,97,12.8,57,987.61,20,28,51,53.81296796097692,-1.8097542416340497
05/11/2021 20:14:00,0.04,98,12.9,56,987.57,17,24,51,53.81296514296446,-1.8097313382767586
05/11/2021 20:15:00,0.038,98,12.8,56,987.73,22,27,52,53.81263754662909,-1.809981671123925
05/11/2021 20:16:00,0.051,98,12.7,56,988.09,25,30,52,53.81245292074559,-1.8104972577304927
05/11/2021 20:17:00,0.072,97,12.7,56,987.92,22,28,51,53.81247478484752,-1.8104759478570003
05/11/2021 20:18:00,0.12,95,12.8,56,987.99,25,30,51,53.81272077459823,-1.8103074868685385
05/11/2021 20:19:00,0.112,95,13.0,56,987.87,26,32,51,53.81268685901275,-1.8096790472499613
05/11/2021 20:20:00,0.006,99,12.8,56,988.05,26,37,51,53.812738201138615,-1.809652382666357
05/11/2021 20:21:00,0.053,98,13.0,56,988.27,27,38,50,53.812775844588444,-1.8103075660528565
05/11/2021 20:22:00,0.108,95,13.1,55,988.24,24,37,50,53.81278473793332,-1.8103175915888523
05/11/2021 20:23:00,0.079,97,13.1,55,988.26,22,35,51,53.81278234580765,-1.8103173115270657
05/11/2021 20:24:00,0.105,96,13.1,54,988.25,22,34,53,53.81272478313969,-1.8106145014234192
05/11/2021 20:25:00,0.099,96,13.0,56,988.58,20,29,52,53.81265094067664,-1.8105636561912906
05/11/2021 20:26:00,0.03,98,13.0,54,988.72,20,28,51,53.812711215863665,-1.8104479300130885
05/11/2021 20:27:00,0.018,99,12.9,54,989.14,19,26,51,53.81267248709255,-1.8105575542703927
05/11/2021 20:28:00,0.037,98,12.9,53,988.86,23,28,52,53.812616732522166,-1.8102833926271182
05/11/2021 20:29:00,0.101,96,12.9,51,988.72,22,28,51,53.81230002978566,-1.8098521333433648
05/11/2021 20:30:00,0.093,96,12.9,51,988.28,25,30,51,53.812479018549254,-1.8091594302793004
05/11/2021 20:31:00,0.085,96,12.8,50,988.24,26,30,52,53.81232615263152,-1.809585706604584
05/11/2021 20:32:00,0.089,96,13.0,50,987.72,21,26,52,53.812497970731265,-1.8093410951864364
05/11/2021 20:33:00,0.088,96,12.8,50,987.77,17,22,50,53.812401860458564,-1.8093506014144747
05/11/2021 20:34:00,0.024,99,12.8,51,987.85,19,26,51,53.81230127078542,-1.809288999254168
05/11/2021 20:35:00,0.035,98,12.7,50,987.81,19,29,51,53.812095713026565,-1.8090421929108444
05/11/2021 20:36:00,0.031,98,12.8,50,987.85,18,30,51,53.81199118303216,-1.8095160302084248
05/11/2021 20:37:00,0.103,96,12.6,52,988.05,18,28,51,53.81194351391589,-1.8093775657990487
05/11/2021 20:38:00,0.172,93,12.4,50,987.91,17,29,51,53.811805416560865,-1.8097232572122357
05/11/2021 20:39:00,0.264,90,12.5,50,987.77,16,25,50,53.8114264710961,-1.8098271692827628
05/11/2021 20:40:00,0.227,91,12.6,50,988.11,13,19,50,53.811447959426005,-1.8096973880591205
05/11/2021 20:41:00,0.272,89,12.6,51,988.11,13,18,51,53.811587317152096,-1.8094867438684428
05/11/2021 20:42:00,0.238,91,12.6,51,987.7,12,17,50,53.811994694080205,-1.8096143943301324
05/11/2021 20:43:00,0.268,89,12.6,51,987.91,12,16,50,53.81183250981101,-1.8096014762219714
05/11/2021 20:44:00,0.31,88,12.5,50,988.13,13,16,49,53.81191975510113,-1.810243236865744
05/11/2021 20:45:00,0.255,90,12.6,50,987.89,15,20,49,53.81173981702936,-1.8101452957045794
05/11/2021 20:46:00,0.203,92,12.5,50,987.89,16,19,49,53.811861891446696,-1.8100993272739294
05/11/2021 20:47:00,0.205,92,12.4,51,987.85,18,24,51,53.81185872561079,-1.8106793660149916
05/11/2021 20:48:00,0.157,94,12.3,51,988.29,14,20,52,53.81199423073832,-1.8105767378899633
05/11/2021 20:49:00,0.106,96,12.3,50,988.24,15,22,51,53.81188537287397,-1.8105931097260355
05/11/2021 20:50:00,0.112,95,12.4,51,988.21,24,28,52,53.811933449746995,-1.8105167061033218
05/11/2021 20:51:00,0.125,95,12.5,50,987.95,22,27,50,53.811651292013174,-1.810192315834854
05/11/2021 20:52:00,0.137,94,12.4,50,988.08,26,32,51,53.81165230678908,-1.8095126468064764
05/11/2021 20:53:00,0.117,95,12.5,50,988.01,29,34,51,53.81149445311246,-1.8092610481138385
05/11/2021 20:54:00,0.103,96,12.6,50,988.38,28,36,50,53.81171512040678,-1.8098713901382042
05/11/2021 20:55:00,0.032,98,12.7,51,988.51,27,37,50,53.812101216032694,-1.8101396662615028
05/11/2021 20:56:00,0.069,97,12.6,52,988.3,29,38,50,53.81179101161817,-1.8101738778493206
05/11/2021 20:57:00,0.029,98,12.7,53,988.27,30,38,51,53.81162454545147,-1.8098742683905336
05/11/2021 20:58:00,0.141,94,12.6,53,988.34,31,40,51,53.81161004734354,-1.8102799504826916
05/11/2021 20:59:00,0.162,93,12.9,53,988.43,33,42,52,53.81184046258964,-1.8104309334945468
05/11/2021 21:00:00,0.088,96,12.9,52,988.31,27,37,51,53.81166993063467,-1.8105688458751261
05/11/2021 21:01:00,0.106,96,12.8,52,987.86,28,41,51,53.8115328698934,-1.8106263389156574
05/11/2021 21:02:00,0.159,94,12.9,51,988.23,27,42,50,53.81133810174133,-1.8103129911116707
05/11/2021 21:03:00,0.147,94,12.9,50,987.99,26,42,50,53.810938684733635,-1.8101004469414061
05/11/2021 21:04:00,0.094,96,13.0,51,987.67,,,,53.81090663369476,-1.8096910254113856
05/11/2021 21:05:00,0.155,94,13.0,50,987.64,29,35,50,53.81095814712362,-1.8096584196798757
05/11/2021 21:06:00,0.144,94,13.2,50,987.4,28,33,50,53.81095448459366,-1.809440097779752
05/11/2021 21:07:00,0.092,96,13.2,50,987.57,27,32,49,53.811356071940416,-1.8097108226383607
05/11/2021 21:08:00,0.066,97,13.4,50,987.61,24,28,47,53.81113811282833,-1.8098703560138767
05/11/2021 21:09:00,0.194,92,13.5,48,987.2,25,31,47,53.811091638803255,-1.8097677408651354
05/11/2021 21:10:00,0.172,93,13.3,49,986.91,24,32,47,53.81145808257816,-1.8095585025889596
05/11/2021 21:11:00,0.195,92,13.2,50,987.25,21,29,46,53.81160883158198,-1.8091280937051342
05/11/2021 21:12:00,0.208,92,13.1,50,987.54,25,33,47,53.811790285471666,-1.8092648556308746
05/11/2021 21:13:00,0.169,93,13.3,51,987.77,19,27,46,53.81194450094712,-1.8095879107607011
05/11/2021 21:14:00,0.077,97,13.3,51,987.6,21,25,46,53.81223544833803,-1.8092438695956057
05/11/2021 21:15:00,0.007,99,13.3,50,987.3,21,28,47,53.812470766518466,-1.8086632433020975
05/11/2021 21:16:00,0.021,99,13.3,50,987.43,21,27,46,53.81241825810805,-1.808650817719743
05/11/2021 21:17:00,0.056,97,13.4,49,987.39,20,27,46,53.81232643041415,-1.8088015914794762
05/11/2021 21:18:00,0.125,95,13.3,49,986.93,20,32,47,53.81226994730209,-1.8083226513518822
05/11/2021 21:19:00,0.143,94,13.3,50,986.68,22,36,48,53.81227275797847,-1.8086416847489584
05/11/2021 21:20:00,0.195,92,13.2,49,986.93,23,34,47,53.812047231774024,-1.8090682488769472
05/11/2021 21:21:00,0.068,97,13.2,48,986.94,20,30,46,53.81182036162908,-1.8089166551438947
05/11/2021 21:22:00,0.152,94,13.1,48,987.51,26,39,47,53.81158053857986,-1.8087289124769539
05/11/2021 21:23:00,0.174,93,13.0,51,987.63,24,40,47,53.811703721186895,-1.8086656940861108
05/11/2021 21:24:00,0.065,97,13.0,51,987.62,20,39,47,53.811319181291026,-1.80852727173622
05/11/2021 21:25:00,0.049,98,12.9,53,987.83,19,34,47,53.811418670303375,-1.8083732688130199
05/11/2021 21:26:00,0.074,97,13.0,53,987.66,17,36,48,53.811393458807544,-1.8084428887768653
05/11/2021 21:27:00,0.1,96,13.1,54,987.85,19,36,48,53.811089407504106,-1.8086022967506374
05/11/2021 21:28:00,0.081,96,13.2,55,987.71,18,37,47,53.81111205403417,-1.8085610924828597
05/11/2021 21:29:00,0.181,93,13.3,55,987.96,19,36,47,53.81097561771648,-1.808153958554844
05/11/2021 21:30:00,0.224,91,13.3,55,987.92,21,37,48,53.81078105430179,-1.8082649895006326
05/11/2021 21:31:00,0.171,93,13.3,56,987.84,17,33,49,53.81078830949986,-1.8082998787274465
05/11/2021 21:32:00,0.144,94,13.3,54,988.15,18,34,49,53.81060886979041,-1.8079471113322891
05/11/2021 21:33:00,0.172,93,13.3,55,988.14,14,32,49,53.810764250233255,-1.8083943844620507
05/11/2021 21:34:00,0.199,92,13.2,56,988.34,11,30,49,53.81085258282745,-1.8087231239115753
05/11/2021 21:35:00,0.218,91,13.4,56,988.23,13,32,49,53.81063528154357,-1.8085146160160381
05/11/2021 21:36:00,0.278,89,13.3,55,987.85,13,32,49,53.81064222239821,-1.8091861502924038
05/11/2021 21:37:00,0.224,91,13.5,55,987.76,12,33,49,53.81091917550996,-1.8091466342590636
05/11/2021 21:38:00,0.228,91,13.7,56,987.4,14,34,49,53.8108772559998,-1.8094383288181717
05/11/2021 21:39:00,0.202,92,13.6,56,987.6,13,36,50,53.81094850218138,-1.809183017834295
05/11/2021 21:40:00,0.22,91,13.7,55,987.41,16,36,51,53.810906312178716,-1.8091662371695416
05/11/2021 21:41:00,0.224,91,13.7,56,987.22,17,39,51,53.81065802169352,-1.8088904667982169
05/11/2021 21:42:00,0.212,92,13.7,57,987.96,15,38,52,53.81065622084191,-1.808551612587909
05/11/2021 21:43:00,0.201,92,13.8,57,988.23,17,36,53,53.81060208489136,-1.8090214340580433
05/11/2021 21:44:00,0.177,93,13.6,57,988.41,16,35,52,53.81054819600074,-1.8085878328039255
05/11/2021 21:45:00,0.197,92,13.7,56,988.64,17,37,52,53.81056612234124,-1.8088186966747437
05/11/2021 21:46:00,0.181,93,13.9,55,988.41,16,36,52,53.810868925362556,-1.808925390217495
05/11/2021 21:47:00,0.185,93,13.6,55,987.84,17,35,51,53.81075993645749,-1.8091878542769875
05/11/2021 21:48:00,0.185,93,13.5,55,987.58,17,33,52,53.810752942177494,-1.8091982276814351
05/11/2021 21:49:00,0.164,93,13.5,55,987.52,15,27,52,53.81058958441156,-1.8091917904324937
05/11/2021 21:50:00,0.159,94,13.5,55,987.2,16,28,51,53.81083324049052,-1.808927170105849
05/11/2021 21:51:00,0.14,94,13.3,54,987.14,13,27,51,53.81087111628672,-1.8088264306572273
05/11/2021 21:52:00,0.159,94,13.3,56,987.03,13,27,51,53.81066749772617,-1.8087953652169713
05/11/2021 21:53:00,0.149,94,13.3,55,987.05,15,27,52,53.810628987606606,-1.8088502783450975
05/11/2021 21:54:00,0.103,96,13.2,55,986.88,19,31,51,53.810638422257306,-1.8091886237309511
05/11/2021 21:55:00,0.074,97,13.3,55,986.74,18,28,51,53.810828433976695,-1.8095646881219067
05/11/2021 21:56:00,0.112,95,13.3,54,986.61,16,24,51,53.8107871109913,-1.8095543354170558
05/11/2021 21:57:00,0.051,98,13.1,54,987.0,15,23,52,53.81097710732558,-1.8092028409335732
05/11/2021 21:58:00,0.184,93,13.2,54,986.72,19,28,52,53.811138110369235,-1.8094712667469246
05/11/2021 21:59:00,0.211,92,13.2,53,986.75,22,31,53,53.811108022596606,-1.8098616874876032
05/11/2021 22:00:00,0.169,93,13.3,54,986.6,22,31,53,53.81105611307617,-1.810067512836918
05/11/2021 22:01:00,0.213,92,13.2,54,986.61,17,27,54,53.81092494634072,-1.8102583482435644
05/11/2021 22:02:00,0.21,92,13.3,54,986.3,16,25,52,53.811059541491,-1.810470946440687
05/11/2021 22:03:00,0.167,93,13.5,53,986.58,17,27,53,53.81119996815332,-1.810223724424737
05/11/2021 22:04:00,0.119,95,13.5,52,987.18,17,28,53,53.81101983210528,-1.80978323045292
05/11/2021 22:05:00,0.047,98,13.5,53,987.18,19,31,53,53.811212551471456,-1.8100920798797893
05/11/2021 22:06:00,0.023,99,13.6,52,987.06,20,35,53,53.81117940932615,-1.8101105276142957
05/11/2021 22:07:00,0.066,97,13.5,52,986.68,25,39,53,53.811171972956075,-1.8099971103254118
05/11/2021 22:08:00,0.067,97,13.6,51,986.72,24,34,53,53.811446851742154,-1.81001065684402
05/11/2021 22:09:00,0.032,98,13.5,51,986.28,29,37,54,53.811774093741654,-1.8096047461118974
05/11/2021 22:10:00,0.066,97,13.5,52,986.44,27,35,54,53.81144381162978,-1.8092023368757841
05/11/2021 22:11:00,0.107,95,13.6,52,986.09,24,33,54,53.811446298501956,-1.809234850915991
05/11/2021 22:12:00,0.145,94,13.5,51,986.11,23,32,55,53.81184182838509,-1.8094998737273171
05/11/2021 22:13:00,0.112,95,13.4,51,985.99,25,36,55,53.81189126500353,-1.809898325449928
05/11/2021 22:14:00,0.084,96,13.3,52,986.4,30,38,55,53.81176314208615,-1.8103459477559531
05/11/2021 22:15:00,0.117,95,13.2,53,986.56,29,35,55,53.81185370657535,-1.810393845639821
05/11/2021 22:16:00,0.092,96,13.2,52,986.33,27,35,55,53.81187402447707,-1.8106995755786017
05/11/2021 22:17:00,0.112,95,13.1,51,986.22,28,35,54,53.81203675083633,-1.8104623985241155
05/11/2021 22:18:00,0.128,95,13.0,52,985.92,27,36,55,53.81207973734331,-1.8103591384793603
05/11/2021 22:19:00,0.116,95,13.0,51,985.34,25,34,54,53.81186698215962,-1.8108651269533114
05/11/2021 22:20:00,0.098,96,13.1,51,985.28,25,38,54,53.81186786714886,-1.8108540721242092
05/11/2021 22:21:00,0.042,98,13.2,51,985.62,21,35,54,53.81188902613479,-1.8112471202739235
05/11/2021 22:22:00,0.032,98,13.1,52,985.2,26,39,53,53.81187508043771,-1.8112864648330467
05/11/2021 22:23:00,0.124,95,13.2,51,985.23,25,39,54,53.81228502804013,-1.8110948477494457
05/11/2021 22:24:00,0.128,95,13.1,53,985.17,23,36,54,53.812686490321944,-1.8111498611234942
05/11/2021 22:25:00,0.168,93,13.2,53,985.07,24,37,54,53.81261874547001,-1.8107220816198977
05/11/2021 22:26:00,0.081,96,13.0,54,984.64,24,36,54,53.8125349238349,-1.810744862399657
05/11/2021 22:27:00,0.114,95,12.9,54,984.65,20,32,53,53.812857292152394,-1.8106124866727697
05/11/2021 22:28:00,0.132,95,13.0,54,984.71,18,32,54,53.81273600439241,-1.8106154689243315
05/11/2021 22:29:00,0.017,99,12.8,55,984.49,18,32,55,53.812970408717945,-1.8099873621425786
05/11/2021 22:30:00,0.072,97,12.7,54,984.39,21,32,55,53.812754565665536,-1.8099877864784413
05/11/2021 22:31:00,0.059,97,12.7,55,984.3,20,32,55,53.813189946399845,-1.8100366417208278
05/11/2021 22:32:00,0.086,96,12.6,57,984.43,16,25,55,53.812873039933365,-1.8103878966693991
05/11/2021 22:33:00,0.104,96,12.6,57,984.58,19,27,55,53.81303988724445,-1.8100090401974283
05/11/2021 22:34:00,0.158,94,12.7,58,984.67,17,26,55,53.812828050488626,-1.8094834579656935
05/11/2021 22:35:00,0.13,95,12.8,57,984.13,18,27,55,53.812961518396875,-1.8097629980302987
05/11/2021 22:36:00,0.232,91,12.9,57,984.12,15,25,53,53.8126196707868,-1.8095088387621272
05/11/2021 22:37:00,0.186,93,13.1,56,984.39,14,21,53,53.81261375839052,-1.8094810376880073
05/11/2021 22:38:00,0.155,94,13.1,55,984.29,13,19,53,53.8123803952821,-1.8099071751980742
05/11/2021 22:39:00,0.166,93,13.1,56,984.84,12,18,55,53.812607612321116,-1.8092833602222123
05/11/2021 22:40:00,0.162,93,13.1,56,985.15,11,17,55,53.8128841180166,-1.8094752466104427
05/11/2021 22:41:00,0.176,93,12.8,56,985.12,10,19,56,53.812782664646086,-1.809508402991009
05/11/2021 22:42:00,0.231,91,12.8,56,984.92,11,21,55,53.812842282055904,-1.8098270215183967
05/11/2021 22:43:00,0.314,88,12.8,55,984.6,14,25,54,53.81279743058083,-1.810531040223248
05/11/2021 22:44:00,0.235,91,12.9,54,984.67,12,22,54,53.81296218295412,-1.810853865173688
05/11/2021 22:45:00,0.224,91,12.8,53,984.81,12,22,53,53.81299028022815,-1.8109585649351554
05/11/2021 22:46:00,0.314,88,12.9,53,984.82,14,24,52,53.81308176634002,-1.810849645816363
05/11/2021 22:47:00,0.314,88,12.8,55,984.73,12,24,51,53.81304188301882,-1.8106614821091476
05/11/2021 22:48:00,0.306,88,12.9,54,984.3,13,25,51,53.81297649666659,-1.8105941538055395
05/11/2021 22:49:00,0.369,86,13.2,53,984.09,16,27,51,53.8131211896358,-1.8099026685161774
05/11/2021 22:50:00,0.308,88,13.0,53,984.07,15,24,51,53.812898679981714,-1.8093244777658797
05/11/2021 22:51:00,0.293,89,12.9,53,984.15,,,,53.81319258966531,-1.8094284251786334
05/11/2021 22:52:00,0.334,87,13.0,52,984.28,13,24,52,53.813458308878104,-1.8096440761813404
05/11/2021 22:53:00,0.407,84,12.9,52,984.31,11,19,52,53.8133505564628,-1.8096879371555161
05/11/2021 22:54:00,0.407,84,13.0,52,984.15,12,21,52,53.813147382690765,-1.809687312918118
05/11/2021 22:55:00,0.361,86,13.1,52,984.57,13,23,52,53.81297396657543,-1.80974858572139
05/11/2021 22:56:00,0.344,87,13.1,52,984.67,15,24,52,53.81297393552398,-1.8097294394755894
05/11/2021 22:57:00,0.26,90,13.1,51,984.61,13,22,53,53.813028605422836,-1.809994137345716
05/11/2021 22:58:00,0.251,90,13.1,49,984.56,12,20,53,53.81280749270329,-1.8094031387524752
05/11/2021 22:59:00,0.282,89,13.1,49,984.52,10,15,54,53.81257184171443,-1.8094132324576744
05/11/2021 23:00:00,0.227,91,13.1,49,984.49,11,17,54,53.81258004828577,-1.8096565868568184
05/11/2021 23:01:00,0.169,93,13.0,49,984.32,13,19,55,53.812639807788365,-1.8095779164999932
05/11/2021 23:02:00,0.126,95,13.1,50,984.38,11,20,56,53.81255878685516,-1.8095157449894739
05/11/2021 23:03:00,0.149,94,13.1,49,984.8,9,16,56,53.81256037573416,-1.8095161147163474
05/11/2021 23:04:00,0.129,95,13.1,50,984.62,9,17,57,53.81252562040274,-1.8101833783926229
05/11/2021 23:05:00,0.071,97,13.1,50,984.32,8,17,56,53.812480140970294,-1.8101489213014286
05/11/2021 23:06:00,0.103,96,13.0,50,984.35,8,14,55,53.812363751898495,-1.8102999694352528
05/11/2021 23:07:00,0.119,95,12.8,49,984.06,8,15,55,53.81239947358971,-1.8100878370833486
05/11/2021 23:08:00,0.046,98,12.9,48,984.07,11,17,56,53.81245043224498,-1.810237023840885
05/11/2021 23:09:00,0.106,96,12.7,47,984.04,11,17,56,53.81270558272955,-1.8100625488860673
05/11/2021 23:10:00,0.194,92,12.8,46,983.97,8,15,55,53.81278347855633,-1.8096496702447409
05/11/2021 23:11:00,0.173,93,12.8,47,984.17,8,16,54,53.81267774628191,-1.8092670328208271
05/11/2021 23:12:00,0.159,94,12.9,46,984.06,8,14,55,53.81230103279892,-1.8089544457602684
05/11/2021 23:13:00,0.138,94,12.8,47,984.41,8,17,55,53.812394370574665,-1.809048670212761
05/11/2021 23:14:00,0.193,92,12.8,45,984.73,8,17,55,53.81240331254455,-1.8090360866649358
05/11/2021 23:15:00,0.178,93,12.8,46,984.5,8,20,56,53.81217988558752,-1.8093755895246364
05/11/2021 23:16:00,0.211,92,12.8,46,984.88,9,23,57,53.812359219151794,-1.8088353560091013
05/11/2021 23:17:00,0.228,91,12.8,45,984.76,10,21,57,53.81237274975947,-1.8088612101950772
05/11/2021 23:18:00,0.265,90,12.7,45,984.86,7,18,57,53.81235275769867,-1.8087251288673598
05/11/2021 23:19:00,0.275,89,12.6,45,985.56,5,17,57,53.811946320426834,-1.80892813430367
05/11/2021 23:20:00,0.255,90,12.6,45,985.52,6,23,56,53.81190521496156,-1.809000708038319
05/11/2021 23:21:00,0.235,91,12.8,45,985.59,7,25,57,53.81215732152506,-1.809105006364263
05/11/2021 23:22:00,0.199,92,12.7,44,985.32,9,27,58,53.81222190063175,-1.8090006178089517
05/11/2021 23:23:00,0.197,92,12.6,44,985.11,9,27,57,53.812162150491375,-1.8089630675984383
05/11/2021 23:24:00,0.264,90,12.8,45,984.89,7,26,56,53.81189789667287,-1.8089785707523922
05/11/2021 23:25:00,0.288,89,12.9,45,985.26,7,21,56,53.812076019756894,-1.809020111489403
05/11/2021 23:26:00,0.397,85,13.0,45,985.3,5,16,57,53.81186598568553,-1.80937368550551
05/11/2021 23:27:00,0.397,85,13.0,45,985.52,4,19,57,53.8118931222547,-1.809261506325992
05/11/2021 23:28:00,0.384,85,12.9,44,985.13,5,22,58,53.812239977977725,-1.809304711200915
05/11/2021 23:29:00,0.272,89,12.9,44,985.19,5,24,58,53.81244991527672,-1.809540826774384
05/11/2021 23:30:00,0.225,91,13.0,44,985.26,5,23,58,53.812060767218874,-1.8097455829161357
05/11/2021 23:31:00,0.279,89,13.1,44,984.8,3,24,58,53.812169601693014,-1.809222139379459
05/11/2021 23:32:00,0.162,93,13.2,44,985.16,3,21,57,53.812453677188934,-1.8089556378179075
05/11/2021 23:33:00,0.142,94,13.2,45,985.56,5,23,58,53.812586106955735,-1.8092623440696018
05/11/2021 23:34:00,0.111,95,13.0,45,985.66,7,25,58,53.81269768261636,-1.808931318824114
05/11/2021 23:35:00,0.101,96,13.0,45,986.01,6,28,57,53.81276236073711,-1.8089730176762975
05/11/2021 23:36:00,0.188,92,13.0,44,985.84,5,29,57,53.81291975408634,-1.8091231516937176
05/11/2021 23:37:00,0.233,91,13.0,44,985.81,5,29,58,53.81315125377056,-1.8093860588541575
05/11/2021 23:38:00,0.158,94,13.0,46,986.15,7,27,58,53.81279202152466,-1.8094435486157996
05/11/2021 23:39:00,0.126,95,12.9,46,985.91,7,25,58,53.81285856814161,-1.8097625973646279
05/11/2021 23:40:00,0.068,97,13.0,45,985.66,7,25,58,53.81292223851104,-1.809546198145778
05/11/2021 23:41:00,0.165,93,13.0,45,985.1,7,26,59,53.813285961591184,-1.8094953667357232
05/11/2021 23:42:00,0.239,91,12.9,46,985.16,4,25,58,53.813269275557424,-1.8095378634703871
05/11/2021 23:43:00,0.313,88,12.9,45,985.52,,,,53.813186398587845,-1.8095675587350495
05/11/2021 23:44:00,0.283,89,12.9,45,985.28,8,30,58,53.81318945452642,-1.8095110403131156
05/11/2021 23:45:00,0.259,90,13.0,44,985.3,9,31,59,53.8130724255676,-1.8088096450382662
05/11/2021 23:46:00,0.296,88,13.0,45,985.2,11,30,60,53.813414011925936,-1.8088799432335947
05/11/2021 23:47:00,0.276,89,13.1,46,985.43,10,30,60,53.81346797397043,-1.8091784476081052
05/11/2021 23:48:00,0.201,92,13.0,46,985.33,8,31,59,53.813682903124615,-1.8090280032775516
05/11/2021 23:49:00,0.134,94,13.0,47,985.49,10,33,59,53.81385222283015,-1.8095338947104036
05/11/2021 23:50:00,0.304,88,13.0,46,985.43,8,31,59,53.813687598805096,-1.809427356616166
05/11/2021 23:51:00,0.323,87,13.0,46,985.51,9,31,60,53.813820053804946,-1.809569326886933
05/11/2021 23:52:00,0.274,89,13.0,46,985.61,6,32,60,53.813840509387006,-1.8095573328664438
05/11/2021 23:53:00,0.165,93,13.0,46,985.81,5,31,60,53.81365868488435,-1.809478627957841
05/11/2021 23:54:00,0.153,94,13.0,47,985.76,9,35,61,53.813643328224316,-1.8097917606555263
05/11/2021 23:55:00,0.15,94,12.9,46,985.48,8,32,62,53.813583007422366,-1.8097412467419607
05/11/2021 23:56:00,0.149,94,12.8,46,985.8,6,31,60,53.81365690211669,-1.8095007666584482
05/11/2021 23:57:00,0.137,94,12.9,45,985.75,8,32,60,53.81362368989793,-1.8096791087550268
05/11/2021 23:58:00,0.202,92,12.9,46,985.75,6,31,61,53.813681281629655,-1.8092495083968518
05/11/2021 23:59:00,0.2,92,12.8,46,985.85,5,32,61,53.81370628403543,-1.8091814527802184
